resourceId,resourceType,field,locale,old_url,new_url
gid://shopify/Product/10034022580554,PRODUCT,body_html,de,https://www.eclore.se/collections/eclore,https://www.eclore.se/de/collections/eclore
gid://shopify/Product/10034022580554,PRODUCT,body_html,de,https://www.eclore.se/collections/ansiktsvard,https://www.eclore.se/de/collections/ansiktsvard
gid://shopify/Product/10034022580554,PRODUCT,body_html,fi,https://www.eclore.se/collections/eclore,https://www.eclore.se/fi/collections/eclore
gid://shopify/Product/10034022580554,PRODUCT,body_html,fi,https://www.eclore.se/collections/ansiktsvard,https://www.eclore.se/fi/collections/ansiktsvard
gid://shopify/Product/10034061181258,PRODUCT,body_html,de,https://www.eclore.se/collections/serum,https://www.eclore.se/de/collections/serum
gid://shopify/Product/10034061181258,PRODUCT,body_html,de,https://www.eclore.se/collections/ansiktsvard,https://www.eclore.se/de/collections/ansiktsvard
gid://shopify/Product/10034061181258,PRODUCT,body_html,de,https://www.eclore.se/collections/anti-age,https://www.eclore.se/de/collections/anti-age
gid://shopify/Product/10034061181258,PRODUCT,body_html,fi,https://www.eclore.se/collections/serum,https://www.eclore.se/fi/collections/serum
gid://shopify/Product/10034061181258,PRODUCT,body_html,fi,https://www.eclore.se/collections/ansiktsvard,https://www.eclore.se/fi/collections/ansiktsvard
gid://shopify/Product/10034061181258,PRODUCT,body_html,fi,https://www.eclore.se/collections/anti-age,https://www.eclore.se/fi/collections/anti-age
gid://shopify/Product/10034061640010,PRODUCT,body_html,de,https://www.eclore.se/collections/ansiktsvard,https://www.eclore.se/de/collections/ansiktsvard
gid://shopify/Product/10034061640010,PRODUCT,body_html,de,https://www.eclore.se/collections/kroppsvard,https://www.eclore.se/de/collections/kroppsvard
gid://shopify/Product/10034061640010,PRODUCT,body_html,de,https://www.eclore.se/collections/eclore,https://www.eclore.se/de/collections/eclore
gid://shopify/Product/10034061640010,PRODUCT,body_html,fi,https://www.eclore.se/collections/ansiktsvard,https://www.eclore.se/fi/collections/ansiktsvard
gid://shopify/Product/10034061640010,PRODUCT,body_html,fi,https://www.eclore.se/collections/kroppsvard,https://www.eclore.se/fi/collections/kroppsvard
gid://shopify/Product/10034061640010,PRODUCT,body_html,fi,https://www.eclore.se/collections/eclore,https://www.eclore.se/fi/collections/eclore
gid://shopify/Product/10034063671626,PRODUCT,body_html,de,https://www.eclore.se/collections/serum,https://www.eclore.se/de/collections/serum
gid://shopify/Product/10034063671626,PRODUCT,body_html,de,https://www.eclore.se/collections/eclore,https://www.eclore.se/de/collections/eclore
gid://shopify/Product/10034063671626,PRODUCT,body_html,de,https://www.eclore.se/collections/ansiktsvard,https://www.eclore.se/de/collections/ansiktsvard
gid://shopify/Product/10034063671626,PRODUCT,body_html,fi,https://www.eclore.se/collections/serum,https://www.eclore.se/fi/collections/serum
gid://shopify/Product/10034063671626,PRODUCT,body_html,fi,https://www.eclore.se/collections/eclore,https://www.eclore.se/fi/collections/eclore
gid://shopify/Product/10034063671626,PRODUCT,body_html,fi,https://www.eclore.se/collections/ansiktsvard,https://www.eclore.se/fi/collections/ansiktsvard
gid://shopify/Product/10034063704394,PRODUCT,body_html,de,https://www.eclore.se/collections/ansiktsvard,https://www.eclore.se/de/collections/ansiktsvard
gid://shopify/Product/10034063704394,PRODUCT,body_html,de,https://www.eclore.se/collections/serum,https://www.eclore.se/de/collections/serum
gid://shopify/Product/10034063704394,PRODUCT,body_html,de,https://www.eclore.se/collections/eclore,https://www.eclore.se/de/collections/eclore
gid://shopify/Product/10034063704394,PRODUCT,body_html,fi,https://www.eclore.se/collections/ansiktsvard,https://www.eclore.se/fi/collections/ansiktsvard
gid://shopify/Product/10034063704394,PRODUCT,body_html,fi,https://www.eclore.se/collections/serum,https://www.eclore.se/fi/collections/serum
gid://shopify/Product/10034063704394,PRODUCT,body_html,fi,https://www.eclore.se/collections/eclore,https://www.eclore.se/fi/collections/eclore
gid://shopify/Product/10034065867082,PRODUCT,body_html,de,https://www.eclore.se/collections/ansiktsvard,https://www.eclore.se/de/collections/ansiktsvard
gid://shopify/Product/10034065867082,PRODUCT,body_html,de,https://www.eclore.se/collections/anti-age,https://www.eclore.se/de/collections/anti-age
gid://shopify/Product/10034065867082,PRODUCT,body_html,fi,https://www.eclore.se/collections/ansiktsvard,https://www.eclore.se/fi/collections/ansiktsvard
gid://shopify/Product/10034065867082,PRODUCT,body_html,fi,https://www.eclore.se/collections/anti-age,https://www.eclore.se/fi/collections/anti-age
gid://shopify/Product/10052086202698,PRODUCT,body_html,de,https://www.eclore.se/collections/ansiktsvard,https://www.eclore.se/de/collections/ansiktsvard
gid://shopify/Product/10052086202698,PRODUCT,body_html,de,https://www.eclore.se/collections/ansiktsmask,https://www.eclore.se/de/collections/ansiktsmask
gid://shopify/Product/10052086202698,PRODUCT,body_html,de,https://www.eclore.se/collections/eclore,https://www.eclore.se/de/collections/eclore
gid://shopify/Product/10052086202698,PRODUCT,body_html,fi,https://www.eclore.se/collections/ansiktsvard,https://www.eclore.se/fi/collections/ansiktsvard
gid://shopify/Product/10052086202698,PRODUCT,body_html,fi,https://www.eclore.se/collections/ansiktsmask,https://www.eclore.se/fi/collections/ansiktsmask
gid://shopify/Product/10052086202698,PRODUCT,body_html,fi,https://www.eclore.se/collections/eclore,https://www.eclore.se/fi/collections/eclore
gid://shopify/Product/10052087087434,PRODUCT,body_html,de,https://www.eclore.se/collections/ansiktsvard,https://www.eclore.se/de/collections/ansiktsvard
gid://shopify/Product/10052087087434,PRODUCT,body_html,de,https://www.eclore.se/collections/eclore,https://www.eclore.se/de/collections/eclore
gid://shopify/Product/10052087087434,PRODUCT,body_html,de,https://www.eclore.se/collections/serum,https://www.eclore.se/de/collections/serum
gid://shopify/Product/10052087087434,PRODUCT,body_html,fi,https://www.eclore.se/collections/ansiktsvard,https://www.eclore.se/fi/collections/ansiktsvard
gid://shopify/Product/10052087087434,PRODUCT,body_html,fi,https://www.eclore.se/collections/serum,https://www.eclore.se/fi/collections/serum
gid://shopify/Product/10052087087434,PRODUCT,body_html,fi,https://www.eclore.se/collections/eclore,https://www.eclore.se/fi/collections/eclore
gid://shopify/Product/10052087710026,PRODUCT,body_html,de,https://www.eclore.se/collections/ansiktsvard,https://www.eclore.se/de/collections/ansiktsvard
gid://shopify/Product/10052087710026,PRODUCT,body_html,de,https://www.eclore.se/collections/eclore,https://www.eclore.se/de/collections/eclore
gid://shopify/Product/10052087710026,PRODUCT,body_html,de,https://www.eclore.se/collections/ansiktsmask,https://www.eclore.se/de/collections/ansiktsmask
gid://shopify/Product/10052087710026,PRODUCT,body_html,fi,https://www.eclore.se/collections/ansiktsvard,https://www.eclore.se/fi/collections/ansiktsvard
gid://shopify/Product/10052087710026,PRODUCT,body_html,fi,https://www.eclore.se/collections/eclore,https://www.eclore.se/fi/collections/eclore
gid://shopify/Product/10052087710026,PRODUCT,body_html,fi,https://www.eclore.se/collections/ansiktsmask,https://www.eclore.se/fi/collections/ansiktsmask
gid://shopify/Product/10052087775562,PRODUCT,body_html,de,https://www.eclore.se/collections/ansiktsvard,https://www.eclore.se/de/collections/ansiktsvard
gid://shopify/Product/10052087775562,PRODUCT,body_html,de,https://www.eclore.se/collections/naturlig-hudv%C3%A5rd,https://www.eclore.se/de/collections/naturlig-hudv%C3%A5rd
gid://shopify/Product/10052087775562,PRODUCT,body_html,de,https://www.eclore.se/collections/serum,https://www.eclore.se/de/collections/serum
gid://shopify/Product/10052087775562,PRODUCT,body_html,fi,https://www.eclore.se/collections/ansiktsvard,https://www.eclore.se/fi/collections/ansiktsvard
gid://shopify/Product/10052087775562,PRODUCT,body_html,fi,https://www.eclore.se/collections/naturlig-hudv%C3%A5rd,https://www.eclore.se/fi/collections/naturlig-hudv%C3%A5rd
gid://shopify/Product/10052087775562,PRODUCT,body_html,fi,https://www.eclore.se/collections/serum,https://www.eclore.se/fi/collections/serum
gid://shopify/Product/10052087808330,PRODUCT,body_html,de,https://www.eclore.se/collections/ansiktsvard,https://www.eclore.se/de/collections/ansiktsvard
gid://shopify/Product/10052087808330,PRODUCT,body_html,de,https://www.eclore.se/collections/serum,https://www.eclore.se/de/collections/serum
gid://shopify/Product/10052087808330,PRODUCT,body_html,de,https://www.eclore.se/collections/eclore,https://www.eclore.se/de/collections/eclore
gid://shopify/Product/10052087808330,PRODUCT,body_html,fi,https://www.eclore.se/collections/ansiktsvard,https://www.eclore.se/fi/collections/ansiktsvard
gid://shopify/Product/10052087808330,PRODUCT,body_html,fi,https://www.eclore.se/collections/serum,https://www.eclore.se/fi/collections/serum
gid://shopify/Product/10052087808330,PRODUCT,body_html,fi,https://www.eclore.se/collections/eclore,https://www.eclore.se/fi/collections/eclore
gid://shopify/Product/10052087841098,PRODUCT,body_html,de,https://www.eclore.se/collections/ansiktsvard,https://www.eclore.se/de/collections/ansiktsvard
gid://shopify/Product/10052087841098,PRODUCT,body_html,de,https://www.eclore.se/collections/serum,https://www.eclore.se/de/collections/serum
gid://shopify/Product/10052087841098,PRODUCT,body_html,de,https://www.eclore.se/collections/anti-age,https://www.eclore.se/de/collections/anti-age
gid://shopify/Product/10052087841098,PRODUCT,body_html,fi,https://www.eclore.se/collections/ansiktsvard,https://www.eclore.se/fi/collections/ansiktsvard
gid://shopify/Product/10052087841098,PRODUCT,body_html,fi,https://www.eclore.se/collections/serum,https://www.eclore.se/fi/collections/serum
gid://shopify/Product/10052087841098,PRODUCT,body_html,fi,https://www.eclore.se/collections/anti-age,https://www.eclore.se/fi/collections/anti-age
gid://shopify/Product/10052088889674,PRODUCT,body_html,de,https://www.eclore.se/collections/ansiktsvard,https://www.eclore.se/de/collections/ansiktsvard
gid://shopify/Product/10052088889674,PRODUCT,body_html,de,https://www.eclore.se/collections/serum,https://www.eclore.se/de/collections/serum
gid://shopify/Product/10052088889674,PRODUCT,body_html,de,https://www.eclore.se/collections/eclore,https://www.eclore.se/de/collections/eclore
gid://shopify/Product/10052088889674,PRODUCT,body_html,fi,https://www.eclore.se/collections/ansiktsvard,https://www.eclore.se/fi/collections/ansiktsvard
gid://shopify/Product/10052088889674,PRODUCT,body_html,fi,https://www.eclore.se/collections/serum,https://www.eclore.se/fi/collections/serum
gid://shopify/Product/10052088889674,PRODUCT,body_html,fi,https://www.eclore.se/collections/eclore,https://www.eclore.se/fi/collections/eclore
gid://shopify/Product/10052088922442,PRODUCT,body_html,de,https://www.eclore.se/collections/anti-age,https://www.eclore.se/de/collections/anti-age
gid://shopify/Product/10052088922442,PRODUCT,body_html,de,https://www.eclore.se/collections/ansiktsvard,https://www.eclore.se/de/collections/ansiktsvard
gid://shopify/Product/10052088922442,PRODUCT,body_html,de,https://www.eclore.se/collections/serum,https://www.eclore.se/de/collections/serum
gid://shopify/Product/10052088922442,PRODUCT,body_html,fi,https://www.eclore.se/collections/anti-age,https://www.eclore.se/fi/collections/anti-age
gid://shopify/Product/10052088922442,PRODUCT,body_html,fi,https://www.eclore.se/collections/ansiktsvard,https://www.eclore.se/fi/collections/ansiktsvard
gid://shopify/Product/10052088922442,PRODUCT,body_html,fi,https://www.eclore.se/collections/serum,https://www.eclore.se/fi/collections/serum
gid://shopify/Product/10052089741642,PRODUCT,body_html,de,https://www.eclore.se/collections/ansiktsvard,https://www.eclore.se/de/collections/ansiktsvard
gid://shopify/Product/10052089741642,PRODUCT,body_html,de,https://www.eclore.se/collections/eclore,https://www.eclore.se/de/collections/eclore
gid://shopify/Product/10052089741642,PRODUCT,body_html,fi,https://www.eclore.se/collections/ansiktsvard,https://www.eclore.se/fi/collections/ansiktsvard
gid://shopify/Product/10052089741642,PRODUCT,body_html,fi,https://www.eclore.se/collections/eclore,https://www.eclore.se/fi/collections/eclore
gid://shopify/Product/10052089774410,PRODUCT,body_html,de,https://www.eclore.se/collections/ansiktsvard,https://www.eclore.se/de/collections/ansiktsvard
gid://shopify/Product/10052089774410,PRODUCT,body_html,de,https://www.eclore.se/collections/eclore,https://www.eclore.se/de/collections/eclore
gid://shopify/Product/10052089774410,PRODUCT,body_html,de,https://www.eclore.se/collections/serum,https://www.eclore.se/de/collections/serum
gid://shopify/Product/10052089774410,PRODUCT,body_html,fi,https://www.eclore.se/collections/ansiktsvard,https://www.eclore.se/fi/collections/ansiktsvard
gid://shopify/Product/10052089774410,PRODUCT,body_html,fi,https://www.eclore.se/collections/eclore,https://www.eclore.se/fi/collections/eclore
gid://shopify/Product/10052089774410,PRODUCT,body_html,fi,https://www.eclore.se/collections/serum,https://www.eclore.se/fi/collections/serum
gid://shopify/Product/10052089807178,PRODUCT,body_html,de,https://www.eclore.se/collections/ansiktsvard,https://www.eclore.se/de/collections/ansiktsvard
gid://shopify/Product/10052089807178,PRODUCT,body_html,de,https://www.eclore.se/collections/anti-age,https://www.eclore.se/de/collections/anti-age
gid://shopify/Product/10052089807178,PRODUCT,body_html,de,https://www.eclore.se/collections/eclore,https://www.eclore.se/de/collections/eclore
gid://shopify/Product/10052089807178,PRODUCT,body_html,fi,https://www.eclore.se/collections/ansiktsvard,https://www.eclore.se/fi/collections/ansiktsvard
gid://shopify/Product/10052089807178,PRODUCT,body_html,fi,https://www.eclore.se/collections/anti-age,https://www.eclore.se/fi/collections/anti-age
gid://shopify/Product/10052089807178,PRODUCT,body_html,fi,https://www.eclore.se/collections/eclore,https://www.eclore.se/fi/collections/eclore
gid://shopify/Product/10052090528074,PRODUCT,body_html,de,https://www.eclore.se/collections/ansiktsmask,https://www.eclore.se/de/collections/ansiktsmask
gid://shopify/Product/10052090528074,PRODUCT,body_html,de,https://www.eclore.se/collections/serum,https://www.eclore.se/de/collections/serum
gid://shopify/Product/10052090528074,PRODUCT,body_html,de,https://www.eclore.se/collections/anti-age,https://www.eclore.se/de/collections/anti-age
gid://shopify/Product/10052090528074,PRODUCT,body_html,fi,https://www.eclore.se/collections/ansiktsmask,https://www.eclore.se/fi/collections/ansiktsmask
gid://shopify/Product/10052090528074,PRODUCT,body_html,fi,https://www.eclore.se/collections/serum,https://www.eclore.se/fi/collections/serum
gid://shopify/Product/10052090528074,PRODUCT,body_html,fi,https://www.eclore.se/collections/anti-age,https://www.eclore.se/fi/collections/anti-age
gid://shopify/Product/10052090560842,PRODUCT,body_html,de,https://www.eclore.se/collections/serum,https://www.eclore.se/de/collections/serum
gid://shopify/Product/10052090560842,PRODUCT,body_html,de,https://www.eclore.se/collections/ansiktsvard,https://www.eclore.se/de/collections/ansiktsvard
gid://shopify/Product/10052090560842,PRODUCT,body_html,de,https://www.eclore.se/collections/anti-age,https://www.eclore.se/de/collections/anti-age
gid://shopify/Product/10052090560842,PRODUCT,body_html,fi,https://www.eclore.se/collections/serum,https://www.eclore.se/fi/collections/serum
gid://shopify/Product/10052090560842,PRODUCT,body_html,fi,https://www.eclore.se/collections/ansiktsvard,https://www.eclore.se/fi/collections/ansiktsvard
gid://shopify/Product/10052090560842,PRODUCT,body_html,fi,https://www.eclore.se/collections/anti-age,https://www.eclore.se/fi/collections/anti-age
gid://shopify/Product/10052090593610,PRODUCT,body_html,de,https://www.eclore.se/collections/anti-age,https://www.eclore.se/de/collections/anti-age
gid://shopify/Product/10052090593610,PRODUCT,body_html,de,https://www.eclore.se/collections/ansiktsvard,https://www.eclore.se/de/collections/ansiktsvard
gid://shopify/Product/10052090593610,PRODUCT,body_html,fi,https://www.eclore.se/collections/anti-age,https://www.eclore.se/fi/collections/anti-age
gid://shopify/Product/10052090593610,PRODUCT,body_html,fi,https://www.eclore.se/collections/ansiktsvard,https://www.eclore.se/fi/collections/ansiktsvard
gid://shopify/Product/10060632850762,PRODUCT,body_html,de,https://www.eclore.se/collections/harvard,https://www.eclore.se/de/collections/harvard
gid://shopify/Product/10060632850762,PRODUCT,body_html,de,https://www.eclore.se/collections/eclore,https://www.eclore.se/de/collections/eclore
gid://shopify/Product/10060632850762,PRODUCT,body_html,fi,https://www.eclore.se/collections/harvard,https://www.eclore.se/fi/collections/harvard
gid://shopify/Product/10060632850762,PRODUCT,body_html,fi,https://www.eclore.se/collections/eclore,https://www.eclore.se/fi/collections/eclore
gid://shopify/Product/10060633604426,PRODUCT,body_html,de,https://www.eclore.se/collections/kroppsvard,https://www.eclore.se/de/collections/kroppsvard
gid://shopify/Product/10060633604426,PRODUCT,body_html,de,https://www.eclore.se/collections/eclore,https://www.eclore.se/de/collections/eclore
gid://shopify/Product/10060633604426,PRODUCT,body_html,fi,https://www.eclore.se/collections/kroppsvard,https://www.eclore.se/fi/collections/kroppsvard
gid://shopify/Product/10060633604426,PRODUCT,body_html,fi,https://www.eclore.se/collections/eclore,https://www.eclore.se/fi/collections/eclore
gid://shopify/Product/10061567787338,PRODUCT,body_html,de,https://www.eclore.se/products/shampoo-rabarb-med-aloe-extract-250-ml,https://www.eclore.se/de/products/shampoo-rabarb-med-aloe-extract-250-ml
gid://shopify/Product/10061567787338,PRODUCT,body_html,de,https://www.eclore.se/collections/harinpackning,https://www.eclore.se/de/collections/harinpackning
gid://shopify/Product/10061567787338,PRODUCT,body_html,de,https://www.eclore.se/collections/harvard,https://www.eclore.se/de/collections/harvard
gid://shopify/Product/10061567787338,PRODUCT,body_html,fi,https://www.eclore.se/products/shampoo-rabarb-med-aloe-extract-250-ml,https://www.eclore.se/fi/products/shampoo-rabarb-med-aloe-extract-250-ml
gid://shopify/Product/10061567787338,PRODUCT,body_html,fi,https://www.eclore.se/collections/harinpackning,https://www.eclore.se/fi/collections/harinpackning
gid://shopify/Product/10061567787338,PRODUCT,body_html,fi,https://www.eclore.se/collections/harvard,https://www.eclore.se/fi/collections/harvard
gid://shopify/Product/10061569786186,PRODUCT,body_html,de,https://www.eclore.se/collections/kroppsvard,https://www.eclore.se/de/collections/kroppsvard
gid://shopify/Product/10061569786186,PRODUCT,body_html,de,https://www.eclore.se/collections/doftljus,https://www.eclore.se/de/collections/doftljus
gid://shopify/Product/10061569786186,PRODUCT,body_html,de,https://www.eclore.se/collections/bodyscrub,https://www.eclore.se/de/collections/bodyscrub
gid://shopify/Product/10061569786186,PRODUCT,body_html,fi,https://www.eclore.se/collections/kroppsvard,https://www.eclore.se/fi/collections/kroppsvard
gid://shopify/Product/10061569786186,PRODUCT,body_html,fi,https://www.eclore.se/collections/doftljus,https://www.eclore.se/fi/collections/doftljus
gid://shopify/Product/10061569786186,PRODUCT,body_html,fi,https://www.eclore.se/collections/bodyscrub,https://www.eclore.se/fi/collections/bodyscrub
gid://shopify/Product/10061569818954,PRODUCT,body_html,de,https://www.eclore.se/collections/kroppsvard,https://www.eclore.se/de/collections/kroppsvard
gid://shopify/Product/10061569818954,PRODUCT,body_html,de,https://www.eclore.se/collections/bodyscrub,https://www.eclore.se/de/collections/bodyscrub
gid://shopify/Product/10061569818954,PRODUCT,body_html,fi,https://www.eclore.se/collections/kroppsvard,https://www.eclore.se/fi/collections/kroppsvard
gid://shopify/Product/10061569818954,PRODUCT,body_html,fi,https://www.eclore.se/collections/bodyscrub,https://www.eclore.se/fi/collections/bodyscrub
gid://shopify/Product/10061569851722,PRODUCT,body_html,de,https://www.eclore.se/collections/ansiktsvard,https://www.eclore.se/de/collections/ansiktsvard
gid://shopify/Product/10061569851722,PRODUCT,body_html,de,https://www.eclore.se/collections/eclore,https://www.eclore.se/de/collections/eclore
gid://shopify/Product/10061569851722,PRODUCT,body_html,de,https://www.eclore.se/collections/serum,https://www.eclore.se/de/collections/serum
gid://shopify/Product/10061569851722,PRODUCT,body_html,fi,https://www.eclore.se/collections/ansiktsvard,https://www.eclore.se/fi/collections/ansiktsvard
gid://shopify/Product/10061569851722,PRODUCT,body_html,fi,https://www.eclore.se/collections/eclore,https://www.eclore.se/fi/collections/eclore
gid://shopify/Product/10061569851722,PRODUCT,body_html,fi,https://www.eclore.se/collections/serum,https://www.eclore.se/fi/collections/serum
gid://shopify/Product/10061571850570,PRODUCT,body_html,de,https://www.eclore.se/collections/serum,https://www.eclore.se/de/collections/serum
gid://shopify/Product/10061571850570,PRODUCT,body_html,de,https://www.eclore.se/collections/ansiktsvard,https://www.eclore.se/de/collections/ansiktsvard
gid://shopify/Product/10061571850570,PRODUCT,body_html,de,https://www.eclore.se/collections/anti-age,https://www.eclore.se/de/collections/anti-age
gid://shopify/Product/10061571850570,PRODUCT,body_html,fi,https://www.eclore.se/collections/serum,https://www.eclore.se/fi/collections/serum
gid://shopify/Product/10061571850570,PRODUCT,body_html,fi,https://www.eclore.se/collections/ansiktsvard,https://www.eclore.se/fi/collections/ansiktsvard
gid://shopify/Product/10061571850570,PRODUCT,body_html,fi,https://www.eclore.se/collections/anti-age,https://www.eclore.se/fi/collections/anti-age
gid://shopify/Product/10061571883338,PRODUCT,body_html,de,https://www.eclore.se/collections/kroppsvard,https://www.eclore.se/de/collections/kroppsvard
gid://shopify/Product/10061571883338,PRODUCT,body_html,de,https://www.eclore.se/collections/eclore,https://www.eclore.se/de/collections/eclore
gid://shopify/Product/10061571883338,PRODUCT,body_html,de,https://www.eclore.se/collections/doftljus,https://www.eclore.se/de/collections/doftljus
gid://shopify/Product/10061571883338,PRODUCT,body_html,fi,https://www.eclore.se/collections/kroppsvard,https://www.eclore.se/fi/collections/kroppsvard
gid://shopify/Product/10061571883338,PRODUCT,body_html,fi,https://www.eclore.se/collections/eclore,https://www.eclore.se/fi/collections/eclore
gid://shopify/Product/10061571883338,PRODUCT,body_html,fi,https://www.eclore.se/collections/doftljus,https://www.eclore.se/fi/collections/doftljus
gid://shopify/Product/10061572997450,PRODUCT,body_html,de,https://www.eclore.se/products/volumizing-solid-conditioner-with-linden-flower-extract,https://www.eclore.se/de/products/volumizing-solid-conditioner-with-linden-flower-extract
gid://shopify/Product/10061572997450,PRODUCT,body_html,de,https://www.eclore.se/collections/harbotten,https://www.eclore.se/de/collections/harbotten
gid://shopify/Product/10061572997450,PRODUCT,body_html,de,https://www.eclore.se/collections/schampo-balsam,https://www.eclore.se/de/collections/schampo-balsam
gid://shopify/Product/10061572997450,PRODUCT,body_html,fi,https://www.eclore.se/products/volumizing-solid-conditioner-with-linden-flower-extract,https://www.eclore.se/fi/products/volumizing-solid-conditioner-with-linden-flower-extract
gid://shopify/Product/10061572997450,PRODUCT,body_html,fi,https://www.eclore.se/collections/harbotten,https://www.eclore.se/fi/collections/harbotten
gid://shopify/Product/10061572997450,PRODUCT,body_html,fi,https://www.eclore.se/collections/schampo-balsam,https://www.eclore.se/fi/collections/schampo-balsam
gid://shopify/Product/10061573030218,PRODUCT,body_html,de,https://www.eclore.se/collections/kroppsvard,https://www.eclore.se/de/collections/kroppsvard
gid://shopify/Product/10061573030218,PRODUCT,body_html,fi,https://www.eclore.se/collections/kroppsvard,https://www.eclore.se/fi/collections/kroppsvard
gid://shopify/Product/10061574472010,PRODUCT,body_html,de,https://www.eclore.se/products/shampoo-rabarb-med-aloe-extract-250-ml,https://www.eclore.se/de/products/shampoo-rabarb-med-aloe-extract-250-ml
gid://shopify/Product/10061574472010,PRODUCT,body_html,de,https://www.eclore.se/products/rhubarb-hair-mask-with-castor-oil-250-ml,https://www.eclore.se/de/products/rhubarb-hair-mask-with-castor-oil-250-ml
gid://shopify/Product/10061574472010,PRODUCT,body_html,de,https://www.eclore.se/collections/schampo-balsam,https://www.eclore.se/de/collections/schampo-balsam
gid://shopify/Product/10061574472010,PRODUCT,body_html,de,https://www.eclore.se/collections/harvard,https://www.eclore.se/de/collections/harvard
gid://shopify/Product/10061574472010,PRODUCT,body_html,fi,https://www.eclore.se/products/shampoo-rabarb-med-aloe-extract-250-ml,https://www.eclore.se/fi/products/shampoo-rabarb-med-aloe-extract-250-ml
gid://shopify/Product/10061574472010,PRODUCT,body_html,fi,https://www.eclore.se/products/rhubarb-hair-mask-with-castor-oil-250-ml,https://www.eclore.se/fi/products/rhubarb-hair-mask-with-castor-oil-250-ml
gid://shopify/Product/10061574472010,PRODUCT,body_html,fi,https://www.eclore.se/collections/schampo-balsam,https://www.eclore.se/fi/collections/schampo-balsam
gid://shopify/Product/10061574472010,PRODUCT,body_html,fi,https://www.eclore.se/collections/harvard,https://www.eclore.se/fi/collections/harvard
gid://shopify/Product/10061574504778,PRODUCT,body_html,de,https://www.eclore.se/collections/ansiktsvard,https://www.eclore.se/de/collections/ansiktsvard
gid://shopify/Product/10061574504778,PRODUCT,body_html,de,https://www.eclore.se/collections/eclore,https://www.eclore.se/de/collections/eclore
gid://shopify/Product/10061574504778,PRODUCT,body_html,de,https://www.eclore.se/collections/anti-age,https://www.eclore.se/de/collections/anti-age
gid://shopify/Product/10061574504778,PRODUCT,body_html,fi,https://www.eclore.se/collections/ansiktsvard,https://www.eclore.se/fi/collections/ansiktsvard
gid://shopify/Product/10061574504778,PRODUCT,body_html,fi,https://www.eclore.se/collections/eclore,https://www.eclore.se/fi/collections/eclore
gid://shopify/Product/10061574504778,PRODUCT,body_html,fi,https://www.eclore.se/collections/anti-age,https://www.eclore.se/fi/collections/anti-age
gid://shopify/Product/10080848511306,PRODUCT,body_html,de,https://www.eclore.se/collections/kroppsvard,https://www.eclore.se/de/collections/kroppsvard
gid://shopify/Product/10080848511306,PRODUCT,body_html,de,https://www.eclore.se/collections/eclore,https://www.eclore.se/de/collections/eclore
gid://shopify/Product/10080848511306,PRODUCT,body_html,fi,https://www.eclore.se/collections/kroppsvard,https://www.eclore.se/fi/collections/kroppsvard
gid://shopify/Product/10080848511306,PRODUCT,body_html,fi,https://www.eclore.se/collections/eclore,https://www.eclore.se/fi/collections/eclore
gid://shopify/Product/10080849756490,PRODUCT,body_html,de,https://www.eclore.se/collections/kroppsvard,https://www.eclore.se/de/collections/kroppsvard
gid://shopify/Product/10080849756490,PRODUCT,body_html,de,https://www.eclore.se/collections/bodyscrub,https://www.eclore.se/de/collections/bodyscrub
gid://shopify/Product/10080849756490,PRODUCT,body_html,de,https://www.eclore.se/collections/eclore,https://www.eclore.se/de/collections/eclore
gid://shopify/Product/10080849756490,PRODUCT,body_html,fi,https://www.eclore.se/collections/kroppsvard,https://www.eclore.se/fi/collections/kroppsvard
gid://shopify/Product/10080849756490,PRODUCT,body_html,fi,https://www.eclore.se/collections/bodyscrub,https://www.eclore.se/fi/collections/bodyscrub
gid://shopify/Product/10080849756490,PRODUCT,body_html,fi,https://www.eclore.se/collections/eclore,https://www.eclore.se/fi/collections/eclore
gid://shopify/Product/10080849789258,PRODUCT,body_html,de,https://www.eclore.se/collections/kroppsvard,https://www.eclore.se/de/collections/kroppsvard
gid://shopify/Product/10080849789258,PRODUCT,body_html,de,https://www.eclore.se/collections/eclore,https://www.eclore.se/de/collections/eclore
gid://shopify/Product/10080849789258,PRODUCT,body_html,fi,https://www.eclore.se/collections/kroppsvard,https://www.eclore.se/fi/collections/kroppsvard
gid://shopify/Product/10080849789258,PRODUCT,body_html,fi,https://www.eclore.se/collections/eclore,https://www.eclore.se/fi/collections/eclore
gid://shopify/Product/10080851951946,PRODUCT,body_html,de,https://www.eclore.se/collections/kroppsvard,https://www.eclore.se/de/collections/kroppsvard
gid://shopify/Product/10080851951946,PRODUCT,body_html,de,https://www.eclore.se/collections/eclore,https://www.eclore.se/de/collections/eclore
gid://shopify/Product/10080851951946,PRODUCT,body_html,fi,https://www.eclore.se/collections/kroppsvard,https://www.eclore.se/fi/collections/kroppsvard
gid://shopify/Product/10080851951946,PRODUCT,body_html,fi,https://www.eclore.se/collections/eclore,https://www.eclore.se/fi/collections/eclore
gid://shopify/Product/10080852902218,PRODUCT,body_html,de,https://www.eclore.se/collections/kroppsvard,https://www.eclore.se/de/collections/kroppsvard
gid://shopify/Product/10080852902218,PRODUCT,body_html,de,https://www.eclore.se/collections/bodyscrub,https://www.eclore.se/de/collections/bodyscrub
gid://shopify/Product/10080852902218,PRODUCT,body_html,de,https://www.eclore.se/collections/eclore,https://www.eclore.se/de/collections/eclore
gid://shopify/Product/10080852902218,PRODUCT,body_html,fi,https://www.eclore.se/collections/kroppsvard,https://www.eclore.se/fi/collections/kroppsvard
gid://shopify/Product/10080852902218,PRODUCT,body_html,fi,https://www.eclore.se/collections/bodyscrub,https://www.eclore.se/fi/collections/bodyscrub
gid://shopify/Product/10080852902218,PRODUCT,body_html,fi,https://www.eclore.se/collections/eclore,https://www.eclore.se/fi/collections/eclore
gid://shopify/Product/10080853655882,PRODUCT,body_html,de,https://www.eclore.se/collections/kroppsvard,https://www.eclore.se/de/collections/kroppsvard
gid://shopify/Product/10080853655882,PRODUCT,body_html,de,https://www.eclore.se/collections/naturlig-hudvard,https://www.eclore.se/de/collections/naturlig-hudvard
gid://shopify/Product/10080853655882,PRODUCT,body_html,de,https://www.eclore.se/collections/bodyscrub,https://www.eclore.se/de/collections/bodyscrub
gid://shopify/Product/10080853655882,PRODUCT,body_html,fi,https://www.eclore.se/collections/kroppsvard,https://www.eclore.se/fi/collections/kroppsvard
gid://shopify/Product/10080853655882,PRODUCT,body_html,fi,https://www.eclore.se/collections/naturlig-hudvard,https://www.eclore.se/fi/collections/naturlig-hudvard
gid://shopify/Product/10080853655882,PRODUCT,body_html,fi,https://www.eclore.se/collections/bodyscrub,https://www.eclore.se/fi/collections/bodyscrub
gid://shopify/Product/10080853688650,PRODUCT,body_html,de,https://www.eclore.se/collections/kroppsvard,https://www.eclore.se/de/collections/kroppsvard
gid://shopify/Product/10080853688650,PRODUCT,body_html,de,https://www.eclore.se/collections/eclore,https://www.eclore.se/de/collections/eclore
gid://shopify/Product/10080853688650,PRODUCT,body_html,de,https://www.eclore.se/collections/bodyscrub,https://www.eclore.se/de/collections/bodyscrub
gid://shopify/Product/10080853688650,PRODUCT,body_html,de,https://www.eclore.se/blogs/nyheter/body-scrub,https://www.eclore.se/de/blogs/nyheter/body-scrub
gid://shopify/Product/10080853688650,PRODUCT,body_html,fi,https://www.eclore.se/collections/kroppsvard,https://www.eclore.se/fi/collections/kroppsvard
gid://shopify/Product/10080853688650,PRODUCT,body_html,fi,https://www.eclore.se/collections/eclore,https://www.eclore.se/fi/collections/eclore
gid://shopify/Product/10080853688650,PRODUCT,body_html,fi,https://www.eclore.se/collections/bodyscrub,https://www.eclore.se/fi/collections/bodyscrub
gid://shopify/Product/10080853688650,PRODUCT,body_html,fi,https://www.eclore.se/blogs/nyheter/body-scrub,https://www.eclore.se/fi/blogs/nyheter/body-scrub
gid://shopify/Product/10080853721418,PRODUCT,body_html,de,https://www.eclore.se/collections/kroppsvard,https://www.eclore.se/de/collections/kroppsvard
gid://shopify/Product/10080853721418,PRODUCT,body_html,fi,https://www.eclore.se/collections/kroppsvard,https://www.eclore.se/fi/collections/kroppsvard
gid://shopify/Product/10081143030090,PRODUCT,body_html,de,https://www.eclore.se/products/rhubarb-hair-mask-with-castor-oil-250-ml,https://www.eclore.se/de/products/rhubarb-hair-mask-with-castor-oil-250-ml
gid://shopify/Product/10081143030090,PRODUCT,body_html,de,https://www.eclore.se/collections/harbotten,https://www.eclore.se/de/collections/harbotten
gid://shopify/Product/10081143030090,PRODUCT,body_html,de,https://www.eclore.se/collections/schampo-balsam,https://www.eclore.se/de/collections/schampo-balsam
gid://shopify/Product/10081143030090,PRODUCT,body_html,fi,https://www.eclore.se/products/rhubarb-hair-mask-with-castor-oil-250-ml,https://www.eclore.se/fi/products/rhubarb-hair-mask-with-castor-oil-250-ml
gid://shopify/Product/10081143030090,PRODUCT,body_html,fi,https://www.eclore.se/collections/harbotten,https://www.eclore.se/fi/collections/harbotten
gid://shopify/Product/10081143030090,PRODUCT,body_html,fi,https://www.eclore.se/collections/schampo-balsam,https://www.eclore.se/fi/collections/schampo-balsam
gid://shopify/Product/10081143783754,PRODUCT,body_html,de,https://www.eclore.se/products/lindblomsshampo-med-bjorkextrakt,https://www.eclore.se/de/products/lindblomsshampo-med-bjorkextrakt
gid://shopify/Product/10081143783754,PRODUCT,body_html,de,https://www.eclore.se/collections/schampo-balsam,https://www.eclore.se/de/collections/schampo-balsam
gid://shopify/Product/10081143783754,PRODUCT,body_html,de,https://www.eclore.se/collections/harvard,https://www.eclore.se/de/collections/harvard
gid://shopify/Product/10081143783754,PRODUCT,body_html,fi,https://www.eclore.se/products/lindblomsshampo-med-bjorkextrakt,https://www.eclore.se/fi/products/lindblomsshampo-med-bjorkextrakt
gid://shopify/Product/10081143783754,PRODUCT,body_html,fi,https://www.eclore.se/collections/schampo-balsam,https://www.eclore.se/fi/collections/schampo-balsam
gid://shopify/Product/10081143783754,PRODUCT,body_html,fi,https://www.eclore.se/collections/harvard,https://www.eclore.se/fi/collections/harvard
gid://shopify/Product/10081145127242,PRODUCT,body_html,de,https://www.eclore.se/collections/harbotten,https://www.eclore.se/de/collections/harbotten
gid://shopify/Product/10081145127242,PRODUCT,body_html,de,https://www.eclore.se/collections/schampo-balsam,https://www.eclore.se/de/collections/schampo-balsam
gid://shopify/Product/10081145127242,PRODUCT,body_html,fi,https://www.eclore.se/collections/harbotten,https://www.eclore.se/fi/collections/harbotten
gid://shopify/Product/10081145127242,PRODUCT,body_html,fi,https://www.eclore.se/collections/schampo-balsam,https://www.eclore.se/fi/collections/schampo-balsam
gid://shopify/Product/10081145160010,PRODUCT,body_html,de,https://www.eclore.se/products/linden-flower-shampoo-with-nordic-birch-extract-250ml,https://www.eclore.se/de/products/linden-flower-shampoo-with-nordic-birch-extract-250ml
gid://shopify/Product/10081145160010,PRODUCT,body_html,de,https://www.eclore.se/collections/harbotten,https://www.eclore.se/de/collections/harbotten
gid://shopify/Product/10081145160010,PRODUCT,body_html,de,https://www.eclore.se/collections/schampo-balsam,https://www.eclore.se/de/collections/schampo-balsam
gid://shopify/Product/10081145160010,PRODUCT,body_html,fi,https://www.eclore.se/products/linden-flower-shampoo-with-nordic-birch-extract-250ml,https://www.eclore.se/fi/products/linden-flower-shampoo-with-nordic-birch-extract-250ml
gid://shopify/Product/10081145160010,PRODUCT,body_html,fi,https://www.eclore.se/collections/harbotten,https://www.eclore.se/fi/collections/harbotten
gid://shopify/Product/10081145160010,PRODUCT,body_html,fi,https://www.eclore.se/collections/schampo-balsam,https://www.eclore.se/fi/collections/schampo-balsam
gid://shopify/Product/10081145684298,PRODUCT,body_html,de,https://www.eclore.se/collections/kroppsvard,https://www.eclore.se/de/collections/kroppsvard
gid://shopify/Product/10081145684298,PRODUCT,body_html,de,https://www.eclore.se/collections/eclore,https://www.eclore.se/de/collections/eclore
gid://shopify/Product/10081145684298,PRODUCT,body_html,fi,https://www.eclore.se/collections/kroppsvard,https://www.eclore.se/fi/collections/kroppsvard
gid://shopify/Product/10081145684298,PRODUCT,body_html,fi,https://www.eclore.se/collections/eclore,https://www.eclore.se/fi/collections/eclore
gid://shopify/Product/10081145749834,PRODUCT,body_html,de,https://www.eclore.se/collections/harbotten,https://www.eclore.se/de/collections/harbotten
gid://shopify/Product/10081145749834,PRODUCT,body_html,de,https://www.eclore.se/collections/schampo-balsam,https://www.eclore.se/de/collections/schampo-balsam
gid://shopify/Product/10081145749834,PRODUCT,body_html,fi,https://www.eclore.se/collections/harbotten,https://www.eclore.se/fi/collections/harbotten
gid://shopify/Product/10081145749834,PRODUCT,body_html,fi,https://www.eclore.se/collections/schampo-balsam,https://www.eclore.se/fi/collections/schampo-balsam
gid://shopify/Product/10081146241354,PRODUCT,body_html,de,https://www.eclore.se/collections/eclore,https://www.eclore.se/de/collections/eclore
gid://shopify/Product/10081146241354,PRODUCT,body_html,de,https://www.eclore.se/collections/kroppsvard,https://www.eclore.se/de/collections/kroppsvard
gid://shopify/Product/10081146241354,PRODUCT,body_html,fi,https://www.eclore.se/collections/eclore,https://www.eclore.se/fi/collections/eclore
gid://shopify/Product/10081146241354,PRODUCT,body_html,fi,https://www.eclore.se/collections/kroppsvard,https://www.eclore.se/fi/collections/kroppsvard
gid://shopify/Product/10081146601802,PRODUCT,body_html,de,https://www.eclore.se/collections/kroppsvard,https://www.eclore.se/de/collections/kroppsvard
gid://shopify/Product/10081146601802,PRODUCT,body_html,de,https://www.eclore.se/collections/eclore,https://www.eclore.se/de/collections/eclore
gid://shopify/Product/10081146601802,PRODUCT,body_html,de,https://www.eclore.se/collections/anti-age,https://www.eclore.se/de/collections/anti-age
gid://shopify/Product/10081146601802,PRODUCT,body_html,fi,https://www.eclore.se/collections/kroppsvard,https://www.eclore.se/fi/collections/kroppsvard
gid://shopify/Product/10081146601802,PRODUCT,body_html,fi,https://www.eclore.se/collections/eclore,https://www.eclore.se/fi/collections/eclore
gid://shopify/Product/10081146601802,PRODUCT,body_html,fi,https://www.eclore.se/collections/anti-age,https://www.eclore.se/fi/collections/anti-age
gid://shopify/Product/10081146634570,PRODUCT,body_html,de,https://www.eclore.se/collections/harbotten,https://www.eclore.se/de/collections/harbotten
gid://shopify/Product/10081146634570,PRODUCT,body_html,de,https://www.eclore.se/collections/harvard,https://www.eclore.se/de/collections/harvard
gid://shopify/Product/10081146634570,PRODUCT,body_html,fi,https://www.eclore.se/collections/harbotten,https://www.eclore.se/fi/collections/harbotten
gid://shopify/Product/10081146634570,PRODUCT,body_html,fi,https://www.eclore.se/collections/harvard,https://www.eclore.se/fi/collections/harvard
gid://shopify/Product/10081146700106,PRODUCT,body_html,de,https://www.eclore.se/collections/kroppsvard,https://www.eclore.se/de/collections/kroppsvard
gid://shopify/Product/10081146700106,PRODUCT,body_html,de,https://www.eclore.se/collections/eclore,https://www.eclore.se/de/collections/eclore
gid://shopify/Product/10081146700106,PRODUCT,body_html,fi,https://www.eclore.se/collections/kroppsvard,https://www.eclore.se/fi/collections/kroppsvard
gid://shopify/Product/10081146700106,PRODUCT,body_html,fi,https://www.eclore.se/collections/eclore,https://www.eclore.se/fi/collections/eclore
gid://shopify/Product/10083948167498,PRODUCT,body_html,de,https://www.eclore.se/collections/kroppsvard,https://www.eclore.se/de/collections/kroppsvard
gid://shopify/Product/10083948167498,PRODUCT,body_html,de,https://www.eclore.se/blogs/nyheter/body-scrub,https://www.eclore.se/de/blogs/nyheter/body-scrub
gid://shopify/Product/10083948167498,PRODUCT,body_html,fi,https://www.eclore.se/collections/kroppsvard,https://www.eclore.se/fi/collections/kroppsvard
gid://shopify/Product/10083948167498,PRODUCT,body_html,fi,https://www.eclore.se/blogs/nyheter/body-scrub,https://www.eclore.se/fi/blogs/nyheter/body-scrub
gid://shopify/Product/10083948200266,PRODUCT,body_html,de,https://www.eclore.se/collections/serum,https://www.eclore.se/de/collections/serum
gid://shopify/Product/10083948200266,PRODUCT,body_html,de,https://www.eclore.se/collections/ansiktsvard,https://www.eclore.se/de/collections/ansiktsvard
gid://shopify/Product/10083948200266,PRODUCT,body_html,fi,https://www.eclore.se/collections/serum,https://www.eclore.se/fi/collections/serum
gid://shopify/Product/10083948200266,PRODUCT,body_html,fi,https://www.eclore.se/collections/ansiktsvard,https://www.eclore.se/fi/collections/ansiktsvard
gid://shopify/Product/10083948691786,PRODUCT,body_html,de,https://www.eclore.se/collections/doftljus,https://www.eclore.se/de/collections/doftljus
gid://shopify/Product/10083948691786,PRODUCT,body_html,de,https://www.eclore.se/collections/kroppsvard,https://www.eclore.se/de/collections/kroppsvard
gid://shopify/Product/10083948691786,PRODUCT,body_html,de,https://www.eclore.se/collections/bodyscrub,https://www.eclore.se/de/collections/bodyscrub
gid://shopify/Product/10083948691786,PRODUCT,body_html,fi,https://www.eclore.se/collections/doftljus,https://www.eclore.se/fi/collections/doftljus
gid://shopify/Product/10083948691786,PRODUCT,body_html,fi,https://www.eclore.se/collections/kroppsvard,https://www.eclore.se/fi/collections/kroppsvard
gid://shopify/Product/10083948691786,PRODUCT,body_html,fi,https://www.eclore.se/collections/bodyscrub,https://www.eclore.se/fi/collections/bodyscrub
gid://shopify/Product/10083949281610,PRODUCT,body_html,de,https://www.eclore.se/collections/ansiktsvard,https://www.eclore.se/de/collections/ansiktsvard
gid://shopify/Product/10083949281610,PRODUCT,body_html,de,https://www.eclore.se/collections/serum,https://www.eclore.se/de/collections/serum
gid://shopify/Product/10083949281610,PRODUCT,body_html,de,https://www.eclore.se/collections/eclore,https://www.eclore.se/de/collections/eclore
gid://shopify/Product/10083949281610,PRODUCT,body_html,fi,https://www.eclore.se/collections/ansiktsvard,https://www.eclore.se/fi/collections/ansiktsvard
gid://shopify/Product/10083949281610,PRODUCT,body_html,fi,https://www.eclore.se/collections/serum,https://www.eclore.se/fi/collections/serum
gid://shopify/Product/10083949281610,PRODUCT,body_html,fi,https://www.eclore.se/collections/eclore,https://www.eclore.se/fi/collections/eclore
gid://shopify/Product/10083949314378,PRODUCT,body_html,de,https://www.eclore.se/collections/kroppsvard,https://www.eclore.se/de/collections/kroppsvard
gid://shopify/Product/10083949314378,PRODUCT,body_html,de,https://www.eclore.se/blogs/nyheter/body-scrub,https://www.eclore.se/de/blogs/nyheter/body-scrub
gid://shopify/Product/10083949314378,PRODUCT,body_html,fi,https://www.eclore.se/collections/kroppsvard,https://www.eclore.se/fi/collections/kroppsvard
gid://shopify/Product/10083949314378,PRODUCT,body_html,fi,https://www.eclore.se/blogs/nyheter/body-scrub,https://www.eclore.se/fi/blogs/nyheter/body-scrub
gid://shopify/Product/10083949740362,PRODUCT,body_html,de,https://www.eclore.se/collections/kroppsvard,https://www.eclore.se/de/collections/kroppsvard
gid://shopify/Product/10083949740362,PRODUCT,body_html,de,https://www.eclore.se/collections/eclore,https://www.eclore.se/de/collections/eclore
gid://shopify/Product/10083949740362,PRODUCT,body_html,fi,https://www.eclore.se/collections/kroppsvard,https://www.eclore.se/fi/collections/kroppsvard
gid://shopify/Product/10083949740362,PRODUCT,body_html,fi,https://www.eclore.se/collections/eclore,https://www.eclore.se/fi/collections/eclore
gid://shopify/Product/10083949773130,PRODUCT,body_html,de,https://www.eclore.se/collections/kroppsvard,https://www.eclore.se/de/collections/kroppsvard
gid://shopify/Product/10083949773130,PRODUCT,body_html,de,https://www.eclore.se/blogs/nyheter/body-scrub,https://www.eclore.se/de/blogs/nyheter/body-scrub
gid://shopify/Product/10083949773130,PRODUCT,body_html,fi,https://www.eclore.se/collections/kroppsvard,https://www.eclore.se/fi/collections/kroppsvard
gid://shopify/Product/10083949773130,PRODUCT,body_html,fi,https://www.eclore.se/blogs/nyheter/body-scrub,https://www.eclore.se/fi/blogs/nyheter/body-scrub
gid://shopify/Product/10083949805898,PRODUCT,body_html,de,https://www.eclore.se/collections/kroppsvard,https://www.eclore.se/de/collections/kroppsvard
gid://shopify/Product/10083949805898,PRODUCT,body_html,fi,https://www.eclore.se/collections/kroppsvard,https://www.eclore.se/fi/collections/kroppsvard
gid://shopify/Product/10083950330186,PRODUCT,body_html,de,https://www.eclore.se/collections/kroppsvard,https://www.eclore.se/de/collections/kroppsvard
gid://shopify/Product/10083950330186,PRODUCT,body_html,fi,https://www.eclore.se/collections/kroppsvard,https://www.eclore.se/fi/collections/kroppsvard
gid://shopify/Product/10083950362954,PRODUCT,body_html,de,https://www.eclore.se/collections/ansiktskram,https://www.eclore.se/de/collections/ansiktskram
gid://shopify/Product/10083950362954,PRODUCT,body_html,fi,https://www.eclore.se/collections/ansiktskram,https://www.eclore.se/fi/collections/ansiktskram
gid://shopify/Product/10083950395722,PRODUCT,body_html,de,https://www.eclore.se/collections/kroppsvard,https://www.eclore.se/de/collections/kroppsvard
gid://shopify/Product/10083950395722,PRODUCT,body_html,de,https://www.eclore.se/blogs/nyheter/body-scrub,https://www.eclore.se/de/blogs/nyheter/body-scrub
gid://shopify/Product/10083950395722,PRODUCT,body_html,fi,https://www.eclore.se/collections/kroppsvard,https://www.eclore.se/fi/collections/kroppsvard
gid://shopify/Product/10083950395722,PRODUCT,body_html,fi,https://www.eclore.se/blogs/nyheter/body-scrub,https://www.eclore.se/fi/blogs/nyheter/body-scrub
gid://shopify/Product/10083950657866,PRODUCT,body_html,de,https://www.eclore.se/collections/kroppsvard,https://www.eclore.se/de/collections/kroppsvard
gid://shopify/Product/10083950657866,PRODUCT,body_html,fi,https://www.eclore.se/collections/kroppsvard,https://www.eclore.se/fi/collections/kroppsvard
gid://shopify/Product/10083951247690,PRODUCT,body_html,de,https://www.eclore.se/collections/kroppsvard,https://www.eclore.se/de/collections/kroppsvard
gid://shopify/Product/10083951247690,PRODUCT,body_html,fi,https://www.eclore.se/collections/kroppsvard,https://www.eclore.se/fi/collections/kroppsvard
gid://shopify/Product/10083951870282,PRODUCT,body_html,de,https://www.eclore.se/blogs/nyheter/ansiktskram-kanslig-hud,https://www.eclore.se/de/blogs/nyheter/ansiktskram-kanslig-hud
gid://shopify/Product/10083951870282,PRODUCT,body_html,fi,https://www.eclore.se/blogs/nyheter/ansiktskram-kanslig-hud,https://www.eclore.se/fi/blogs/nyheter/ansiktskram-kanslig-hud
gid://shopify/Product/10106452377930,PRODUCT,body_html,de,https://www.eclore.se/blogs/nyheter/anti-age-serum,https://www.eclore.se/de/blogs/nyheter/anti-age-serum
gid://shopify/Product/10106452377930,PRODUCT,body_html,de,https://www.eclore.se/blogs/hudvardsguider/anti-age-hudvard,https://www.eclore.se/de/blogs/hudvardsguider/anti-age-hudvard
gid://shopify/Product/10106452377930,PRODUCT,body_html,fi,https://www.eclore.se/blogs/nyheter/anti-age-serum,https://www.eclore.se/fi/blogs/nyheter/anti-age-serum
gid://shopify/Product/10106452377930,PRODUCT,body_html,fi,https://www.eclore.se/blogs/hudvardsguider/anti-age-hudvard,https://www.eclore.se/fi/blogs/hudvardsguider/anti-age-hudvard
gid://shopify/Product/10106453066058,PRODUCT,body_html,de,https://www.eclore.se/products/luuv-honungsbalsam-reparerande-aterfuktande-200ml,https://www.eclore.se/de/products/luuv-honungsbalsam-reparerande-aterfuktande-200ml
gid://shopify/Product/10106453066058,PRODUCT,body_html,de,https://www.eclore.se/collections/schampo-balsam,https://www.eclore.se/de/collections/schampo-balsam
gid://shopify/Product/10106453066058,PRODUCT,body_html,fi,https://www.eclore.se/products/luuv-honungsbalsam-reparerande-aterfuktande-200ml,https://www.eclore.se/fi/products/luuv-honungsbalsam-reparerande-aterfuktande-200ml
gid://shopify/Product/10106453066058,PRODUCT,body_html,fi,https://www.eclore.se/collections/schampo-balsam,https://www.eclore.se/fi/collections/schampo-balsam
gid://shopify/Product/10106453623114,PRODUCT,body_html,de,https://www.eclore.se/products/luuv-narande-schampo-plommonolja-aterfuktande-varmeskydd,https://www.eclore.se/de/products/luuv-narande-schampo-plommonolja-aterfuktande-varmeskydd
gid://shopify/Product/10106453623114,PRODUCT,body_html,de,https://www.eclore.se/collections/schampo-balsam,https://www.eclore.se/de/collections/schampo-balsam
gid://shopify/Product/10106453623114,PRODUCT,body_html,fi,https://www.eclore.se/products/luuv-narande-schampo-plommonolja-aterfuktande-varmeskydd,https://www.eclore.se/fi/products/luuv-narande-schampo-plommonolja-aterfuktande-varmeskydd
gid://shopify/Product/10106453623114,PRODUCT,body_html,fi,https://www.eclore.se/collections/schampo-balsam,https://www.eclore.se/fi/collections/schampo-balsam
gid://shopify/Product/10106453655882,PRODUCT,body_html,de,https://www.eclore.se/products/luuv-havtornsbalsam-volymgivande-fint-har-200ml,https://www.eclore.se/de/products/luuv-havtornsbalsam-volymgivande-fint-har-200ml
gid://shopify/Product/10106453655882,PRODUCT,body_html,de,https://www.eclore.se/collections/schampo-balsam,https://www.eclore.se/de/collections/schampo-balsam
gid://shopify/Product/10106453655882,PRODUCT,body_html,fi,https://www.eclore.se/products/luuv-havtornsbalsam-volymgivande-fint-har-200ml,https://www.eclore.se/fi/products/luuv-havtornsbalsam-volymgivande-fint-har-200ml
gid://shopify/Product/10106453655882,PRODUCT,body_html,fi,https://www.eclore.se/collections/schampo-balsam,https://www.eclore.se/fi/collections/schampo-balsam
gid://shopify/Product/10106454802762,PRODUCT,body_html,de,https://www.eclore.se/collections/anti-age,https://www.eclore.se/de/collections/anti-age
gid://shopify/Product/10106454802762,PRODUCT,body_html,de,https://www.eclore.se/collections/ansiktskram,https://www.eclore.se/de/collections/ansiktskram
gid://shopify/Product/10106454802762,PRODUCT,body_html,fi,https://www.eclore.se/collections/anti-age,https://www.eclore.se/fi/collections/anti-age
gid://shopify/Product/10106454802762,PRODUCT,body_html,fi,https://www.eclore.se/collections/ansiktskram,https://www.eclore.se/fi/collections/ansiktskram
gid://shopify/Product/10106456244554,PRODUCT,body_html,de,https://www.eclore.se/products/luuv-narande-schampo-plommonolja-aterfuktande-varmeskydd,https://www.eclore.se/de/products/luuv-narande-schampo-plommonolja-aterfuktande-varmeskydd
gid://shopify/Product/10106456244554,PRODUCT,body_html,de,https://www.eclore.se/products/luuv-harbalsam-plommonolja-reparerande-varmeskydd,https://www.eclore.se/de/products/luuv-harbalsam-plommonolja-reparerande-varmeskydd
gid://shopify/Product/10106456244554,PRODUCT,body_html,de,https://www.eclore.se/collections/schampo-balsam,https://www.eclore.se/de/collections/schampo-balsam
gid://shopify/Product/10106456244554,PRODUCT,body_html,fi,https://www.eclore.se/products/luuv-narande-schampo-plommonolja-aterfuktande-varmeskydd,https://www.eclore.se/fi/products/luuv-narande-schampo-plommonolja-aterfuktande-varmeskydd
gid://shopify/Product/10106456244554,PRODUCT,body_html,fi,https://www.eclore.se/products/luuv-harbalsam-plommonolja-reparerande-varmeskydd,https://www.eclore.se/fi/products/luuv-harbalsam-plommonolja-reparerande-varmeskydd
gid://shopify/Product/10106456244554,PRODUCT,body_html,fi,https://www.eclore.se/collections/schampo-balsam,https://www.eclore.se/fi/collections/schampo-balsam
gid://shopify/Product/10106456277322,PRODUCT,body_html,de,https://www.eclore.se/products/luuv-harbalsam-plommonolja-reparerande-varmeskydd,https://www.eclore.se/de/products/luuv-harbalsam-plommonolja-reparerande-varmeskydd
gid://shopify/Product/10106456277322,PRODUCT,body_html,de,https://www.eclore.se/collections/schampo-balsam,https://www.eclore.se/de/collections/schampo-balsam
gid://shopify/Product/10106456277322,PRODUCT,body_html,fi,https://www.eclore.se/products/luuv-harbalsam-plommonolja-reparerande-varmeskydd,https://www.eclore.se/fi/products/luuv-harbalsam-plommonolja-reparerande-varmeskydd
gid://shopify/Product/10106456277322,PRODUCT,body_html,fi,https://www.eclore.se/collections/schampo-balsam,https://www.eclore.se/fi/collections/schampo-balsam
gid://shopify/Product/10106457489738,PRODUCT,body_html,de,https://www.eclore.se/products/schampo-mjukgorande-skyddande-honung-250ml,https://www.eclore.se/de/products/schampo-mjukgorande-skyddande-honung-250ml
gid://shopify/Product/10106457489738,PRODUCT,body_html,de,https://www.eclore.se/products/luuv-honungsbalsam-reparerande-aterfuktande-200ml,https://www.eclore.se/de/products/luuv-honungsbalsam-reparerande-aterfuktande-200ml
gid://shopify/Product/10106457489738,PRODUCT,body_html,de,https://www.eclore.se/collections/schampo-balsam,https://www.eclore.se/de/collections/schampo-balsam
gid://shopify/Product/10106457489738,PRODUCT,body_html,fi,https://www.eclore.se/products/schampo-mjukgorande-skyddande-honung-250ml,https://www.eclore.se/fi/products/schampo-mjukgorande-skyddande-honung-250ml
gid://shopify/Product/10106457489738,PRODUCT,body_html,fi,https://www.eclore.se/products/luuv-honungsbalsam-reparerande-aterfuktande-200ml,https://www.eclore.se/fi/products/luuv-honungsbalsam-reparerande-aterfuktande-200ml
gid://shopify/Product/10106457489738,PRODUCT,body_html,fi,https://www.eclore.se/collections/schampo-balsam,https://www.eclore.se/fi/collections/schampo-balsam
gid://shopify/Product/10106457522506,PRODUCT,body_html,de,https://www.eclore.se/products/luuv-schampo-havtorn-volym-glans-250ml,https://www.eclore.se/de/products/luuv-schampo-havtorn-volym-glans-250ml
gid://shopify/Product/10106457522506,PRODUCT,body_html,de,https://www.eclore.se/products/luuv-havtornsbalsam-volymgivande-fint-har-200ml,https://www.eclore.se/de/products/luuv-havtornsbalsam-volymgivande-fint-har-200ml
gid://shopify/Product/10106457522506,PRODUCT,body_html,de,https://www.eclore.se/collections/schampo-balsam,https://www.eclore.se/de/collections/schampo-balsam
gid://shopify/Product/10106457522506,PRODUCT,body_html,fi,https://www.eclore.se/products/luuv-schampo-havtorn-volym-glans-250ml,https://www.eclore.se/fi/products/luuv-schampo-havtorn-volym-glans-250ml
gid://shopify/Product/10106457522506,PRODUCT,body_html,fi,https://www.eclore.se/products/luuv-havtornsbalsam-volymgivande-fint-har-200ml,https://www.eclore.se/fi/products/luuv-havtornsbalsam-volymgivande-fint-har-200ml
gid://shopify/Product/10106457522506,PRODUCT,body_html,fi,https://www.eclore.se/collections/schampo-balsam,https://www.eclore.se/fi/collections/schampo-balsam
gid://shopify/Product/10106457588042,PRODUCT,body_html,de,https://www.eclore.se/collections/nattkram,https://www.eclore.se/de/collections/nattkram
gid://shopify/Product/10106457588042,PRODUCT,body_html,de,https://www.eclore.se/collections/anti-age,https://www.eclore.se/de/collections/anti-age
gid://shopify/Product/10106457588042,PRODUCT,body_html,fi,https://www.eclore.se/collections/nattkram,https://www.eclore.se/fi/collections/nattkram
gid://shopify/Product/10106457588042,PRODUCT,body_html,fi,https://www.eclore.se/collections/anti-age,https://www.eclore.se/fi/collections/anti-age
gid://shopify/Product/10106457620810,PRODUCT,body_html,de,https://www.eclore.se/collections/ansiktsvard,https://www.eclore.se/de/collections/ansiktsvard
gid://shopify/Product/10106457620810,PRODUCT,body_html,fi,https://www.eclore.se/collections/ansiktsvard,https://www.eclore.se/fi/collections/ansiktsvard
gid://shopify/Product/10106457653578,PRODUCT,body_html,de,https://www.eclore.se/collections/ansiktsvard,https://www.eclore.se/de/collections/ansiktsvard
gid://shopify/Product/10106457653578,PRODUCT,body_html,fi,https://www.eclore.se/collections/ansiktsvard,https://www.eclore.se/fi/collections/ansiktsvard
gid://shopify/Product/10106458440010,PRODUCT,body_html,de,https://www.eclore.se/products/schampo-mjukgorande-skyddande-honung-250ml,https://www.eclore.se/de/products/schampo-mjukgorande-skyddande-honung-250ml
gid://shopify/Product/10106458440010,PRODUCT,body_html,de,https://www.eclore.se/collections/schampo-balsam,https://www.eclore.se/de/collections/schampo-balsam
gid://shopify/Product/10106458440010,PRODUCT,body_html,fi,https://www.eclore.se/products/schampo-mjukgorande-skyddande-honung-250ml,https://www.eclore.se/fi/products/schampo-mjukgorande-skyddande-honung-250ml
gid://shopify/Product/10106458440010,PRODUCT,body_html,fi,https://www.eclore.se/collections/schampo-balsam,https://www.eclore.se/fi/collections/schampo-balsam
gid://shopify/Product/10106459423050,PRODUCT,body_html,de,https://www.eclore.se/products/luuv-schampo-havtorn-volym-glans-250ml,https://www.eclore.se/de/products/luuv-schampo-havtorn-volym-glans-250ml
gid://shopify/Product/10106459423050,PRODUCT,body_html,de,https://www.eclore.se/collections/schampo-balsam,https://www.eclore.se/de/collections/schampo-balsam
gid://shopify/Product/10106459423050,PRODUCT,body_html,fi,https://www.eclore.se/products/luuv-schampo-havtorn-volym-glans-250ml,https://www.eclore.se/fi/products/luuv-schampo-havtorn-volym-glans-250ml
gid://shopify/Product/10106459423050,PRODUCT,body_html,fi,https://www.eclore.se/collections/schampo-balsam,https://www.eclore.se/fi/collections/schampo-balsam
gid://shopify/Product/10106467615050,PRODUCT,body_html,de,https://www.eclore.se/collections/kroppsvard,https://www.eclore.se/de/collections/kroppsvard
gid://shopify/Product/10106467615050,PRODUCT,body_html,fi,https://www.eclore.se/collections/kroppsvard,https://www.eclore.se/fi/collections/kroppsvard
gid://shopify/Product/10106467647818,PRODUCT,body_html,de,https://www.eclore.se/collections/kroppsvard,https://www.eclore.se/de/collections/kroppsvard
gid://shopify/Product/10106467647818,PRODUCT,body_html,fi,https://www.eclore.se/collections/kroppsvard,https://www.eclore.se/fi/collections/kroppsvard
gid://shopify/Product/10106468499786,PRODUCT,body_html,de,https://www.eclore.se/collections/bodyscrub,https://www.eclore.se/de/collections/bodyscrub
gid://shopify/Product/10106468499786,PRODUCT,body_html,de,https://www.eclore.se/collections/kroppsvard,https://www.eclore.se/de/collections/kroppsvard
gid://shopify/Product/10106468499786,PRODUCT,body_html,fi,https://www.eclore.se/collections/bodyscrub,https://www.eclore.se/fi/collections/bodyscrub
gid://shopify/Product/10106468499786,PRODUCT,body_html,fi,https://www.eclore.se/collections/kroppsvard,https://www.eclore.se/fi/collections/kroppsvard
gid://shopify/Product/10106468532554,PRODUCT,body_html,de,https://www.eclore.se/collections/bodyscrub,https://www.eclore.se/de/collections/bodyscrub
gid://shopify/Product/10106468532554,PRODUCT,body_html,de,https://www.eclore.se/collections/kroppsvard,https://www.eclore.se/de/collections/kroppsvard
gid://shopify/Product/10106468532554,PRODUCT,body_html,fi,https://www.eclore.se/collections/bodyscrub,https://www.eclore.se/fi/collections/bodyscrub
gid://shopify/Product/10106468532554,PRODUCT,body_html,fi,https://www.eclore.se/collections/kroppsvard,https://www.eclore.se/fi/collections/kroppsvard
gid://shopify/Product/10106469253450,PRODUCT,body_html,de,https://www.eclore.se/collections/anti-age,https://www.eclore.se/de/collections/anti-age
gid://shopify/Product/10106469253450,PRODUCT,body_html,fi,https://www.eclore.se/collections/anti-age,https://www.eclore.se/fi/collections/anti-age
gid://shopify/Product/10106470007114,PRODUCT,body_html,de,https://www.eclore.se/collections/kroppsvard,https://www.eclore.se/de/collections/kroppsvard
gid://shopify/Product/10106470007114,PRODUCT,body_html,fi,https://www.eclore.se/collections/kroppsvard,https://www.eclore.se/fi/collections/kroppsvard
gid://shopify/Product/10106470072650,PRODUCT,body_html,de,https://www.eclore.se/collections/ansiktsmask,https://www.eclore.se/de/collections/ansiktsmask
gid://shopify/Product/10106470072650,PRODUCT,body_html,de,https://www.eclore.se/collections/ansiktsv%C3%A5rd,https://www.eclore.se/de/collections/ansiktsv%C3%A5rd
gid://shopify/Product/10106470072650,PRODUCT,body_html,de,https://www.eclore.se/collections/anti-age,https://www.eclore.se/de/collections/anti-age
gid://shopify/Product/10106470072650,PRODUCT,body_html,fi,https://www.eclore.se/collections/ansiktsmask,https://www.eclore.se/fi/collections/ansiktsmask
gid://shopify/Product/10106470072650,PRODUCT,body_html,fi,https://www.eclore.se/collections/ansiktsvard,https://www.eclore.se/fi/collections/ansiktsvard
gid://shopify/Product/10106470072650,PRODUCT,body_html,fi,https://www.eclore.se/collections/anti-age,https://www.eclore.se/fi/collections/anti-age
gid://shopify/Product/10106471711050,PRODUCT,body_html,de,https://www.eclore.se/collections/kroppsvard,https://www.eclore.se/de/collections/kroppsvard
gid://shopify/Product/10106471711050,PRODUCT,body_html,fi,https://www.eclore.se/collections/kroppsvard,https://www.eclore.se/fi/collections/kroppsvard
gid://shopify/Product/10106471743818,PRODUCT,body_html,de,https://www.eclore.se/collections/serum,https://www.eclore.se/de/collections/serum
gid://shopify/Product/10106471743818,PRODUCT,body_html,de,https://www.eclore.se/collections/ansiktsvard,https://www.eclore.se/de/collections/ansiktsvard
gid://shopify/Product/10106471743818,PRODUCT,body_html,fi,https://www.eclore.se/collections/serum,https://www.eclore.se/fi/collections/serum
gid://shopify/Product/10106471743818,PRODUCT,body_html,fi,https://www.eclore.se/collections/ansiktsvard,https://www.eclore.se/fi/collections/ansiktsvard
gid://shopify/Product/10120926789962,PRODUCT,body_html,de,https://www.eclore.se/collections/ansiktsv%C3%A5rd,https://www.eclore.se/de/collections/ansiktsv%C3%A5rd
gid://shopify/Product/10120926789962,PRODUCT,body_html,fi,https://www.eclore.se/collections/ansiktsvard,https://www.eclore.se/fi/collections/ansiktsvard
gid://shopify/Product/10120926953802,PRODUCT,body_html,de,https://www.eclore.se/collections/ansiktsvard,https://www.eclore.se/de/collections/ansiktsvard
gid://shopify/Product/10120926953802,PRODUCT,body_html,fi,https://www.eclore.se/collections/ansiktsvard,https://www.eclore.se/fi/collections/ansiktsvard
gid://shopify/Product/10120926986570,PRODUCT,body_html,de,https://www.eclore.se/collections/ansiktsvard,https://www.eclore.se/de/collections/ansiktsvard
gid://shopify/Product/10120926986570,PRODUCT,body_html,fi,https://www.eclore.se/collections/ansiktsvard,https://www.eclore.se/fi/collections/ansiktsvard
gid://shopify/Product/10120928887114,PRODUCT,body_html,de,https://www.eclore.se/collections/ansiktsvard,https://www.eclore.se/de/collections/ansiktsvard
gid://shopify/Product/10120928887114,PRODUCT,body_html,de,https://www.eclore.se/collections/anti-age,https://www.eclore.se/de/collections/anti-age
gid://shopify/Product/10120928887114,PRODUCT,body_html,de,https://www.eclore.se/blogs/nyheter/ansiktskram-kanslig-hud,https://www.eclore.se/de/blogs/nyheter/ansiktskram-kanslig-hud
gid://shopify/Product/10120928887114,PRODUCT,body_html,fi,https://www.eclore.se/collections/ansiktsvard,https://www.eclore.se/fi/collections/ansiktsvard
gid://shopify/Product/10120928887114,PRODUCT,body_html,fi,https://www.eclore.se/collections/anti-age,https://www.eclore.se/fi/collections/anti-age
gid://shopify/Product/10120928887114,PRODUCT,body_html,fi,https://www.eclore.se/blogs/nyheter/ansiktskram-kanslig-hud,https://www.eclore.se/fi/blogs/nyheter/ansiktskram-kanslig-hud
gid://shopify/Product/10120929182026,PRODUCT,body_html,de,https://www.eclore.se/collections/ansiktsvard,https://www.eclore.se/de/collections/ansiktsvard
gid://shopify/Product/10120929182026,PRODUCT,body_html,de,https://www.eclore.se/collections/serum,https://www.eclore.se/de/collections/serum
gid://shopify/Product/10120929182026,PRODUCT,body_html,de,https://www.eclore.se/blogs/nyheter/ansiktskram-kanslig-hud,https://www.eclore.se/de/blogs/nyheter/ansiktskram-kanslig-hud
gid://shopify/Product/10120929182026,PRODUCT,body_html,fi,https://www.eclore.se/collections/ansiktsvard,https://www.eclore.se/fi/collections/ansiktsvard
gid://shopify/Product/10120929182026,PRODUCT,body_html,fi,https://www.eclore.se/collections/serum,https://www.eclore.se/fi/collections/serum
gid://shopify/Product/10120929182026,PRODUCT,body_html,fi,https://www.eclore.se/blogs/nyheter/ansiktskram-kanslig-hud,https://www.eclore.se/fi/blogs/nyheter/ansiktskram-kanslig-hud
gid://shopify/Product/10124211487050,PRODUCT,body_html,de,https://www.eclore.se/collections/serum,https://www.eclore.se/de/collections/serum
gid://shopify/Product/10124211487050,PRODUCT,body_html,de,https://www.eclore.se/collections/ansiktsvard,https://www.eclore.se/de/collections/ansiktsvard
gid://shopify/Product/10124211487050,PRODUCT,body_html,fi,https://www.eclore.se/collections/serum,https://www.eclore.se/fi/collections/serum
gid://shopify/Product/10124211487050,PRODUCT,body_html,fi,https://www.eclore.se/collections/ansiktsvard,https://www.eclore.se/fi/collections/ansiktsvard
gid://shopify/Product/10124211519818,PRODUCT,body_html,de,https://www.eclore.se/collections/ansiktsvard,https://www.eclore.se/de/collections/ansiktsvard
gid://shopify/Product/10124211519818,PRODUCT,body_html,de,https://www.eclore.se/collections/anti-age,https://www.eclore.se/de/collections/anti-age
gid://shopify/Product/10124211519818,PRODUCT,body_html,fi,https://www.eclore.se/collections/ansiktsvard,https://www.eclore.se/fi/collections/ansiktsvard
gid://shopify/Product/10124211519818,PRODUCT,body_html,fi,https://www.eclore.se/collections/anti-age,https://www.eclore.se/fi/collections/anti-age
gid://shopify/Product/10124211716426,PRODUCT,body_html,de,https://www.eclore.se/collections/ansiktsvard,https://www.eclore.se/de/collections/ansiktsvard
gid://shopify/Product/10124211716426,PRODUCT,body_html,de,https://www.eclore.se/collections/serum,https://www.eclore.se/de/collections/serum
gid://shopify/Product/10124211716426,PRODUCT,body_html,fi,https://www.eclore.se/collections/ansiktsvard,https://www.eclore.se/fi/collections/ansiktsvard
gid://shopify/Product/10124211716426,PRODUCT,body_html,fi,https://www.eclore.se/collections/serum,https://www.eclore.se/fi/collections/serum
gid://shopify/Product/10124211749194,PRODUCT,body_html,de,https://www.eclore.se/collections/serum,https://www.eclore.se/de/collections/serum
gid://shopify/Product/10124211749194,PRODUCT,body_html,de,https://www.eclore.se/collections/ansiktsvard,https://www.eclore.se/de/collections/ansiktsvard
gid://shopify/Product/10124211749194,PRODUCT,body_html,de,https://www.eclore.se/collections/anti-age,https://www.eclore.se/de/collections/anti-age
gid://shopify/Product/10124211749194,PRODUCT,body_html,fi,https://www.eclore.se/collections/ansiktsvard,https://www.eclore.se/fi/collections/ansiktsvard
gid://shopify/Product/10124211749194,PRODUCT,body_html,fi,https://www.eclore.se/collections/anti-age,https://www.eclore.se/fi/collections/anti-age
gid://shopify/Product/10124211814730,PRODUCT,body_html,de,https://www.eclore.se/collections/ansiktsvard,https://www.eclore.se/de/collections/ansiktsvard
gid://shopify/Product/10124211814730,PRODUCT,body_html,de,https://www.eclore.se/collections/serum,https://www.eclore.se/de/collections/serum
gid://shopify/Product/10124211814730,PRODUCT,body_html,de,https://www.eclore.se/collections/anti-age,https://www.eclore.se/de/collections/anti-age
gid://shopify/Product/10124211814730,PRODUCT,body_html,fi,https://www.eclore.se/collections/ansiktsvard,https://www.eclore.se/fi/collections/ansiktsvard
gid://shopify/Product/10124211814730,PRODUCT,body_html,fi,https://www.eclore.se/collections/serum,https://www.eclore.se/fi/collections/serum
gid://shopify/Product/10124211814730,PRODUCT,body_html,fi,https://www.eclore.se/collections/anti-age,https://www.eclore.se/fi/collections/anti-age
gid://shopify/Product/10141635019082,PRODUCT,body_html,de,https://www.eclore.se/collections/anti-age,https://www.eclore.se/de/collections/anti-age
gid://shopify/Product/10141635019082,PRODUCT,body_html,de,https://www.eclore.se/collections/kroppsvard,https://www.eclore.se/de/collections/kroppsvard
gid://shopify/Product/10141635019082,PRODUCT,body_html,fi,https://www.eclore.se/collections/anti-age,https://www.eclore.se/fi/collections/anti-age
gid://shopify/Product/10141635019082,PRODUCT,body_html,fi,https://www.eclore.se/collections/kroppsvard,https://www.eclore.se/fi/collections/kroppsvard
gid://shopify/Product/10141635051850,PRODUCT,body_html,de,https://www.eclore.se/collections/anti-age,https://www.eclore.se/de/collections/anti-age
gid://shopify/Product/10141635051850,PRODUCT,body_html,de,https://www.eclore.se/collections/kroppsvard,https://www.eclore.se/de/collections/kroppsvard
gid://shopify/Product/10141635051850,PRODUCT,body_html,fi,https://www.eclore.se/collections/anti-age,https://www.eclore.se/fi/collections/anti-age
gid://shopify/Product/10141635051850,PRODUCT,body_html,fi,https://www.eclore.se/collections/kroppsvard,https://www.eclore.se/fi/collections/kroppsvard
gid://shopify/Product/10141635117386,PRODUCT,body_html,de,https://www.eclore.se/collections/ansiktsvard,https://www.eclore.se/de/collections/ansiktsvard
gid://shopify/Product/10141635117386,PRODUCT,body_html,de,https://www.eclore.se/collections/anti-age,https://www.eclore.se/de/collections/anti-age
gid://shopify/Product/10141635117386,PRODUCT,body_html,fi,https://www.eclore.se/collections/ansiktsvard,https://www.eclore.se/fi/collections/ansiktsvard
gid://shopify/Product/10141635117386,PRODUCT,body_html,fi,https://www.eclore.se/collections/anti-age,https://www.eclore.se/fi/collections/anti-age
gid://shopify/Product/10141635608906,PRODUCT,body_html,de,https://www.eclore.se/collections/ansiktsvard,https://www.eclore.se/de/collections/ansiktsvard
gid://shopify/Product/10141635608906,PRODUCT,body_html,de,https://www.eclore.se/collections/serum,https://www.eclore.se/de/collections/serum
gid://shopify/Product/10141635608906,PRODUCT,body_html,de,https://www.eclore.se/collections/anti-age,https://www.eclore.se/de/collections/anti-age
gid://shopify/Product/10141635608906,PRODUCT,body_html,fi,https://www.eclore.se/collections/ansiktsvard,https://www.eclore.se/fi/collections/ansiktsvard
gid://shopify/Product/10141635608906,PRODUCT,body_html,fi,https://www.eclore.se/collections/serum,https://www.eclore.se/fi/collections/serum
gid://shopify/Product/10141635608906,PRODUCT,body_html,fi,https://www.eclore.se/collections/anti-age,https://www.eclore.se/fi/collections/anti-age
gid://shopify/Product/10147921166666,PRODUCT,body_html,de,https://www.eclore.se/collections/kroppsvard,https://www.eclore.se/de/collections/kroppsvard
gid://shopify/Product/10147921166666,PRODUCT,body_html,de,https://www.eclore.se/collections/bodyscrub,https://www.eclore.se/de/collections/bodyscrub
gid://shopify/Product/10147921166666,PRODUCT,body_html,fi,https://www.eclore.se/collections/kroppsvard,https://www.eclore.se/fi/collections/kroppsvard
gid://shopify/Product/10147921166666,PRODUCT,body_html,fi,https://www.eclore.se/collections/bodyscrub,https://www.eclore.se/fi/collections/bodyscrub
gid://shopify/Product/10147921232202,PRODUCT,body_html,de,https://www.eclore.se/collections/kroppsvard,https://www.eclore.se/de/collections/kroppsvard
gid://shopify/Product/10147921232202,PRODUCT,body_html,fi,https://www.eclore.se/collections/kroppsvard,https://www.eclore.se/fi/collections/kroppsvard
gid://shopify/Product/10147921297738,PRODUCT,body_html,de,https://www.eclore.se/collections/serum,https://www.eclore.se/de/collections/serum
gid://shopify/Product/10147921297738,PRODUCT,body_html,de,https://www.eclore.se/collections/ansiktsvard,https://www.eclore.se/de/collections/ansiktsvard
gid://shopify/Product/10147921297738,PRODUCT,body_html,de,https://www.eclore.se/collections/anti-age,https://www.eclore.se/de/collections/anti-age
gid://shopify/Product/10147921297738,PRODUCT,body_html,fi,https://www.eclore.se/collections/serum,https://www.eclore.se/fi/collections/serum
gid://shopify/Product/10147921297738,PRODUCT,body_html,fi,https://www.eclore.se/collections/ansiktsvard,https://www.eclore.se/fi/collections/ansiktsvard
gid://shopify/Product/10147921297738,PRODUCT,body_html,fi,https://www.eclore.se/collections/anti-age,https://www.eclore.se/fi/collections/anti-age
gid://shopify/Product/10147921363274,PRODUCT,body_html,de,https://www.eclore.se/collections/ansiktsvard,https://www.eclore.se/de/collections/ansiktsvard
gid://shopify/Product/10147921363274,PRODUCT,body_html,de,https://www.eclore.se/collections/sminkvaskor,https://www.eclore.se/de/collections/sminkvaskor
gid://shopify/Product/10147921363274,PRODUCT,body_html,fi,https://www.eclore.se/collections/ansiktsvard,https://www.eclore.se/fi/collections/ansiktsvard
gid://shopify/Product/10147921363274,PRODUCT,body_html,fi,https://www.eclore.se/collections/sminkvaskor,https://www.eclore.se/fi/collections/sminkvaskor
gid://shopify/Product/10147921396042,PRODUCT,body_html,de,https://www.eclore.se/collections/ansiktsvard,https://www.eclore.se/de/collections/ansiktsvard
gid://shopify/Product/10147921396042,PRODUCT,body_html,de,https://www.eclore.se/collections/sminkvaskor,https://www.eclore.se/de/collections/sminkvaskor
gid://shopify/Product/10147921396042,PRODUCT,body_html,fi,https://www.eclore.se/collections/ansiktsvard,https://www.eclore.se/fi/collections/ansiktsvard
gid://shopify/Product/10147921396042,PRODUCT,body_html,fi,https://www.eclore.se/collections/sminkvaskor,https://www.eclore.se/fi/collections/sminkvaskor
gid://shopify/Product/10157224198474,PRODUCT,body_html,de,https://www.eclore.se/collections/kroppsvard,https://www.eclore.se/de/collections/kroppsvard
gid://shopify/Product/10157224198474,PRODUCT,body_html,de,https://www.eclore.se/collections/bodyscrub,https://www.eclore.se/de/collections/bodyscrub
gid://shopify/Product/10157224198474,PRODUCT,body_html,fi,https://www.eclore.se/collections/kroppsvard,https://www.eclore.se/fi/collections/kroppsvard
gid://shopify/Product/10157224198474,PRODUCT,body_html,fi,https://www.eclore.se/collections/bodyscrub,https://www.eclore.se/fi/collections/bodyscrub
gid://shopify/Product/10157224231242,PRODUCT,body_html,de,https://www.eclore.se/collections/kroppsvard,https://www.eclore.se/de/collections/kroppsvard
gid://shopify/Product/10157224231242,PRODUCT,body_html,de,https://www.eclore.se/collections/bodyscrub,https://www.eclore.se/de/collections/bodyscrub
gid://shopify/Product/10157224231242,PRODUCT,body_html,fi,https://www.eclore.se/collections/kroppsvard,https://www.eclore.se/fi/collections/kroppsvard
gid://shopify/Product/10157224231242,PRODUCT,body_html,fi,https://www.eclore.se/collections/bodyscrub,https://www.eclore.se/fi/collections/bodyscrub
gid://shopify/Product/10157224296778,PRODUCT,body_html,de,https://www.eclore.se/collections/kroppsvard,https://www.eclore.se/de/collections/kroppsvard
gid://shopify/Product/10157224296778,PRODUCT,body_html,fi,https://www.eclore.se/collections/kroppsvard,https://www.eclore.se/fi/collections/kroppsvard
gid://shopify/Product/10157224362314,PRODUCT,body_html,de,https://www.eclore.se/collections/kroppsvard,https://www.eclore.se/de/collections/kroppsvard
gid://shopify/Product/10157224362314,PRODUCT,body_html,fi,https://www.eclore.se/collections/kroppsvard,https://www.eclore.se/fi/collections/kroppsvard
gid://shopify/Product/10157224591690,PRODUCT,body_html,de,https://www.eclore.se/collections/ansiktsvard,https://www.eclore.se/de/collections/ansiktsvard
gid://shopify/Product/10157224591690,PRODUCT,body_html,fi,https://www.eclore.se/collections/ansiktsvard,https://www.eclore.se/fi/collections/ansiktsvard
gid://shopify/Product/10157224755530,PRODUCT,body_html,de,https://www.eclore.se/collections/anti-age,https://www.eclore.se/de/collections/anti-age
gid://shopify/Product/10157224755530,PRODUCT,body_html,de,https://www.eclore.se/collections/ansiktsvard,https://www.eclore.se/de/collections/ansiktsvard
gid://shopify/Product/10157224755530,PRODUCT,body_html,de,https://www.eclore.se/collections/serum,https://www.eclore.se/de/collections/serum
gid://shopify/Product/10157224755530,PRODUCT,body_html,fi,https://www.eclore.se/collections/anti-age,https://www.eclore.se/fi/collections/anti-age
gid://shopify/Product/10157224755530,PRODUCT,body_html,fi,https://www.eclore.se/collections/ansiktsvard,https://www.eclore.se/fi/collections/ansiktsvard
gid://shopify/Product/10157224755530,PRODUCT,body_html,fi,https://www.eclore.se/collections/serum,https://www.eclore.se/fi/collections/serum
gid://shopify/Product/10157224853834,PRODUCT,body_html,de,https://www.eclore.se/collections/anti-age,https://www.eclore.se/de/collections/anti-age
gid://shopify/Product/10157224853834,PRODUCT,body_html,de,https://www.eclore.se/collections/ansiktsvard,https://www.eclore.se/de/collections/ansiktsvard
gid://shopify/Product/10157224853834,PRODUCT,body_html,fi,https://www.eclore.se/collections/anti-age,https://www.eclore.se/fi/collections/anti-age
gid://shopify/Product/10157224853834,PRODUCT,body_html,fi,https://www.eclore.se/collections/ansiktsvard,https://www.eclore.se/fi/collections/ansiktsvard
gid://shopify/Product/10157225312586,PRODUCT,body_html,de,https://www.eclore.se/collections/kroppsvard,https://www.eclore.se/de/collections/kroppsvard
gid://shopify/Product/10157225312586,PRODUCT,body_html,de,https://www.eclore.se/collections/bodyscrab,https://www.eclore.se/de/collections/bodyscrab
gid://shopify/Product/10157225312586,PRODUCT,body_html,fi,https://www.eclore.se/collections/kroppsvard,https://www.eclore.se/fi/collections/kroppsvard
gid://shopify/Product/10157225312586,PRODUCT,body_html,fi,https://www.eclore.se/collections/bodyscrub,https://www.eclore.se/fi/collections/bodyscrub
gid://shopify/Product/10157225410890,PRODUCT,body_html,de,https://www.eclore.se/collections/kroppsvard,https://www.eclore.se/de/collections/kroppsvard
gid://shopify/Product/10157225410890,PRODUCT,body_html,fi,https://www.eclore.se/collections/kroppsvard,https://www.eclore.se/fi/collections/kroppsvard
gid://shopify/Product/10167501390154,PRODUCT,body_html,de,https://www.eclore.se/collections/ansiktsvard,https://www.eclore.se/de/collections/ansiktsvard
gid://shopify/Product/10167501390154,PRODUCT,body_html,de,https://www.eclore.se/collections/serum,https://www.eclore.se/de/collections/serum
gid://shopify/Product/10167501390154,PRODUCT,body_html,de,https://www.eclore.se/collections/sminkvaskor,https://www.eclore.se/de/collections/sminkvaskor
gid://shopify/Product/10167501390154,PRODUCT,body_html,fi,https://www.eclore.se/collections/ansiktsvard,https://www.eclore.se/fi/collections/ansiktsvard
gid://shopify/Product/10167501390154,PRODUCT,body_html,fi,https://www.eclore.se/collections/serum,https://www.eclore.se/fi/collections/serum
gid://shopify/Product/10167501390154,PRODUCT,body_html,fi,https://www.eclore.se/collections/sminkvaskor,https://www.eclore.se/fi/collections/sminkvaskor
gid://shopify/Product/10167501455690,PRODUCT,body_html,de,https://www.eclore.se/collections/ansiktsvard,https://www.eclore.se/de/collections/ansiktsvard
gid://shopify/Product/10167501455690,PRODUCT,body_html,fi,https://www.eclore.se/collections/ansiktsvard,https://www.eclore.se/fi/collections/ansiktsvard
gid://shopify/Product/10167501521226,PRODUCT,body_html,de,https://www.eclore.se/collections/brun-utan-sol,https://www.eclore.se/de/collections/brun-utan-sol
gid://shopify/Product/10167501521226,PRODUCT,body_html,fi,https://www.eclore.se/collections/brun-utan-sol,https://www.eclore.se/fi/collections/brun-utan-sol
gid://shopify/Product/10167501652298,PRODUCT,body_html,de,https://www.eclore.se/collections/brun-utan-sol,https://www.eclore.se/de/collections/brun-utan-sol
gid://shopify/Product/10167501652298,PRODUCT,body_html,fi,https://www.eclore.se/collections/brun-utan-sol,https://www.eclore.se/fi/collections/brun-utan-sol
gid://shopify/Product/10167501685066,PRODUCT,body_html,de,https://www.eclore.se/collections/brun-utan-sol,https://www.eclore.se/de/collections/brun-utan-sol
gid://shopify/Product/10167501685066,PRODUCT,body_html,fi,https://www.eclore.se/collections/brun-utan-sol,https://www.eclore.se/fi/collections/brun-utan-sol
gid://shopify/Product/10167501750602,PRODUCT,body_html,de,https://www.eclore.se/collections/brun-utan-sol,https://www.eclore.se/de/collections/brun-utan-sol
gid://shopify/Product/10167501750602,PRODUCT,body_html,fi,https://www.eclore.se/collections/brun-utan-sol,https://www.eclore.se/fi/collections/brun-utan-sol
gid://shopify/Product/10167501783370,PRODUCT,body_html,de,https://www.eclore.se/collections/brun-utan-sol,https://www.eclore.se/de/collections/brun-utan-sol
gid://shopify/Product/10167501783370,PRODUCT,body_html,fi,https://www.eclore.se/collections/brun-utan-sol,https://www.eclore.se/fi/collections/brun-utan-sol
gid://shopify/Product/10167501848906,PRODUCT,body_html,de,https://www.eclore.se/collections/brun-utan-sol,https://www.eclore.se/de/collections/brun-utan-sol
gid://shopify/Product/10167501848906,PRODUCT,body_html,fi,https://www.eclore.se/collections/brun-utan-sol,https://www.eclore.se/fi/collections/brun-utan-sol
gid://shopify/Product/10167501914442,PRODUCT,body_html,de,https://www.eclore.se/collections/brun-utan-sol,https://www.eclore.se/de/collections/brun-utan-sol
gid://shopify/Product/10167501914442,PRODUCT,body_html,fi,https://www.eclore.se/collections/brun-utan-sol,https://www.eclore.se/fi/collections/brun-utan-sol
gid://shopify/Product/10167501947210,PRODUCT,body_html,de,https://www.eclore.se/collections/brun-utan-sol,https://www.eclore.se/de/collections/brun-utan-sol
gid://shopify/Product/10167501947210,PRODUCT,body_html,fi,https://www.eclore.se/collections/brun-utan-sol,https://www.eclore.se/fi/collections/brun-utan-sol
gid://shopify/Product/10167501979978,PRODUCT,body_html,de,https://www.eclore.se/collections/brun-utan-sol,https://www.eclore.se/de/collections/brun-utan-sol
gid://shopify/Product/10167501979978,PRODUCT,body_html,fi,https://www.eclore.se/collections/brun-utan-sol,https://www.eclore.se/fi/collections/brun-utan-sol
gid://shopify/Product/10167502045514,PRODUCT,body_html,de,https://www.eclore.se/collections/brun-utan-sol,https://www.eclore.se/de/collections/brun-utan-sol
gid://shopify/Product/10167502045514,PRODUCT,body_html,fi,https://www.eclore.se/collections/brun-utan-sol,https://www.eclore.se/fi/collections/brun-utan-sol
gid://shopify/Product/10248530035018,PRODUCT,body_html,de,https://www.eclore.se/collections/ansiktsvard,https://www.eclore.se/de/collections/ansiktsvard
gid://shopify/Product/10248530035018,PRODUCT,body_html,de,https://www.eclore.se/collections/serum,https://www.eclore.se/de/collections/serum
gid://shopify/Product/10248530035018,PRODUCT,body_html,fi,https://www.eclore.se/collections/ansiktsvard,https://www.eclore.se/fi/collections/ansiktsvard
gid://shopify/Product/10248530035018,PRODUCT,body_html,fi,https://www.eclore.se/collections/serum,https://www.eclore.se/fi/collections/serum
gid://shopify/Product/10248530067786,PRODUCT,body_html,de,https://www.eclore.se/collections/ansiktsvard,https://www.eclore.se/de/collections/ansiktsvard
gid://shopify/Product/10248530067786,PRODUCT,body_html,fi,https://www.eclore.se/collections/ansiktsvard,https://www.eclore.se/fi/collections/ansiktsvard
gid://shopify/Product/10248530198858,PRODUCT,body_html,de,https://www.eclore.se/collections/ansiktsvard,https://www.eclore.se/de/collections/ansiktsvard
gid://shopify/Product/10248530198858,PRODUCT,body_html,fi,https://www.eclore.se/collections/ansiktsvard,https://www.eclore.se/fi/collections/ansiktsvard
gid://shopify/Product/10248530264394,PRODUCT,body_html,de,https://www.eclore.se/collections/serum,https://www.eclore.se/de/collections/serum
gid://shopify/Product/10248530264394,PRODUCT,body_html,de,https://www.eclore.se/collections/ansiktsvård,https://www.eclore.se/de/collections/ansiktsvård
gid://shopify/Product/10248530264394,PRODUCT,body_html,fi,https://www.eclore.se/collections/serum,https://www.eclore.se/fi/collections/serum
gid://shopify/Product/10248530264394,PRODUCT,body_html,fi,https://www.eclore.se/collections/ansiktsvard,https://www.eclore.se/fi/collections/ansiktsvard
gid://shopify/Product/10248530559306,PRODUCT,body_html,de,https://www.eclore.se/collections/ansiktsvard,https://www.eclore.se/de/collections/ansiktsvard
gid://shopify/Product/10248530559306,PRODUCT,body_html,de,https://www.eclore.se/collections/kroppsvard,https://www.eclore.se/de/collections/kroppsvard
gid://shopify/Product/10248530559306,PRODUCT,body_html,de,https://www.eclore.se/blogs/nyheter/ansiktskram-kanslig-hud,https://www.eclore.se/de/blogs/nyheter/ansiktskram-kanslig-hud
gid://shopify/Product/10248530559306,PRODUCT,body_html,fi,https://www.eclore.se/collections/ansiktsvard,https://www.eclore.se/fi/collections/ansiktsvard
gid://shopify/Product/10248530559306,PRODUCT,body_html,fi,https://www.eclore.se/collections/kroppsvard,https://www.eclore.se/fi/collections/kroppsvard
gid://shopify/Product/10248530559306,PRODUCT,body_html,fi,https://www.eclore.se/blogs/nyheter/ansiktskram-kanslig-hud,https://www.eclore.se/fi/blogs/nyheter/ansiktskram-kanslig-hud
gid://shopify/Product/10248530592074,PRODUCT,body_html,de,https://www.eclore.se/collections/ansiktsvard,https://www.eclore.se/de/collections/ansiktsvard
gid://shopify/Product/10248530592074,PRODUCT,body_html,de,https://www.eclore.se/collections/serum,https://www.eclore.se/de/collections/serum
gid://shopify/Product/10248530592074,PRODUCT,body_html,de,https://www.eclore.se/collections/anti-age,https://www.eclore.se/de/collections/anti-age
gid://shopify/Product/10248530592074,PRODUCT,body_html,fi,https://www.eclore.se/collections/ansiktsvard,https://www.eclore.se/fi/collections/ansiktsvard
gid://shopify/Product/10248530592074,PRODUCT,body_html,fi,https://www.eclore.se/collections/serum,https://www.eclore.se/fi/collections/serum
gid://shopify/Product/10248530592074,PRODUCT,body_html,fi,https://www.eclore.se/collections/anti-age,https://www.eclore.se/fi/collections/anti-age
gid://shopify/Product/10248530657610,PRODUCT,body_html,de,https://www.eclore.se/collections/ansiktsvård,https://www.eclore.se/de/collections/ansiktsvård
gid://shopify/Product/10248530657610,PRODUCT,body_html,de,https://www.eclore.se/collections/serum,https://www.eclore.se/de/collections/serum
gid://shopify/Product/10248530657610,PRODUCT,body_html,de,https://www.eclore.se/collections/anti-age,https://www.eclore.se/de/collections/anti-age
gid://shopify/Product/10248530657610,PRODUCT,body_html,fi,https://www.eclore.se/collections/ansiktsvard,https://www.eclore.se/fi/collections/ansiktsvard
gid://shopify/Product/10248530657610,PRODUCT,body_html,fi,https://www.eclore.se/collections/serum,https://www.eclore.se/fi/collections/serum
gid://shopify/Product/10248530657610,PRODUCT,body_html,fi,https://www.eclore.se/collections/anti-age,https://www.eclore.se/fi/collections/anti-age
gid://shopify/Product/10248530755914,PRODUCT,body_html,de,https://www.eclore.se/collections/ansiktsvard,https://www.eclore.se/de/collections/ansiktsvard
gid://shopify/Product/10248530755914,PRODUCT,body_html,fi,https://www.eclore.se/collections/ansiktsvard,https://www.eclore.se/fi/collections/ansiktsvard
gid://shopify/Product/10248530788682,PRODUCT,body_html,de,https://www.eclore.se/collections/harvard,https://www.eclore.se/de/collections/harvard
gid://shopify/Product/10248530788682,PRODUCT,body_html,fi,https://www.eclore.se/collections/harvard,https://www.eclore.se/fi/collections/harvard
gid://shopify/Product/10248530821450,PRODUCT,body_html,de,https://www.eclore.se/products/deep-cleansing-solid-matcha-shampoo-70g,https://www.eclore.se/de/products/deep-cleansing-solid-matcha-shampoo-70g
gid://shopify/Product/10248530821450,PRODUCT,body_html,de,https://www.eclore.se/collections/schampo-balsam,https://www.eclore.se/de/collections/schampo-balsam
gid://shopify/Product/10248530821450,PRODUCT,body_html,fi,https://www.eclore.se/products/deep-cleansing-solid-matcha-shampoo-70g,https://www.eclore.se/fi/products/deep-cleansing-solid-matcha-shampoo-70g
gid://shopify/Product/10248530821450,PRODUCT,body_html,fi,https://www.eclore.se/collections/schampo-balsam,https://www.eclore.se/fi/collections/schampo-balsam
gid://shopify/Product/10248530886986,PRODUCT,body_html,de,https://www.eclore.se/collections/ansiktsvard,https://www.eclore.se/de/collections/ansiktsvard
gid://shopify/Product/10248530886986,PRODUCT,body_html,fi,https://www.eclore.se/collections/ansiktsvard,https://www.eclore.se/fi/collections/ansiktsvard
gid://shopify/Product/10248530952522,PRODUCT,body_html,de,https://www.eclore.se/collections/ansiktsvard,https://www.eclore.se/de/collections/ansiktsvard
gid://shopify/Product/10248530952522,PRODUCT,body_html,de,https://www.eclore.se/collections/ansiktsmask,https://www.eclore.se/de/collections/ansiktsmask
gid://shopify/Product/10248530952522,PRODUCT,body_html,fi,https://www.eclore.se/collections/ansiktsvard,https://www.eclore.se/fi/collections/ansiktsvard
gid://shopify/Product/10248530952522,PRODUCT,body_html,fi,https://www.eclore.se/collections/ansiktsmask,https://www.eclore.se/fi/collections/ansiktsmask
gid://shopify/Product/10248531149130,PRODUCT,body_html,de,https://www.eclore.se/collections/anti-age,https://www.eclore.se/de/collections/anti-age
gid://shopify/Product/10248531149130,PRODUCT,body_html,de,https://www.eclore.se/collections/ansiktsvard,https://www.eclore.se/de/collections/ansiktsvard
gid://shopify/Product/10248531149130,PRODUCT,body_html,fi,https://www.eclore.se/collections/anti-age,https://www.eclore.se/fi/collections/anti-age
gid://shopify/Product/10248531149130,PRODUCT,body_html,fi,https://www.eclore.se/collections/ansiktsvard,https://www.eclore.se/fi/collections/ansiktsvard
gid://shopify/Product/10248531181898,PRODUCT,body_html,de,https://www.eclore.se/collections/schampo-och-balsam,https://www.eclore.se/de/collections/schampo-och-balsam
gid://shopify/Product/10248531181898,PRODUCT,body_html,fi,https://www.eclore.se/collections/schampo-och-balsam,https://www.eclore.se/fi/collections/schampo-och-balsam
gid://shopify/Product/10248531214666,PRODUCT,body_html,de,https://www.eclore.se/collections/kroppsvard,https://www.eclore.se/de/collections/kroppsvard
gid://shopify/Product/10248531214666,PRODUCT,body_html,fi,https://www.eclore.se/collections/kroppsvard,https://www.eclore.se/fi/collections/kroppsvard
gid://shopify/Product/10248531476810,PRODUCT,body_html,de,https://www.eclore.se/collections/ansiktsvard,https://www.eclore.se/de/collections/ansiktsvard
gid://shopify/Product/10248531476810,PRODUCT,body_html,de,https://www.eclore.se/collections/anti-age,https://www.eclore.se/de/collections/anti-age
gid://shopify/Product/10248531476810,PRODUCT,body_html,fi,https://www.eclore.se/collections/ansiktsvard,https://www.eclore.se/fi/collections/ansiktsvard
gid://shopify/Product/10248531476810,PRODUCT,body_html,fi,https://www.eclore.se/collections/anti-age,https://www.eclore.se/fi/collections/anti-age
gid://shopify/Product/10248531673418,PRODUCT,body_html,de,https://www.eclore.se/collections/kroppsvard,https://www.eclore.se/de/collections/kroppsvard
gid://shopify/Product/10248531673418,PRODUCT,body_html,de,https://www.eclore.se/collections/bodyscrub,https://www.eclore.se/de/collections/bodyscrub
gid://shopify/Product/10248531673418,PRODUCT,body_html,fi,https://www.eclore.se/collections/kroppsvard,https://www.eclore.se/fi/collections/kroppsvard
gid://shopify/Product/10248531673418,PRODUCT,body_html,fi,https://www.eclore.se/collections/bodyscrub,https://www.eclore.se/fi/collections/bodyscrub
gid://shopify/Product/10248532001098,PRODUCT,body_html,de,https://www.eclore.se/collections/ansiktsvard,https://www.eclore.se/de/collections/ansiktsvard
gid://shopify/Product/10248532001098,PRODUCT,body_html,de,https://www.eclore.se/collections/anti-age,https://www.eclore.se/de/collections/anti-age
gid://shopify/Product/10248532001098,PRODUCT,body_html,fi,https://www.eclore.se/collections/ansiktsvard,https://www.eclore.se/fi/collections/ansiktsvard
gid://shopify/Product/10248532001098,PRODUCT,body_html,fi,https://www.eclore.se/collections/anti-age,https://www.eclore.se/fi/collections/anti-age
gid://shopify/Product/10248532132170,PRODUCT,body_html,de,https://www.eclore.se/collections/ansiktsvard,https://www.eclore.se/de/collections/ansiktsvard
gid://shopify/Product/10248532132170,PRODUCT,body_html,fi,https://www.eclore.se/collections/ansiktsvard,https://www.eclore.se/fi/collections/ansiktsvard
gid://shopify/Product/10258072633674,PRODUCT,body_html,de,https://www.eclore.se/collections/ansiktsvard,https://www.eclore.se/de/collections/ansiktsvard
gid://shopify/Product/10258072633674,PRODUCT,body_html,fi,https://www.eclore.se/collections/ansiktsvard,https://www.eclore.se/fi/collections/ansiktsvard
gid://shopify/Product/10258072699210,PRODUCT,body_html,de,https://www.eclore.se/collections/ansiktsvard,https://www.eclore.se/de/collections/ansiktsvard
gid://shopify/Product/10258072699210,PRODUCT,body_html,de,https://www.eclore.se/collections/serum,https://www.eclore.se/de/collections/serum
gid://shopify/Product/10258072699210,PRODUCT,body_html,de,https://www.eclore.se/collections/anti-age,https://www.eclore.se/de/collections/anti-age
gid://shopify/Product/10258072699210,PRODUCT,body_html,fi,https://www.eclore.se/collections/ansiktsvard,https://www.eclore.se/fi/collections/ansiktsvard
gid://shopify/Product/10258072699210,PRODUCT,body_html,fi,https://www.eclore.se/collections/serum,https://www.eclore.se/fi/collections/serum
gid://shopify/Product/10258072699210,PRODUCT,body_html,fi,https://www.eclore.se/collections/anti-age,https://www.eclore.se/fi/collections/anti-age
gid://shopify/Product/10258072895818,PRODUCT,body_html,de,https://www.eclore.se/collections/ansiktsvard,https://www.eclore.se/de/collections/ansiktsvard
gid://shopify/Product/10258072895818,PRODUCT,body_html,de,https://www.eclore.se/collections/serum,https://www.eclore.se/de/collections/serum
gid://shopify/Product/10258072895818,PRODUCT,body_html,de,https://www.eclore.se/collections/anti-age,https://www.eclore.se/de/collections/anti-age
gid://shopify/Product/10258072895818,PRODUCT,body_html,de,https://www.eclore.se/blogs/nyheter/ansiktskram-kanslig-hud,https://www.eclore.se/de/blogs/nyheter/ansiktskram-kanslig-hud
gid://shopify/Product/10258072895818,PRODUCT,body_html,fi,https://www.eclore.se/collections/ansiktsvard,https://www.eclore.se/fi/collections/ansiktsvard
gid://shopify/Product/10258072895818,PRODUCT,body_html,fi,https://www.eclore.se/collections/serum,https://www.eclore.se/fi/collections/serum
gid://shopify/Product/10258072895818,PRODUCT,body_html,fi,https://www.eclore.se/collections/anti-age,https://www.eclore.se/fi/collections/anti-age
gid://shopify/Product/10258072895818,PRODUCT,body_html,fi,https://www.eclore.se/blogs/nyheter/ansiktskram-kanslig-hud,https://www.eclore.se/fi/blogs/nyheter/ansiktskram-kanslig-hud
gid://shopify/Product/10258072928586,PRODUCT,body_html,de,https://www.eclore.se/collections/ansiktsvard,https://www.eclore.se/de/collections/ansiktsvard
gid://shopify/Product/10258072928586,PRODUCT,body_html,fi,https://www.eclore.se/collections/ansiktsvard,https://www.eclore.se/fi/collections/ansiktsvard
gid://shopify/Product/10258073190730,PRODUCT,body_html,de,https://www.eclore.se/collections/ansiktsvard,https://www.eclore.se/de/collections/ansiktsvard
gid://shopify/Product/10258073190730,PRODUCT,body_html,de,https://www.eclore.se/collections/serum,https://www.eclore.se/de/collections/serum
gid://shopify/Product/10258073190730,PRODUCT,body_html,de,https://www.eclore.se/collections/harvard,https://www.eclore.se/de/collections/harvard
gid://shopify/Product/10258073190730,PRODUCT,body_html,fi,https://www.eclore.se/collections/ansiktsvard,https://www.eclore.se/fi/collections/ansiktsvard
gid://shopify/Product/10258073190730,PRODUCT,body_html,fi,https://www.eclore.se/collections/serum,https://www.eclore.se/fi/collections/serum
gid://shopify/Product/10258073190730,PRODUCT,body_html,fi,https://www.eclore.se/collections/harvard,https://www.eclore.se/fi/collections/harvard
gid://shopify/Product/10258073321802,PRODUCT,body_html,de,https://www.eclore.se/collections/ansiktsvard,https://www.eclore.se/de/collections/ansiktsvard
gid://shopify/Product/10258073321802,PRODUCT,body_html,de,https://www.eclore.se/blogs/nyheter/anti-age-serum,https://www.eclore.se/de/blogs/nyheter/anti-age-serum
gid://shopify/Product/10258073321802,PRODUCT,body_html,de,https://www.eclore.se/blogs/hudvardsguider/anti-age-hudvard,https://www.eclore.se/de/blogs/hudvardsguider/anti-age-hudvard
gid://shopify/Product/10258073321802,PRODUCT,body_html,fi,https://www.eclore.se/collections/ansiktsvard,https://www.eclore.se/fi/collections/ansiktsvard
gid://shopify/Product/10258073321802,PRODUCT,body_html,fi,https://www.eclore.se/blogs/nyheter/anti-age-serum,https://www.eclore.se/fi/blogs/nyheter/anti-age-serum
gid://shopify/Product/10258073321802,PRODUCT,body_html,fi,https://www.eclore.se/blogs/hudvardsguider/anti-age-hudvard,https://www.eclore.se/fi/blogs/hudvardsguider/anti-age-hudvard
gid://shopify/Product/10258073354570,PRODUCT,body_html,de,https://www.eclore.se/collections/serum,https://www.eclore.se/de/collections/serum
gid://shopify/Product/10258073354570,PRODUCT,body_html,de,https://www.eclore.se/blogs/nyheter/anti-age-serum,https://www.eclore.se/de/blogs/nyheter/anti-age-serum
gid://shopify/Product/10258073354570,PRODUCT,body_html,de,https://www.eclore.se/blogs/hudvardsguider/anti-age-hudvard,https://www.eclore.se/de/blogs/hudvardsguider/anti-age-hudvard
gid://shopify/Product/10258073354570,PRODUCT,body_html,fi,https://www.eclore.se/collections/serum,https://www.eclore.se/fi/collections/serum
gid://shopify/Product/10258073354570,PRODUCT,body_html,fi,https://www.eclore.se/blogs/nyheter/anti-age-serum,https://www.eclore.se/fi/blogs/nyheter/anti-age-serum
gid://shopify/Product/10258073354570,PRODUCT,body_html,fi,https://www.eclore.se/blogs/hudvardsguider/anti-age-hudvard,https://www.eclore.se/fi/blogs/hudvardsguider/anti-age-hudvard
gid://shopify/Product/10258073616714,PRODUCT,body_html,de,https://www.eclore.se/collections/ansiktsvard,https://www.eclore.se/de/collections/ansiktsvard
gid://shopify/Product/10258073616714,PRODUCT,body_html,de,https://www.eclore.se/blogs/nyheter/anti-age-serum,https://www.eclore.se/de/blogs/nyheter/anti-age-serum
gid://shopify/Product/10258073616714,PRODUCT,body_html,de,https://www.eclore.se/blogs/hudvardsguider/anti-age-hudvard,https://www.eclore.se/de/blogs/hudvardsguider/anti-age-hudvard
gid://shopify/Product/10258073616714,PRODUCT,body_html,fi,https://www.eclore.se/collections/ansiktsvard,https://www.eclore.se/fi/collections/ansiktsvard
gid://shopify/Product/10258073616714,PRODUCT,body_html,fi,https://www.eclore.se/blogs/nyheter/anti-age-serum,https://www.eclore.se/fi/blogs/nyheter/anti-age-serum
gid://shopify/Product/10258073616714,PRODUCT,body_html,fi,https://www.eclore.se/blogs/hudvardsguider/anti-age-hudvard,https://www.eclore.se/fi/blogs/hudvardsguider/anti-age-hudvard
gid://shopify/Product/10258073878858,PRODUCT,body_html,de,https://www.eclore.se/collections/kroppsvard,https://www.eclore.se/de/collections/kroppsvard
gid://shopify/Product/10258073878858,PRODUCT,body_html,fi,https://www.eclore.se/collections/kroppsvard,https://www.eclore.se/fi/collections/kroppsvard
gid://shopify/Product/10258073977162,PRODUCT,body_html,de,https://www.eclore.se/collections/ansiktsvard,https://www.eclore.se/de/collections/ansiktsvard
gid://shopify/Product/10258073977162,PRODUCT,body_html,de,https://www.eclore.se/collections/sminkvaskor,https://www.eclore.se/de/collections/sminkvaskor
gid://shopify/Product/10258073977162,PRODUCT,body_html,fi,https://www.eclore.se/collections/ansiktsvard,https://www.eclore.se/fi/collections/ansiktsvard
gid://shopify/Product/10258073977162,PRODUCT,body_html,fi,https://www.eclore.se/collections/sminkvaskor,https://www.eclore.se/fi/collections/sminkvaskor
gid://shopify/Product/10258074009930,PRODUCT,body_html,de,https://www.eclore.se/collections/ansiktsvard,https://www.eclore.se/de/collections/ansiktsvard
gid://shopify/Product/10258074009930,PRODUCT,body_html,fi,https://www.eclore.se/collections/ansiktsvard,https://www.eclore.se/fi/collections/ansiktsvard
gid://shopify/Product/10258074206538,PRODUCT,body_html,de,https://www.eclore.se/collections/harbotten,https://www.eclore.se/de/collections/harbotten
gid://shopify/Product/10258074206538,PRODUCT,body_html,de,https://www.eclore.se/collections/harvard,https://www.eclore.se/de/collections/harvard
gid://shopify/Product/10258074206538,PRODUCT,body_html,fi,https://www.eclore.se/collections/harbotten,https://www.eclore.se/fi/collections/harbotten
gid://shopify/Product/10258074206538,PRODUCT,body_html,fi,https://www.eclore.se/collections/harvard,https://www.eclore.se/fi/collections/harvard
gid://shopify/Product/10258074239306,PRODUCT,body_html,de,https://www.eclore.se/collections/harvard,https://www.eclore.se/de/collections/harvard
gid://shopify/Product/10258074239306,PRODUCT,body_html,de,https://www.eclore.se/collections/ansiktsvard,https://www.eclore.se/de/collections/ansiktsvard
gid://shopify/Product/10258074239306,PRODUCT,body_html,fi,https://www.eclore.se/collections/harvard,https://www.eclore.se/fi/collections/harvard
gid://shopify/Product/10258074239306,PRODUCT,body_html,fi,https://www.eclore.se/collections/ansiktsvard,https://www.eclore.se/fi/collections/ansiktsvard
gid://shopify/Product/10258076303690,PRODUCT,body_html,de,https://www.eclore.se/collections/ansiktsvard,https://www.eclore.se/de/collections/ansiktsvard
gid://shopify/Product/10258076303690,PRODUCT,body_html,de,https://www.eclore.se/collections/serum,https://www.eclore.se/de/collections/serum
gid://shopify/Product/10258076303690,PRODUCT,body_html,fi,https://www.eclore.se/collections/ansiktsvard,https://www.eclore.se/fi/collections/ansiktsvard
gid://shopify/Product/10258076303690,PRODUCT,body_html,fi,https://www.eclore.se/collections/serum,https://www.eclore.se/fi/collections/serum
gid://shopify/Product/10258076369226,PRODUCT,body_html,de,https://www.eclore.se/blogs/nyheter/ansiktskram-anti-age,https://www.eclore.se/de/blogs/nyheter/ansiktskram-anti-age
gid://shopify/Product/10258076369226,PRODUCT,body_html,de,https://www.eclore.se/blogs/hudvardsguider/anti-age-hudvard,https://www.eclore.se/de/blogs/hudvardsguider/anti-age-hudvard
gid://shopify/Product/10258076369226,PRODUCT,body_html,fi,https://www.eclore.se/blogs/nyheter/ansiktskram-anti-age,https://www.eclore.se/fi/blogs/nyheter/ansiktskram-anti-age
gid://shopify/Product/10258076369226,PRODUCT,body_html,fi,https://www.eclore.se/blogs/hudvardsguider/anti-age-hudvard,https://www.eclore.se/fi/blogs/hudvardsguider/anti-age-hudvard
gid://shopify/Product/10258076500298,PRODUCT,body_html,de,https://www.eclore.se/blogs/nyheter/ansiktskram-anti-age,https://www.eclore.se/de/blogs/nyheter/ansiktskram-anti-age
gid://shopify/Product/10258076500298,PRODUCT,body_html,de,https://www.eclore.se/blogs/hudvardsguider/anti-age-hudvard,https://www.eclore.se/de/blogs/hudvardsguider/anti-age-hudvard
gid://shopify/Product/10258076500298,PRODUCT,body_html,fi,https://www.eclore.se/blogs/nyheter/ansiktskram-anti-age,https://www.eclore.se/fi/blogs/nyheter/ansiktskram-anti-age
gid://shopify/Product/10258076500298,PRODUCT,body_html,fi,https://www.eclore.se/blogs/hudvardsguider/anti-age-hudvard,https://www.eclore.se/fi/blogs/hudvardsguider/anti-age-hudvard
gid://shopify/Product/10258076696906,PRODUCT,body_html,de,https://www.eclore.se/collections/ansiktsvard,https://www.eclore.se/de/collections/ansiktsvard
gid://shopify/Product/10258076696906,PRODUCT,body_html,de,https://www.eclore.se/collections/anti-age,https://www.eclore.se/de/collections/anti-age
gid://shopify/Product/10258076696906,PRODUCT,body_html,fi,https://www.eclore.se/collections/ansiktsvard,https://www.eclore.se/fi/collections/ansiktsvard
gid://shopify/Product/10258076696906,PRODUCT,body_html,fi,https://www.eclore.se/collections/anti-age,https://www.eclore.se/fi/collections/anti-age
gid://shopify/Product/10258076762442,PRODUCT,body_html,de,https://www.eclore.se/collections/ansiktsvard,https://www.eclore.se/de/collections/ansiktsvard
gid://shopify/Product/10258076762442,PRODUCT,body_html,de,https://www.eclore.se/blogs/nyheter/anti-age-serum,https://www.eclore.se/de/blogs/nyheter/anti-age-serum
gid://shopify/Product/10258076762442,PRODUCT,body_html,de,https://www.eclore.se/blogs/hudvardsguider/anti-age-hudvard,https://www.eclore.se/de/blogs/hudvardsguider/anti-age-hudvard
gid://shopify/Product/10258076762442,PRODUCT,body_html,fi,https://www.eclore.se/collections/ansiktsvard,https://www.eclore.se/fi/collections/ansiktsvard
gid://shopify/Product/10258076762442,PRODUCT,body_html,fi,https://www.eclore.se/blogs/nyheter/anti-age-serum,https://www.eclore.se/fi/blogs/nyheter/anti-age-serum
gid://shopify/Product/10258076762442,PRODUCT,body_html,fi,https://www.eclore.se/blogs/hudvardsguider/anti-age-hudvard,https://www.eclore.se/fi/blogs/hudvardsguider/anti-age-hudvard
gid://shopify/Product/10258077188426,PRODUCT,body_html,de,https://www.eclore.se/collections/ansiktsvard,https://www.eclore.se/de/collections/ansiktsvard
gid://shopify/Product/10258077188426,PRODUCT,body_html,fi,https://www.eclore.se/collections/ansiktsvard,https://www.eclore.se/fi/collections/ansiktsvard
gid://shopify/Product/10338505883978,PRODUCT,body_html,de,https://www.eclore.se/collections/schampo-balsam,https://www.eclore.se/de/collections/schampo-balsam
gid://shopify/Product/10338505883978,PRODUCT,body_html,fi,https://www.eclore.se/collections/schampo-balsam,https://www.eclore.se/fi/collections/schampo-balsam
gid://shopify/Product/10338505982282,PRODUCT,body_html,de,https://www.eclore.se/collections/ansiktsvard,https://www.eclore.se/de/collections/ansiktsvard
gid://shopify/Product/10338505982282,PRODUCT,body_html,de,https://www.eclore.se/collections/serum,https://www.eclore.se/de/collections/serum
gid://shopify/Product/10338505982282,PRODUCT,body_html,de,https://www.eclore.se/collections/anti-age,https://www.eclore.se/de/collections/anti-age
gid://shopify/Product/10338505982282,PRODUCT,body_html,fi,https://www.eclore.se/collections/ansiktsvard,https://www.eclore.se/fi/collections/ansiktsvard
gid://shopify/Product/10338505982282,PRODUCT,body_html,fi,https://www.eclore.se/collections/serum,https://www.eclore.se/fi/collections/serum
gid://shopify/Product/10338505982282,PRODUCT,body_html,fi,https://www.eclore.se/collections/anti-age,https://www.eclore.se/fi/collections/anti-age
gid://shopify/Product/10338506047818,PRODUCT,body_html,de,https://www.eclore.se/collections/ansiktsvard,https://www.eclore.se/de/collections/ansiktsvard
gid://shopify/Product/10338506047818,PRODUCT,body_html,fi,https://www.eclore.se/collections/ansiktsvard,https://www.eclore.se/fi/collections/ansiktsvard
gid://shopify/Product/10338506080586,PRODUCT,body_html,de,https://www.eclore.se/collections/kroppsvard,https://www.eclore.se/de/collections/kroppsvard
gid://shopify/Product/10338506080586,PRODUCT,body_html,fi,https://www.eclore.se/collections/kroppsvard,https://www.eclore.se/fi/collections/kroppsvard
gid://shopify/Product/10338506113354,PRODUCT,body_html,de,https://www.eclore.se/collections/barn,https://www.eclore.se/de/collections/barn
gid://shopify/Product/10338506113354,PRODUCT,body_html,fi,https://www.eclore.se/collections/barn,https://www.eclore.se/fi/collections/barn
gid://shopify/Product/10338506146122,PRODUCT,body_html,de,https://www.eclore.se/collections/kroppsvard,https://www.eclore.se/de/collections/kroppsvard
gid://shopify/Product/10338506146122,PRODUCT,body_html,fi,https://www.eclore.se/collections/kroppsvard,https://www.eclore.se/fi/collections/kroppsvard
gid://shopify/Product/10338506211658,PRODUCT,body_html,de,https://www.eclore.se/collections/kroppsvard,https://www.eclore.se/de/collections/kroppsvard
gid://shopify/Product/10338506211658,PRODUCT,body_html,fi,https://www.eclore.se/collections/kroppsvard,https://www.eclore.se/fi/collections/kroppsvard
gid://shopify/Product/10338506244426,PRODUCT,body_html,de,https://www.eclore.se/collections/ansiktsvard,https://www.eclore.se/de/collections/ansiktsvard
gid://shopify/Product/10338506244426,PRODUCT,body_html,fi,https://www.eclore.se/collections/ansiktsvard,https://www.eclore.se/fi/collections/ansiktsvard
gid://shopify/Product/10338506309962,PRODUCT,body_html,de,https://www.eclore.se/collections/kroppsvard,https://www.eclore.se/de/collections/kroppsvard
gid://shopify/Product/10338506309962,PRODUCT,body_html,fi,https://www.eclore.se/collections/kroppsvard,https://www.eclore.se/fi/collections/kroppsvard
gid://shopify/Product/10338506342730,PRODUCT,body_html,de,https://www.eclore.se/collections/schampo-balsam,https://www.eclore.se/de/collections/schampo-balsam
gid://shopify/Product/10338506342730,PRODUCT,body_html,fi,https://www.eclore.se/collections/schampo-balsam,https://www.eclore.se/fi/collections/schampo-balsam
gid://shopify/Product/10338506703178,PRODUCT,body_html,de,https://www.eclore.se/collections/ansiktsvard,https://www.eclore.se/de/collections/ansiktsvard
gid://shopify/Product/10338506703178,PRODUCT,body_html,fi,https://www.eclore.se/collections/ansiktsvard,https://www.eclore.se/fi/collections/ansiktsvard
gid://shopify/Product/10338506735946,PRODUCT,body_html,de,https://www.eclore.se/collections/schampo-balsam,https://www.eclore.se/de/collections/schampo-balsam
gid://shopify/Product/10338506735946,PRODUCT,body_html,fi,https://www.eclore.se/collections/schampo-balsam,https://www.eclore.se/fi/collections/schampo-balsam
gid://shopify/Product/10338506768714,PRODUCT,body_html,de,https://www.eclore.se/collections/barn,https://www.eclore.se/de/collections/barn
gid://shopify/Product/10338506768714,PRODUCT,body_html,fi,https://www.eclore.se/collections/barn,https://www.eclore.se/fi/collections/barn
gid://shopify/Product/10338506801482,PRODUCT,body_html,de,https://www.eclore.se/collections/schampo-balsam,https://www.eclore.se/de/collections/schampo-balsam
gid://shopify/Product/10338506801482,PRODUCT,body_html,fi,https://www.eclore.se/collections/schampo-balsam,https://www.eclore.se/fi/collections/schampo-balsam
gid://shopify/Product/10338506834250,PRODUCT,body_html,de,https://www.eclore.se/collections/bodyscrub,https://www.eclore.se/de/collections/bodyscrub
gid://shopify/Product/10338506834250,PRODUCT,body_html,de,https://www.eclore.se/collections/kroppsvard,https://www.eclore.se/de/collections/kroppsvard
gid://shopify/Product/10338506834250,PRODUCT,body_html,fi,https://www.eclore.se/collections/bodyscrub,https://www.eclore.se/fi/collections/bodyscrub
gid://shopify/Product/10338506834250,PRODUCT,body_html,fi,https://www.eclore.se/collections/kroppsvard,https://www.eclore.se/fi/collections/kroppsvard
gid://shopify/Product/10338508013898,PRODUCT,body_html,de,https://www.eclore.se/collections/kroppsvard,https://www.eclore.se/de/collections/kroppsvard
gid://shopify/Product/10338508013898,PRODUCT,body_html,fi,https://www.eclore.se/collections/kroppsvard,https://www.eclore.se/fi/collections/kroppsvard
gid://shopify/Product/10338508046666,PRODUCT,body_html,de,https://www.eclore.se/collections/kroppsvard,https://www.eclore.se/de/collections/kroppsvard
gid://shopify/Product/10338508046666,PRODUCT,body_html,fi,https://www.eclore.se/collections/kroppsvard,https://www.eclore.se/fi/collections/kroppsvard
gid://shopify/Product/10338508079434,PRODUCT,body_html,de,https://www.eclore.se/collections/kroppsvard,https://www.eclore.se/de/collections/kroppsvard
gid://shopify/Product/10338508079434,PRODUCT,body_html,fi,https://www.eclore.se/collections/kroppsvard,https://www.eclore.se/fi/collections/kroppsvard
gid://shopify/Product/10338508144970,PRODUCT,body_html,de,https://www.eclore.se/collections/kroppsvard,https://www.eclore.se/de/collections/kroppsvard
gid://shopify/Product/10338508144970,PRODUCT,body_html,fi,https://www.eclore.se/collections/kroppsvard,https://www.eclore.se/fi/collections/kroppsvard
gid://shopify/Product/10338508276042,PRODUCT,body_html,de,https://www.eclore.se/collections/kroppsvard,https://www.eclore.se/de/collections/kroppsvard
gid://shopify/Product/10338508276042,PRODUCT,body_html,fi,https://www.eclore.se/collections/kroppsvard,https://www.eclore.se/fi/collections/kroppsvard
gid://shopify/Product/10351408021834,PRODUCT,body_html,de,https://www.eclore.se/collections/kroppsvard,https://www.eclore.se/de/collections/kroppsvard
gid://shopify/Product/10351408021834,PRODUCT,body_html,de,https://www.eclore.se/collections/bodyscrub,https://www.eclore.se/de/collections/bodyscrub
gid://shopify/Product/10351408021834,PRODUCT,body_html,fi,https://www.eclore.se/collections/kroppsvard,https://www.eclore.se/fi/collections/kroppsvard
gid://shopify/Product/10351408021834,PRODUCT,body_html,fi,https://www.eclore.se/collections/bodyscrub,https://www.eclore.se/fi/collections/bodyscrub
gid://shopify/Product/10351408054602,PRODUCT,body_html,de,https://www.eclore.se/collections/kroppsvard,https://www.eclore.se/de/collections/kroppsvard
gid://shopify/Product/10351408054602,PRODUCT,body_html,fi,https://www.eclore.se/collections/kroppsvard,https://www.eclore.se/fi/collections/kroppsvard
gid://shopify/Product/10351408087370,PRODUCT,body_html,de,https://www.eclore.se/collections/kroppsvard,https://www.eclore.se/de/collections/kroppsvard
gid://shopify/Product/10351408087370,PRODUCT,body_html,fi,https://www.eclore.se/collections/kroppsvard,https://www.eclore.se/fi/collections/kroppsvard
gid://shopify/Product/10351408120138,PRODUCT,body_html,de,https://www.eclore.se/collections/bodyscrub,https://www.eclore.se/de/collections/bodyscrub
gid://shopify/Product/10351408120138,PRODUCT,body_html,de,https://www.eclore.se/collections/kroppsvard,https://www.eclore.se/de/collections/kroppsvard
gid://shopify/Product/10351408120138,PRODUCT,body_html,fi,https://www.eclore.se/collections/bodyscrub,https://www.eclore.se/fi/collections/bodyscrub
gid://shopify/Product/10351408120138,PRODUCT,body_html,fi,https://www.eclore.se/collections/kroppsvard,https://www.eclore.se/fi/collections/kroppsvard
gid://shopify/Product/10351408152906,PRODUCT,body_html,de,https://www.eclore.se/collections/kroppsvard,https://www.eclore.se/de/collections/kroppsvard
gid://shopify/Product/10351408152906,PRODUCT,body_html,fi,https://www.eclore.se/collections/kroppsvard,https://www.eclore.se/fi/collections/kroppsvard
gid://shopify/Product/10351408185674,PRODUCT,body_html,de,https://www.eclore.se/collections/kroppsvard,https://www.eclore.se/de/collections/kroppsvard
gid://shopify/Product/10351408185674,PRODUCT,body_html,fi,https://www.eclore.se/collections/kroppsvard,https://www.eclore.se/fi/collections/kroppsvard
gid://shopify/Product/10351408218442,PRODUCT,body_html,de,https://www.eclore.se/collections/sminkvaskor,https://www.eclore.se/de/collections/sminkvaskor
gid://shopify/Product/10351408218442,PRODUCT,body_html,de,https://www.eclore.se/collections/kroppsvard,https://www.eclore.se/de/collections/kroppsvard
gid://shopify/Product/10351408218442,PRODUCT,body_html,fi,https://www.eclore.se/collections/sminkvaskor,https://www.eclore.se/fi/collections/sminkvaskor
gid://shopify/Product/10351408218442,PRODUCT,body_html,fi,https://www.eclore.se/collections/kroppsvard,https://www.eclore.se/fi/collections/kroppsvard
gid://shopify/Product/10351408251210,PRODUCT,body_html,de,https://www.eclore.se/collections/kroppsvard,https://www.eclore.se/de/collections/kroppsvard
gid://shopify/Product/10351408251210,PRODUCT,body_html,fi,https://www.eclore.se/collections/kroppsvard,https://www.eclore.se/fi/collections/kroppsvard
gid://shopify/Product/10351408316746,PRODUCT,body_html,de,https://www.eclore.se/collections/kroppsvard,https://www.eclore.se/de/collections/kroppsvard
gid://shopify/Product/10351408316746,PRODUCT,body_html,de,https://www.eclore.se/collections/doftljus,https://www.eclore.se/de/collections/doftljus
gid://shopify/Product/10351408316746,PRODUCT,body_html,fi,https://www.eclore.se/collections/kroppsvard,https://www.eclore.se/fi/collections/kroppsvard
gid://shopify/Product/10351408316746,PRODUCT,body_html,fi,https://www.eclore.se/collections/doftljus,https://www.eclore.se/fi/collections/doftljus
gid://shopify/Product/10351408382282,PRODUCT,body_html,de,https://www.eclore.se/collections/kroppsvard,https://www.eclore.se/de/collections/kroppsvard
gid://shopify/Product/10351408382282,PRODUCT,body_html,fi,https://www.eclore.se/collections/kroppsvard,https://www.eclore.se/fi/collections/kroppsvard
gid://shopify/Product/15120960782666,PRODUCT,body_html,de,https://www.eclore.se/collections/sminkvaskor,https://www.eclore.se/de/collections/sminkvaskor
gid://shopify/Product/15120960782666,PRODUCT,body_html,fi,https://www.eclore.se/collections/sminkvaskor,https://www.eclore.se/fi/collections/sminkvaskor
gid://shopify/Product/15120960815434,PRODUCT,body_html,de,https://www.eclore.se/collections/sminkvaskor,https://www.eclore.se/de/collections/sminkvaskor
gid://shopify/Product/15120960815434,PRODUCT,body_html,fi,https://www.eclore.se/collections/sminkvaskor,https://www.eclore.se/fi/collections/sminkvaskor
gid://shopify/Product/15120960848202,PRODUCT,body_html,de,https://www.eclore.se/collections/sminkvaskor,https://www.eclore.se/de/collections/sminkvaskor
gid://shopify/Product/15120960848202,PRODUCT,body_html,fi,https://www.eclore.se/collections/sminkvaskor,https://www.eclore.se/fi/collections/sminkvaskor
gid://shopify/Product/15120960880970,PRODUCT,body_html,de,https://www.eclore.se/collections/sminkvaskor,https://www.eclore.se/de/collections/sminkvaskor
gid://shopify/Product/15120960880970,PRODUCT,body_html,fi,https://www.eclore.se/collections/sminkvaskor,https://www.eclore.se/fi/collections/sminkvaskor
gid://shopify/Product/15120960913738,PRODUCT,body_html,de,https://www.eclore.se/collections/sminkvaskor,https://www.eclore.se/de/collections/sminkvaskor
gid://shopify/Product/15120960913738,PRODUCT,body_html,fi,https://www.eclore.se/collections/sminkvaskor,https://www.eclore.se/fi/collections/sminkvaskor
gid://shopify/Product/15120960946506,PRODUCT,body_html,de,https://www.eclore.se/collections/sminkvaskor,https://www.eclore.se/de/collections/sminkvaskor
gid://shopify/Product/15120960946506,PRODUCT,body_html,fi,https://www.eclore.se/collections/sminkvaskor,https://www.eclore.se/fi/collections/sminkvaskor
gid://shopify/Product/15120961044810,PRODUCT,body_html,de,https://www.eclore.se/collections/sminkvaskor,https://www.eclore.se/de/collections/sminkvaskor
gid://shopify/Product/15120961044810,PRODUCT,body_html,de,https://www.eclore.se/collections/sminkvaskor,https://www.eclore.se/de/collections/sminkvaskor
gid://shopify/Product/15120961044810,PRODUCT,body_html,fi,https://www.eclore.se/collections/sminkvaskor,https://www.eclore.se/fi/collections/sminkvaskor
gid://shopify/Product/15120961044810,PRODUCT,body_html,fi,https://www.eclore.se/collections/sminkvaskor,https://www.eclore.se/fi/collections/sminkvaskor
gid://shopify/Product/15120961077578,PRODUCT,body_html,de,https://www.eclore.se/collections/sminkvaskor,https://www.eclore.se/de/collections/sminkvaskor
gid://shopify/Product/15120961077578,PRODUCT,body_html,fi,https://www.eclore.se/collections/sminkvaskor,https://www.eclore.se/fi/collections/sminkvaskor
gid://shopify/Product/15121019666762,PRODUCT,body_html,de,https://www.eclore.se/collections/doftljus,https://www.eclore.se/de/collections/doftljus
gid://shopify/Product/15121019666762,PRODUCT,body_html,fi,https://www.eclore.se/collections/doftljus,https://www.eclore.se/fi/collections/doftljus
gid://shopify/Product/15121019732298,PRODUCT,body_html,de,https://www.eclore.se/collections/doftljus,https://www.eclore.se/de/collections/doftljus
gid://shopify/Product/15121019732298,PRODUCT,body_html,fi,https://www.eclore.se/collections/doftljus,https://www.eclore.se/fi/collections/doftljus
gid://shopify/Product/15121021272394,PRODUCT,body_html,de,https://www.eclore.se/products/tilk-harbalsam-mynta-rosmarin-kokos-200ml,https://www.eclore.se/de/products/tilk-harbalsam-mynta-rosmarin-kokos-200ml
gid://shopify/Product/15121021272394,PRODUCT,body_html,de,https://www.eclore.se/collections/schampo-balsam,https://www.eclore.se/de/collections/schampo-balsam
gid://shopify/Product/15121021272394,PRODUCT,body_html,de,https://www.eclore.se/collections/harvard,https://www.eclore.se/de/collections/harvard
gid://shopify/Product/15121021272394,PRODUCT,body_html,fi,https://www.eclore.se/products/tilk-harbalsam-mynta-rosmarin-kokos-200ml,https://www.eclore.se/fi/products/tilk-harbalsam-mynta-rosmarin-kokos-200ml
gid://shopify/Product/15121021272394,PRODUCT,body_html,fi,https://www.eclore.se/collections/schampo-balsam,https://www.eclore.se/fi/collections/schampo-balsam
gid://shopify/Product/15121021272394,PRODUCT,body_html,fi,https://www.eclore.se/collections/harvard,https://www.eclore.se/fi/collections/harvard
gid://shopify/Product/15121021337930,PRODUCT,body_html,de,https://www.eclore.se/collections/doftljus,https://www.eclore.se/de/collections/doftljus
gid://shopify/Product/15121021337930,PRODUCT,body_html,fi,https://www.eclore.se/collections/doftljus,https://www.eclore.se/fi/collections/doftljus
gid://shopify/Product/15121021370698,PRODUCT,body_html,de,https://www.eclore.se/collections/doftljus,https://www.eclore.se/de/collections/doftljus
gid://shopify/Product/15121021370698,PRODUCT,body_html,fi,https://www.eclore.se/collections/doftljus,https://www.eclore.se/fi/collections/doftljus
gid://shopify/Product/15121021469002,PRODUCT,body_html,de,https://www.eclore.se/collections/doftljus,https://www.eclore.se/de/collections/doftljus
gid://shopify/Product/15121021469002,PRODUCT,body_html,fi,https://www.eclore.se/collections/doftljus,https://www.eclore.se/fi/collections/doftljus
gid://shopify/Product/15121021567306,PRODUCT,body_html,de,https://www.eclore.se/collections/doftljus,https://www.eclore.se/de/collections/doftljus
gid://shopify/Product/15121021567306,PRODUCT,body_html,fi,https://www.eclore.se/collections/doftljus,https://www.eclore.se/fi/collections/doftljus
gid://shopify/Product/15121021600074,PRODUCT,body_html,de,https://www.eclore.se/collections/doftljus,https://www.eclore.se/de/collections/doftljus
gid://shopify/Product/15121021600074,PRODUCT,body_html,fi,https://www.eclore.se/collections/doftljus,https://www.eclore.se/fi/collections/doftljus
gid://shopify/Product/15121021698378,PRODUCT,body_html,de,https://www.eclore.se/collections/doftljus,https://www.eclore.se/de/collections/doftljus
gid://shopify/Product/15121021698378,PRODUCT,body_html,fi,https://www.eclore.se/collections/doftljus,https://www.eclore.se/fi/collections/doftljus
gid://shopify/Product/15121021829450,PRODUCT,body_html,de,https://www.eclore.se/collections/doftljus,https://www.eclore.se/de/collections/doftljus
gid://shopify/Product/15121021829450,PRODUCT,body_html,fi,https://www.eclore.se/collections/doftljus,https://www.eclore.se/fi/collections/doftljus
gid://shopify/Product/15121021993290,PRODUCT,body_html,de,https://www.eclore.se/collections/doftljus,https://www.eclore.se/de/collections/doftljus
gid://shopify/Product/15121021993290,PRODUCT,body_html,fi,https://www.eclore.se/collections/doftljus,https://www.eclore.se/fi/collections/doftljus
gid://shopify/Product/15138043396426,PRODUCT,body_html,de,https://www.eclore.se/collections/sminkvaskor,https://www.eclore.se/de/collections/sminkvaskor
gid://shopify/Product/15138043396426,PRODUCT,body_html,fi,https://www.eclore.se/collections/sminkvaskor,https://www.eclore.se/fi/collections/sminkvaskor
gid://shopify/Product/15138043953482,PRODUCT,body_html,de,https://www.eclore.se/collections/sminkvaskor,https://www.eclore.se/de/collections/sminkvaskor
gid://shopify/Product/15138043953482,PRODUCT,body_html,de,https://www.eclore.se/collections/sminkvaskor,https://www.eclore.se/de/collections/sminkvaskor
gid://shopify/Product/15138043953482,PRODUCT,body_html,fi,https://www.eclore.se/collections/sminkvaskor,https://www.eclore.se/fi/collections/sminkvaskor
gid://shopify/Product/15138043953482,PRODUCT,body_html,fi,https://www.eclore.se/collections/sminkvaskor,https://www.eclore.se/fi/collections/sminkvaskor
gid://shopify/Product/15138044019018,PRODUCT,body_html,de,https://www.eclore.se/collections/sminkvaskor,https://www.eclore.se/de/collections/sminkvaskor
gid://shopify/Product/15138044019018,PRODUCT,body_html,de,https://www.eclore.se/collections/sminkvaskor,https://www.eclore.se/de/collections/sminkvaskor
gid://shopify/Product/15138044019018,PRODUCT,body_html,fi,https://www.eclore.se/collections/sminkvaskor,https://www.eclore.se/fi/collections/sminkvaskor
gid://shopify/Product/15138044019018,PRODUCT,body_html,fi,https://www.eclore.se/collections/sminkvaskor,https://www.eclore.se/fi/collections/sminkvaskor
gid://shopify/Product/15138044084554,PRODUCT,body_html,de,https://www.eclore.se/collections/sminkvaskor,https://www.eclore.se/de/collections/sminkvaskor
gid://shopify/Product/15138044084554,PRODUCT,body_html,fi,https://www.eclore.se/collections/sminkvaskor,https://www.eclore.se/fi/collections/sminkvaskor
gid://shopify/Product/15138044182858,PRODUCT,body_html,de,https://www.eclore.se/collections/sminkvaskor,https://www.eclore.se/de/collections/sminkvaskor
gid://shopify/Product/15138044182858,PRODUCT,body_html,fi,https://www.eclore.se/collections/sminkvaskor,https://www.eclore.se/fi/collections/sminkvaskor
gid://shopify/Product/15138044215626,PRODUCT,body_html,de,https://www.eclore.se/collections/sminkvaskor,https://www.eclore.se/de/collections/sminkvaskor
gid://shopify/Product/15138044215626,PRODUCT,body_html,de,https://www.eclore.se/collections/sminkvaskor,https://www.eclore.se/de/collections/sminkvaskor
gid://shopify/Product/15138044215626,PRODUCT,body_html,fi,https://www.eclore.se/collections/sminkvaskor,https://www.eclore.se/fi/collections/sminkvaskor
gid://shopify/Product/15138044215626,PRODUCT,body_html,fi,https://www.eclore.se/collections/sminkvaskor,https://www.eclore.se/fi/collections/sminkvaskor
gid://shopify/Product/15151168160074,PRODUCT,body_html,de,https://www.eclore.se/collections/ansiktsvard,https://www.eclore.se/de/collections/ansiktsvard
gid://shopify/Product/15151168160074,PRODUCT,body_html,de,https://www.eclore.se/collections/anti-age,https://www.eclore.se/de/collections/anti-age
gid://shopify/Product/15151168160074,PRODUCT,body_html,de,https://www.eclore.se/collections/eclore,https://www.eclore.se/de/collections/eclore
gid://shopify/Product/15151168160074,PRODUCT,body_html,fi,https://www.eclore.se/collections/ansiktsvard,https://www.eclore.se/fi/collections/ansiktsvard
gid://shopify/Product/15151168160074,PRODUCT,body_html,fi,https://www.eclore.se/collections/anti-age,https://www.eclore.se/fi/collections/anti-age
gid://shopify/Product/15151168160074,PRODUCT,body_html,fi,https://www.eclore.se/collections/eclore,https://www.eclore.se/fi/collections/eclore
gid://shopify/Product/15158531129674,PRODUCT,body_html,de,https://www.eclore.se/collections/ansiktsvard,https://www.eclore.se/de/collections/ansiktsvard
gid://shopify/Product/15158531129674,PRODUCT,body_html,de,https://www.eclore.se/collections/eclore,https://www.eclore.se/de/collections/eclore
gid://shopify/Product/15158531129674,PRODUCT,body_html,de,https://www.eclore.se/collections/anti-age,https://www.eclore.se/de/collections/anti-age
gid://shopify/Product/15158531129674,PRODUCT,body_html,de,https://www.eclore.se/blogs/nyheter/7-basta-ansiktskramerna-for-man-2025,https://www.eclore.se/de/blogs/nyheter/7-basta-ansiktskramerna-for-man-2025
gid://shopify/Product/15158531129674,PRODUCT,body_html,fi,https://www.eclore.se/collections/ansiktsvard,https://www.eclore.se/fi/collections/ansiktsvard
gid://shopify/Product/15158531129674,PRODUCT,body_html,fi,https://www.eclore.se/collections/eclore,https://www.eclore.se/fi/collections/eclore
gid://shopify/Product/15158531129674,PRODUCT,body_html,fi,https://www.eclore.se/collections/anti-age,https://www.eclore.se/fi/collections/anti-age
gid://shopify/Product/15158531129674,PRODUCT,body_html,fi,https://www.eclore.se/blogs/nyheter/7-basta-ansiktskramerna-for-man-2025,https://www.eclore.se/fi/blogs/nyheter/7-basta-ansiktskramerna-for-man-2025
gid://shopify/Product/15158594339146,PRODUCT,body_html,de,https://www.eclore.se/collections/ansiktsvard,https://www.eclore.se/de/collections/ansiktsvard
gid://shopify/Product/15158594339146,PRODUCT,body_html,de,https://www.eclore.se/collections/serum,https://www.eclore.se/de/collections/serum
gid://shopify/Product/15158594339146,PRODUCT,body_html,de,https://www.eclore.se/collections/eclore,https://www.eclore.se/de/collections/eclore
gid://shopify/Product/15158594339146,PRODUCT,body_html,fi,https://www.eclore.se/collections/ansiktsvard,https://www.eclore.se/fi/collections/ansiktsvard
gid://shopify/Product/15158594339146,PRODUCT,body_html,fi,https://www.eclore.se/collections/serum,https://www.eclore.se/fi/collections/serum
gid://shopify/Product/15158594339146,PRODUCT,body_html,fi,https://www.eclore.se/collections/eclore,https://www.eclore.se/fi/collections/eclore
gid://shopify/Product/15161695207754,PRODUCT,body_html,de,https://www.eclore.se/collections/ansiktsvard,https://www.eclore.se/de/collections/ansiktsvard
gid://shopify/Product/15161695207754,PRODUCT,body_html,de,https://www.eclore.se/collections/eclore,https://www.eclore.se/de/collections/eclore
gid://shopify/Product/15161695207754,PRODUCT,body_html,de,https://www.eclore.se/collections/serum,https://www.eclore.se/de/collections/serum
gid://shopify/Product/15161695207754,PRODUCT,body_html,fi,https://www.eclore.se/collections/ansiktsvard,https://www.eclore.se/fi/collections/ansiktsvard
gid://shopify/Product/15161695207754,PRODUCT,body_html,fi,https://www.eclore.se/collections/eclore,https://www.eclore.se/fi/collections/eclore
gid://shopify/Product/15161695207754,PRODUCT,body_html,fi,https://www.eclore.se/collections/serum,https://www.eclore.se/fi/collections/serum
gid://shopify/Product/15162982498634,PRODUCT,body_html,de,https://www.eclore.se/collections/ansiktsvard,https://www.eclore.se/de/collections/ansiktsvard
gid://shopify/Product/15162982498634,PRODUCT,body_html,de,https://www.eclore.se/collections/anti-age,https://www.eclore.se/de/collections/anti-age
gid://shopify/Product/15162982498634,PRODUCT,body_html,de,https://www.eclore.se/collections/eclore,https://www.eclore.se/de/collections/eclore
gid://shopify/Product/15162982498634,PRODUCT,body_html,de,https://www.eclore.se/blogs/nyheter/ogonkram-man,https://www.eclore.se/de/blogs/nyheter/ogonkram-man
gid://shopify/Product/15162982498634,PRODUCT,body_html,fi,https://www.eclore.se/collections/ansiktsvard,https://www.eclore.se/fi/collections/ansiktsvard
gid://shopify/Product/15162982498634,PRODUCT,body_html,fi,https://www.eclore.se/collections/anti-age,https://www.eclore.se/fi/collections/anti-age
gid://shopify/Product/15162982498634,PRODUCT,body_html,fi,https://www.eclore.se/collections/eclore,https://www.eclore.se/fi/collections/eclore
gid://shopify/Product/15162982498634,PRODUCT,body_html,fi,https://www.eclore.se/blogs/nyheter/ogonkram-man,https://www.eclore.se/fi/blogs/nyheter/ogonkram-man
gid://shopify/Product/15164657041738,PRODUCT,body_html,de,https://www.eclore.se/collections/harvard,https://www.eclore.se/de/collections/harvard
gid://shopify/Product/15164657041738,PRODUCT,body_html,de,https://www.eclore.se/collections/eclore,https://www.eclore.se/de/collections/eclore
gid://shopify/Product/15164657041738,PRODUCT,body_html,fi,https://www.eclore.se/collections/harvard,https://www.eclore.se/fi/collections/harvard
gid://shopify/Product/15164657041738,PRODUCT,body_html,fi,https://www.eclore.se/collections/eclore,https://www.eclore.se/fi/collections/eclore
gid://shopify/Product/15165488267594,PRODUCT,body_html,de,https://www.eclore.se/collections/ansiktsvard,https://www.eclore.se/de/collections/ansiktsvard
gid://shopify/Product/15165488267594,PRODUCT,body_html,de,https://www.eclore.se/collections/kroppsvard,https://www.eclore.se/de/collections/kroppsvard
gid://shopify/Product/15165488267594,PRODUCT,body_html,fi,https://www.eclore.se/collections/ansiktsvard,https://www.eclore.se/fi/collections/ansiktsvard
gid://shopify/Product/15165488267594,PRODUCT,body_html,fi,https://www.eclore.se/collections/kroppsvard,https://www.eclore.se/fi/collections/kroppsvard
gid://shopify/Product/15170826568010,PRODUCT,body_html,de,https://www.eclore.se/collections/ansiktsvard,https://www.eclore.se/de/collections/ansiktsvard
gid://shopify/Product/15170826568010,PRODUCT,body_html,de,https://www.eclore.se/collections/naturlig-hudv%C3%A5rd,https://www.eclore.se/de/collections/naturlig-hudv%C3%A5rd
gid://shopify/Product/15170826568010,PRODUCT,body_html,de,https://www.eclore.se/collections/serum,https://www.eclore.se/de/collections/serum
gid://shopify/Product/15170826568010,PRODUCT,body_html,fi,https://www.eclore.se/collections/ansiktsvard,https://www.eclore.se/fi/collections/ansiktsvard
gid://shopify/Product/15170826568010,PRODUCT,body_html,fi,https://www.eclore.se/collections/naturlig-hudv%C3%A5rd,https://www.eclore.se/fi/collections/naturlig-hudv%C3%A5rd
gid://shopify/Product/15170826568010,PRODUCT,body_html,fi,https://www.eclore.se/collections/serum,https://www.eclore.se/fi/collections/serum
gid://shopify/Product/15171720773962,PRODUCT,body_html,de,https://www.eclore.se/collections/anti-age,https://www.eclore.se/de/collections/anti-age
gid://shopify/Product/15171720773962,PRODUCT,body_html,de,https://www.eclore.se/collections/ansiktsvard,https://www.eclore.se/de/collections/ansiktsvard
gid://shopify/Product/15171720773962,PRODUCT,body_html,de,https://www.eclore.se/collections/eclore,https://www.eclore.se/de/collections/eclore
gid://shopify/Product/15171720773962,PRODUCT,body_html,fi,https://www.eclore.se/collections/anti-age,https://www.eclore.se/fi/collections/anti-age
gid://shopify/Product/15171720773962,PRODUCT,body_html,fi,https://www.eclore.se/collections/ansiktsvard,https://www.eclore.se/fi/collections/ansiktsvard
gid://shopify/Product/15171720773962,PRODUCT,body_html,fi,https://www.eclore.se/collections/eclore,https://www.eclore.se/fi/collections/eclore
gid://shopify/Product/15171772711242,PRODUCT,body_html,de,https://www.eclore.se/collections/ansiktsvard,https://www.eclore.se/de/collections/ansiktsvard
gid://shopify/Product/15171772711242,PRODUCT,body_html,de,https://www.eclore.se/collections/anti-age,https://www.eclore.se/de/collections/anti-age
gid://shopify/Product/15171772711242,PRODUCT,body_html,de,https://www.eclore.se/collections/eclore,https://www.eclore.se/de/collections/eclore
gid://shopify/Product/15171772711242,PRODUCT,body_html,fi,https://www.eclore.se/collections/ansiktsvard,https://www.eclore.se/fi/collections/ansiktsvard
gid://shopify/Product/15171772711242,PRODUCT,body_html,fi,https://www.eclore.se/collections/anti-age,https://www.eclore.se/fi/collections/anti-age
gid://shopify/Product/15171772711242,PRODUCT,body_html,fi,https://www.eclore.se/collections/eclore,https://www.eclore.se/fi/collections/eclore
gid://shopify/Product/15173772542282,PRODUCT,body_html,de,https://www.eclore.se/collections/schampo-balsam,https://www.eclore.se/de/collections/schampo-balsam
gid://shopify/Product/15173772542282,PRODUCT,body_html,fi,https://www.eclore.se/collections/schampo-balsam,https://www.eclore.se/fi/collections/schampo-balsam
gid://shopify/Product/15177715614026,PRODUCT,body_html,de,https://www.eclore.se/collections/naturlig-hudvard,https://www.eclore.se/de/collections/naturlig-hudvard
gid://shopify/Product/15177715614026,PRODUCT,body_html,de,https://www.eclore.se/collections/anti-age,https://www.eclore.se/de/collections/anti-age
gid://shopify/Product/15177715614026,PRODUCT,body_html,de,https://www.eclore.se/collections/serum,https://www.eclore.se/de/collections/serum
gid://shopify/Product/15177715614026,PRODUCT,body_html,fi,https://www.eclore.se/collections/naturlig-hudvard,https://www.eclore.se/fi/collections/naturlig-hudvard
gid://shopify/Product/15177715614026,PRODUCT,body_html,fi,https://www.eclore.se/collections/anti-age,https://www.eclore.se/fi/collections/anti-age
gid://shopify/Product/15177715614026,PRODUCT,body_html,fi,https://www.eclore.se/collections/serum,https://www.eclore.se/fi/collections/serum
gid://shopify/Product/15187801899338,PRODUCT,body_html,de,https://www.eclore.se/collections/ansiktsvard,https://www.eclore.se/de/collections/ansiktsvard
gid://shopify/Product/15187801899338,PRODUCT,body_html,fi,https://www.eclore.se/collections/ansiktsvard,https://www.eclore.se/fi/collections/ansiktsvard
gid://shopify/Product/15188502348106,PRODUCT,body_html,de,https://www.eclore.se/collections/serum,https://www.eclore.se/de/collections/serum
gid://shopify/Product/15188502348106,PRODUCT,body_html,de,https://www.eclore.se/collections/anti-age,https://www.eclore.se/de/collections/anti-age
gid://shopify/Product/15188502348106,PRODUCT,body_html,de,https://www.eclore.se/collections/eclore,https://www.eclore.se/de/collections/eclore
gid://shopify/Product/15188502348106,PRODUCT,body_html,fi,https://www.eclore.se/collections/serum,https://www.eclore.se/fi/collections/serum
gid://shopify/Product/15188502348106,PRODUCT,body_html,fi,https://www.eclore.se/collections/anti-age,https://www.eclore.se/fi/collections/anti-age
gid://shopify/Product/15188502348106,PRODUCT,body_html,fi,https://www.eclore.se/collections/eclore,https://www.eclore.se/fi/collections/eclore
gid://shopify/Product/15190799810890,PRODUCT,body_html,de,https://www.eclore.se/collections/ansiktsvard,https://www.eclore.se/de/collections/ansiktsvard
gid://shopify/Product/15190799810890,PRODUCT,body_html,de,https://www.eclore.se/collections/eclore,https://www.eclore.se/de/collections/eclore
gid://shopify/Product/15190799810890,PRODUCT,body_html,de,https://www.eclore.se/collections/anti-age,https://www.eclore.se/de/collections/anti-age
gid://shopify/Product/15190799810890,PRODUCT,body_html,de,https://www.eclore.se/blogs/nyheter/ogonkram-man,https://www.eclore.se/de/blogs/nyheter/ogonkram-man
gid://shopify/Product/15190799810890,PRODUCT,body_html,fi,https://www.eclore.se/collections/ansiktsvard,https://www.eclore.se/fi/collections/ansiktsvard
gid://shopify/Product/15190799810890,PRODUCT,body_html,fi,https://www.eclore.se/collections/eclore,https://www.eclore.se/fi/collections/eclore
gid://shopify/Product/15190799810890,PRODUCT,body_html,fi,https://www.eclore.se/collections/anti-age,https://www.eclore.se/fi/collections/anti-age
gid://shopify/Product/15190799810890,PRODUCT,body_html,fi,https://www.eclore.se/blogs/nyheter/ogonkram-man,https://www.eclore.se/fi/blogs/nyheter/ogonkram-man
gid://shopify/Product/15190913089866,PRODUCT,body_html,de,https://www.eclore.se/collections/ansiktsvard,https://www.eclore.se/de/collections/ansiktsvard
gid://shopify/Product/15190913089866,PRODUCT,body_html,de,https://www.eclore.se/collections/anti-age,https://www.eclore.se/de/collections/anti-age
gid://shopify/Product/15190913089866,PRODUCT,body_html,de,https://www.eclore.se/collections/eclore,https://www.eclore.se/de/collections/eclore
gid://shopify/Product/15190913089866,PRODUCT,body_html,fi,https://www.eclore.se/collections/ansiktsvard,https://www.eclore.se/fi/collections/ansiktsvard
gid://shopify/Product/15190913089866,PRODUCT,body_html,fi,https://www.eclore.se/collections/anti-age,https://www.eclore.se/fi/collections/anti-age
gid://shopify/Product/15190913089866,PRODUCT,body_html,fi,https://www.eclore.se/collections/eclore,https://www.eclore.se/fi/collections/eclore
gid://shopify/Product/15200975880522,PRODUCT,body_html,de,https://www.eclore.se/collections/serum,https://www.eclore.se/de/collections/serum
gid://shopify/Product/15200975880522,PRODUCT,body_html,de,https://www.eclore.se/collections/ansiktsvard,https://www.eclore.se/de/collections/ansiktsvard
gid://shopify/Product/15200975880522,PRODUCT,body_html,de,https://www.eclore.se/collections/anti-age,https://www.eclore.se/de/collections/anti-age
gid://shopify/Product/15200975880522,PRODUCT,body_html,fi,https://www.eclore.se/collections/serum,https://www.eclore.se/fi/collections/serum
gid://shopify/Product/15200975880522,PRODUCT,body_html,fi,https://www.eclore.se/collections/ansiktsvard,https://www.eclore.se/fi/collections/ansiktsvard
gid://shopify/Product/15200975880522,PRODUCT,body_html,fi,https://www.eclore.se/collections/anti-age,https://www.eclore.se/fi/collections/anti-age
gid://shopify/Product/15206825689418,PRODUCT,body_html,de,https://www.eclore.se/collections/naturlig-hudvard,https://www.eclore.se/de/collections/naturlig-hudvard
gid://shopify/Product/15206825689418,PRODUCT,body_html,de,https://www.eclore.se/collections/serum,https://www.eclore.se/de/collections/serum
gid://shopify/Product/15206825689418,PRODUCT,body_html,de,https://www.eclore.se/collections/ansiktsvard,https://www.eclore.se/de/collections/ansiktsvard
gid://shopify/Product/15206825689418,PRODUCT,body_html,fi,https://www.eclore.se/collections/naturlig-hudvard,https://www.eclore.se/fi/collections/naturlig-hudvard
gid://shopify/Product/15206825689418,PRODUCT,body_html,fi,https://www.eclore.se/collections/serum,https://www.eclore.se/fi/collections/serum
gid://shopify/Product/15206825689418,PRODUCT,body_html,fi,https://www.eclore.se/collections/ansiktsvard,https://www.eclore.se/fi/collections/ansiktsvard
gid://shopify/Product/15207923056970,PRODUCT,body_html,de,https://www.eclore.se/collections/schampo-balsam,https://www.eclore.se/de/collections/schampo-balsam
gid://shopify/Product/15207923056970,PRODUCT,body_html,fi,https://www.eclore.se/collections/schampo-balsam,https://www.eclore.se/fi/collections/schampo-balsam
gid://shopify/Product/15213042762058,PRODUCT,body_html,de,https://www.eclore.se/collections/harvard,https://www.eclore.se/de/collections/harvard
gid://shopify/Product/15213042762058,PRODUCT,body_html,de,https://www.eclore.se/collections/eclore,https://www.eclore.se/de/collections/eclore
gid://shopify/Product/15213042762058,PRODUCT,body_html,fi,https://www.eclore.se/collections/harvard,https://www.eclore.se/fi/collections/harvard
gid://shopify/Product/15213042762058,PRODUCT,body_html,fi,https://www.eclore.se/collections/eclore,https://www.eclore.se/fi/collections/eclore
gid://shopify/Product/15217042948426,PRODUCT,body_html,de,https://www.eclore.se/collections/naturlig-hudvard,https://www.eclore.se/de/collections/naturlig-hudvard
gid://shopify/Product/15217042948426,PRODUCT,body_html,de,https://www.eclore.se/collections/ansiktsvard,https://www.eclore.se/de/collections/ansiktsvard
gid://shopify/Product/15217042948426,PRODUCT,body_html,de,https://www.eclore.se/collections/anti-age,https://www.eclore.se/de/collections/anti-age
gid://shopify/Product/15217042948426,PRODUCT,body_html,fi,https://www.eclore.se/collections/naturlig-hudvard,https://www.eclore.se/fi/collections/naturlig-hudvard
gid://shopify/Product/15217042948426,PRODUCT,body_html,fi,https://www.eclore.se/collections/ansiktsvard,https://www.eclore.se/fi/collections/ansiktsvard
gid://shopify/Product/15217042948426,PRODUCT,body_html,fi,https://www.eclore.se/collections/anti-age,https://www.eclore.se/fi/collections/anti-age
gid://shopify/Product/15218818810186,PRODUCT,body_html,de,https://www.eclore.se/collections/ansiktsvard,https://www.eclore.se/de/collections/ansiktsvard
gid://shopify/Product/15218818810186,PRODUCT,body_html,de,https://www.eclore.se/collections/anti-age,https://www.eclore.se/de/collections/anti-age
gid://shopify/Product/15218818810186,PRODUCT,body_html,de,https://www.eclore.se/collections/eclore,https://www.eclore.se/de/collections/eclore
gid://shopify/Product/15218818810186,PRODUCT,body_html,fi,https://www.eclore.se/collections/ansiktsvard,https://www.eclore.se/fi/collections/ansiktsvard
gid://shopify/Product/15218818810186,PRODUCT,body_html,fi,https://www.eclore.se/collections/anti-age,https://www.eclore.se/fi/collections/anti-age
gid://shopify/Product/15218818810186,PRODUCT,body_html,fi,https://www.eclore.se/collections/eclore,https://www.eclore.se/fi/collections/eclore
gid://shopify/Product/15218832245066,PRODUCT,body_html,de,https://www.eclore.se/collections/ansiktsvard,https://www.eclore.se/de/collections/ansiktsvard
gid://shopify/Product/15218832245066,PRODUCT,body_html,de,https://www.eclore.se/collections/anti-age,https://www.eclore.se/de/collections/anti-age
gid://shopify/Product/15218832245066,PRODUCT,body_html,de,https://www.eclore.se/collections/eclore,https://www.eclore.se/de/collections/eclore
gid://shopify/Product/15218832245066,PRODUCT,body_html,fi,https://www.eclore.se/collections/ansiktsvard,https://www.eclore.se/fi/collections/ansiktsvard
gid://shopify/Product/15218832245066,PRODUCT,body_html,fi,https://www.eclore.se/collections/anti-age,https://www.eclore.se/fi/collections/anti-age
gid://shopify/Product/15218832245066,PRODUCT,body_html,fi,https://www.eclore.se/collections/eclore,https://www.eclore.se/fi/collections/eclore
gid://shopify/Product/15218832638282,PRODUCT,body_html,de,https://www.eclore.se/collections/eclore,https://www.eclore.se/de/collections/eclore
gid://shopify/Product/15218832638282,PRODUCT,body_html,de,https://www.eclore.se/collections/ansiktsvard,https://www.eclore.se/de/collections/ansiktsvard
gid://shopify/Product/15218832638282,PRODUCT,body_html,de,https://www.eclore.se/collections/serum,https://www.eclore.se/de/collections/serum
gid://shopify/Product/15218832638282,PRODUCT,body_html,fi,https://www.eclore.se/collections/eclore,https://www.eclore.se/fi/collections/eclore
gid://shopify/Product/15218832638282,PRODUCT,body_html,fi,https://www.eclore.se/collections/ansiktsvard,https://www.eclore.se/fi/collections/ansiktsvard
gid://shopify/Product/15218832638282,PRODUCT,body_html,fi,https://www.eclore.se/collections/serum,https://www.eclore.se/fi/collections/serum
gid://shopify/Product/15229539877194,PRODUCT,body_html,de,https://www.eclore.se/blogs/nyheter/ansiktskram-anti-age,https://www.eclore.se/de/blogs/nyheter/ansiktskram-anti-age
gid://shopify/Product/15229539877194,PRODUCT,body_html,de,https://www.eclore.se/blogs/hudvardsguider/anti-age-hudvard,https://www.eclore.se/de/blogs/hudvardsguider/anti-age-hudvard
gid://shopify/Product/15229539877194,PRODUCT,body_html,fi,https://www.eclore.se/blogs/nyheter/ansiktskram-anti-age,https://www.eclore.se/fi/blogs/nyheter/ansiktskram-anti-age
gid://shopify/Product/15229539877194,PRODUCT,body_html,fi,https://www.eclore.se/blogs/hudvardsguider/anti-age-hudvard,https://www.eclore.se/fi/blogs/hudvardsguider/anti-age-hudvard
gid://shopify/Product/15232364740938,PRODUCT,body_html,fi,https://www.eclore.se/collections/ansiktsvard,https://www.eclore.se/fi/collections/ansiktsvard
gid://shopify/Product/15232364740938,PRODUCT,body_html,fi,https://www.eclore.se/collections/serum,https://www.eclore.se/fi/collections/serum
gid://shopify/Product/15232364740938,PRODUCT,body_html,fi,https://www.eclore.se/collections/anti-age,https://www.eclore.se/fi/collections/anti-age
gid://shopify/Product/15232365003082,PRODUCT,body_html,de,https://www.eclore.se/collections/harvard,https://www.eclore.se/de/collections/harvard
gid://shopify/Product/15232365003082,PRODUCT,body_html,de,https://www.eclore.se/collections/eclore,https://www.eclore.se/de/collections/eclore
gid://shopify/Product/15232365003082,PRODUCT,body_html,fi,https://www.eclore.se/collections/harvard,https://www.eclore.se/fi/collections/harvard
gid://shopify/Product/15232365003082,PRODUCT,body_html,fi,https://www.eclore.se/collections/eclore,https://www.eclore.se/fi/collections/eclore
gid://shopify/Product/15239959249226,PRODUCT,body_html,de,https://www.eclore.se/collections/ansiktsvard,https://www.eclore.se/de/collections/ansiktsvard
gid://shopify/Product/15239959249226,PRODUCT,body_html,de,https://www.eclore.se/collections/anti-age,https://www.eclore.se/de/collections/anti-age
gid://shopify/Product/15239959249226,PRODUCT,body_html,de,https://www.eclore.se/collections/serum,https://www.eclore.se/de/collections/serum
gid://shopify/Product/15239959249226,PRODUCT,body_html,fi,https://www.eclore.se/collections/ansiktsvard,https://www.eclore.se/fi/collections/ansiktsvard
gid://shopify/Product/15239959249226,PRODUCT,body_html,fi,https://www.eclore.se/collections/anti-age,https://www.eclore.se/fi/collections/anti-age
gid://shopify/Product/15239959249226,PRODUCT,body_html,fi,https://www.eclore.se/collections/serum,https://www.eclore.se/fi/collections/serum
gid://shopify/Product/15253070676298,PRODUCT,body_html,de,https://www.eclore.se/collections/naturlig-hudvard,https://www.eclore.se/de/collections/naturlig-hudvard
gid://shopify/Product/15253070676298,PRODUCT,body_html,de,https://www.eclore.se/collections/ansiktsvard,https://www.eclore.se/de/collections/ansiktsvard
gid://shopify/Product/15253070676298,PRODUCT,body_html,de,https://www.eclore.se/collections/serum,https://www.eclore.se/de/collections/serum
gid://shopify/Product/15253070676298,PRODUCT,body_html,fi,https://www.eclore.se/collections/naturlig-hudvard,https://www.eclore.se/fi/collections/naturlig-hudvard
gid://shopify/Product/15253070676298,PRODUCT,body_html,fi,https://www.eclore.se/collections/ansiktsvard,https://www.eclore.se/fi/collections/ansiktsvard
gid://shopify/Product/15253070676298,PRODUCT,body_html,fi,https://www.eclore.se/collections/serum,https://www.eclore.se/fi/collections/serum
gid://shopify/Product/15253484273994,PRODUCT,body_html,de,https://www.eclore.se/collections/serum,https://www.eclore.se/de/collections/serum
gid://shopify/Product/15253484273994,PRODUCT,body_html,de,https://www.eclore.se/collections/ansiktsvard,https://www.eclore.se/de/collections/ansiktsvard
gid://shopify/Product/15253484273994,PRODUCT,body_html,de,https://www.eclore.se/collections/eclore,https://www.eclore.se/de/collections/eclore
gid://shopify/Product/15253484273994,PRODUCT,body_html,fi,https://www.eclore.se/collections/serum,https://www.eclore.se/fi/collections/serum
gid://shopify/Product/15253484273994,PRODUCT,body_html,fi,https://www.eclore.se/collections/ansiktsvard,https://www.eclore.se/fi/collections/ansiktsvard
gid://shopify/Product/15253484273994,PRODUCT,body_html,fi,https://www.eclore.se/collections/eclore,https://www.eclore.se/fi/collections/eclore
gid://shopify/Product/15253811200330,PRODUCT,body_html,de,https://www.eclore.se/collections/serum,https://www.eclore.se/de/collections/serum
gid://shopify/Product/15253811200330,PRODUCT,body_html,de,https://www.eclore.se/collections/ansiktsvard,https://www.eclore.se/de/collections/ansiktsvard
gid://shopify/Product/15253811200330,PRODUCT,body_html,de,https://www.eclore.se/collections/eclore,https://www.eclore.se/de/collections/eclore
gid://shopify/Product/15253811200330,PRODUCT,body_html,fi,https://www.eclore.se/collections/serum,https://www.eclore.se/fi/collections/serum
gid://shopify/Product/15253811200330,PRODUCT,body_html,fi,https://www.eclore.se/collections/ansiktsvard,https://www.eclore.se/fi/collections/ansiktsvard
gid://shopify/Product/15253811200330,PRODUCT,body_html,fi,https://www.eclore.se/collections/eclore,https://www.eclore.se/fi/collections/eclore
gid://shopify/Product/15256779915594,PRODUCT,body_html,de,https://www.eclore.se/collections/ansiktsvard,https://www.eclore.se/de/collections/ansiktsvard
gid://shopify/Product/15256779915594,PRODUCT,body_html,de,https://www.eclore.se/collections/serum,https://www.eclore.se/de/collections/serum
gid://shopify/Product/15256779915594,PRODUCT,body_html,de,https://www.eclore.se/collections/eclore,https://www.eclore.se/de/collections/eclore
gid://shopify/Product/15256779915594,PRODUCT,body_html,fi,https://www.eclore.se/collections/ansiktsvard,https://www.eclore.se/fi/collections/ansiktsvard
gid://shopify/Product/15256779915594,PRODUCT,body_html,fi,https://www.eclore.se/collections/serum,https://www.eclore.se/fi/collections/serum
gid://shopify/Product/15256779915594,PRODUCT,body_html,fi,https://www.eclore.se/collections/eclore,https://www.eclore.se/fi/collections/eclore
gid://shopify/Product/15274037182794,PRODUCT,body_html,de,https://www.eclore.se/collections/harvard,https://www.eclore.se/de/collections/harvard
gid://shopify/Product/15274037182794,PRODUCT,body_html,de,https://www.eclore.se/collections/eclore,https://www.eclore.se/de/collections/eclore
gid://shopify/Product/15274037182794,PRODUCT,body_html,fi,https://www.eclore.se/collections/harvard,https://www.eclore.se/fi/collections/harvard
gid://shopify/Product/15274037182794,PRODUCT,body_html,fi,https://www.eclore.se/collections/eclore,https://www.eclore.se/fi/collections/eclore
gid://shopify/Product/15283353026890,PRODUCT,body_html,de,https://www.eclore.se/collections/harvard,https://www.eclore.se/de/collections/harvard
gid://shopify/Product/15283353026890,PRODUCT,body_html,de,https://www.eclore.se/collections/eclore,https://www.eclore.se/de/collections/eclore
gid://shopify/Product/15283353026890,PRODUCT,body_html,fi,https://www.eclore.se/collections/harvard,https://www.eclore.se/fi/collections/harvard
gid://shopify/Product/15283353026890,PRODUCT,body_html,fi,https://www.eclore.se/collections/eclore,https://www.eclore.se/fi/collections/eclore
gid://shopify/Product/15285289681226,PRODUCT,body_html,de,https://www.eclore.se/collections/ansiktsvard,https://www.eclore.se/de/collections/ansiktsvard
gid://shopify/Product/15285289681226,PRODUCT,body_html,de,https://www.eclore.se/collections/serum,https://www.eclore.se/de/collections/serum
gid://shopify/Product/15285289681226,PRODUCT,body_html,de,https://www.eclore.se/collections/ansiktsmask,https://www.eclore.se/de/collections/ansiktsmask
gid://shopify/Product/15285289681226,PRODUCT,body_html,fi,https://www.eclore.se/collections/ansiktsvard,https://www.eclore.se/fi/collections/ansiktsvard
gid://shopify/Product/15285289681226,PRODUCT,body_html,fi,https://www.eclore.se/collections/serum,https://www.eclore.se/fi/collections/serum
gid://shopify/Product/15285289681226,PRODUCT,body_html,fi,https://www.eclore.se/collections/ansiktsmask,https://www.eclore.se/fi/collections/ansiktsmask
gid://shopify/Product/15297685422410,PRODUCT,body_html,de,https://www.eclore.se/collections/sminkvaskor,https://www.eclore.se/de/collections/sminkvaskor
gid://shopify/Product/15297685422410,PRODUCT,body_html,fi,https://www.eclore.se/collections/sminkvaskor,https://www.eclore.se/fi/collections/sminkvaskor
gid://shopify/Product/15297685815626,PRODUCT,body_html,de,https://www.eclore.se/collections/sminkvaskor,https://www.eclore.se/de/collections/sminkvaskor
gid://shopify/Product/15297685815626,PRODUCT,body_html,fi,https://www.eclore.se/collections/sminkvaskor,https://www.eclore.se/fi/collections/sminkvaskor
gid://shopify/Product/15297695613258,PRODUCT,body_html,de,https://www.eclore.se/collections/sminkvaskor,https://www.eclore.se/de/collections/sminkvaskor
gid://shopify/Product/15297695613258,PRODUCT,body_html,fi,https://www.eclore.se/collections/sminkvaskor,https://www.eclore.se/fi/collections/sminkvaskor
gid://shopify/Product/15297695842634,PRODUCT,body_html,de,https://www.eclore.se/collections/sminkvaskor,https://www.eclore.se/de/collections/sminkvaskor
gid://shopify/Product/15297695842634,PRODUCT,body_html,fi,https://www.eclore.se/collections/sminkvaskor,https://www.eclore.se/fi/collections/sminkvaskor
gid://shopify/Product/15297696104778,PRODUCT,body_html,de,https://www.eclore.se/collections/sminkvaskor,https://www.eclore.se/de/collections/sminkvaskor
gid://shopify/Product/15297696104778,PRODUCT,body_html,fi,https://www.eclore.se/collections/sminkvaskor,https://www.eclore.se/fi/collections/sminkvaskor
gid://shopify/Product/15297696465226,PRODUCT,body_html,de,https://www.eclore.se/collections/sminkvaskor,https://www.eclore.se/de/collections/sminkvaskor
gid://shopify/Product/15297696465226,PRODUCT,body_html,fi,https://www.eclore.se/collections/sminkvaskor,https://www.eclore.se/fi/collections/sminkvaskor
gid://shopify/Product/15297696989514,PRODUCT,body_html,de,https://www.eclore.se/collections/ansiktsvard,https://www.eclore.se/de/collections/ansiktsvard
gid://shopify/Product/15297696989514,PRODUCT,body_html,de,https://www.eclore.se/collections/kroppsvard,https://www.eclore.se/de/collections/kroppsvard
gid://shopify/Product/15297696989514,PRODUCT,body_html,de,https://www.eclore.se/collections/sminkvaskor,https://www.eclore.se/de/collections/sminkvaskor
gid://shopify/Product/15297696989514,PRODUCT,body_html,fi,https://www.eclore.se/collections/ansiktsvard,https://www.eclore.se/fi/collections/ansiktsvard
gid://shopify/Product/15297696989514,PRODUCT,body_html,fi,https://www.eclore.se/collections/kroppsvard,https://www.eclore.se/fi/collections/kroppsvard
gid://shopify/Product/15297696989514,PRODUCT,body_html,fi,https://www.eclore.se/collections/sminkvaskor,https://www.eclore.se/fi/collections/sminkvaskor
gid://shopify/Product/15297697087818,PRODUCT,body_html,de,https://www.eclore.se/collections/sminkvaskor,https://www.eclore.se/de/collections/sminkvaskor
gid://shopify/Product/15297697087818,PRODUCT,body_html,fi,https://www.eclore.se/collections/sminkvaskor,https://www.eclore.se/fi/collections/sminkvaskor
gid://shopify/Product/15297697251658,PRODUCT,body_html,de,https://www.eclore.se/collections/sminkvaskor,https://www.eclore.se/de/collections/sminkvaskor
gid://shopify/Product/15297697251658,PRODUCT,body_html,de,https://www.eclore.se/collections/sminkvaskor,https://www.eclore.se/de/collections/sminkvaskor
gid://shopify/Product/15297697251658,PRODUCT,body_html,fi,https://www.eclore.se/collections/sminkvaskor,https://www.eclore.se/fi/collections/sminkvaskor
gid://shopify/Product/15297697251658,PRODUCT,body_html,fi,https://www.eclore.se/collections/sminkvaskor,https://www.eclore.se/fi/collections/sminkvaskor
gid://shopify/Product/15297697448266,PRODUCT,body_html,de,https://www.eclore.se/collections/sminkvaskor,https://www.eclore.se/de/collections/sminkvaskor
gid://shopify/Product/15297697448266,PRODUCT,body_html,fi,https://www.eclore.se/collections/sminkvaskor,https://www.eclore.se/fi/collections/sminkvaskor
gid://shopify/Product/15297698103626,PRODUCT,body_html,de,https://www.eclore.se/collections/sminkvaskor,https://www.eclore.se/de/collections/sminkvaskor
gid://shopify/Product/15297698103626,PRODUCT,body_html,fi,https://www.eclore.se/collections/sminkvaskor,https://www.eclore.se/fi/collections/sminkvaskor
gid://shopify/Product/15301259460938,PRODUCT,body_html,de,https://www.eclore.se/collections/schampo-balsam,https://www.eclore.se/de/collections/schampo-balsam
gid://shopify/Product/15301259460938,PRODUCT,body_html,fi,https://www.eclore.se/collections/schampo-balsam,https://www.eclore.se/fi/collections/schampo-balsam
gid://shopify/Product/15308702908746,PRODUCT,body_html,de,https://www.eclore.se/collections/kroppsvard,https://www.eclore.se/de/collections/kroppsvard
gid://shopify/Product/15308702908746,PRODUCT,body_html,de,https://www.eclore.se/collections/bodyscrab,https://www.eclore.se/de/collections/bodyscrab
gid://shopify/Product/15308702908746,PRODUCT,body_html,de,https://www.eclore.se/blogs/nyheter/body-scrub,https://www.eclore.se/de/blogs/nyheter/body-scrub
gid://shopify/Product/15308702908746,PRODUCT,body_html,fi,https://www.eclore.se/collections/kroppsvard,https://www.eclore.se/fi/collections/kroppsvard
gid://shopify/Product/15308702908746,PRODUCT,body_html,fi,https://www.eclore.se/collections/bodyscrub,https://www.eclore.se/fi/collections/bodyscrub
gid://shopify/Product/15308702908746,PRODUCT,body_html,fi,https://www.eclore.se/blogs/nyheter/body-scrub,https://www.eclore.se/fi/blogs/nyheter/body-scrub
gid://shopify/Product/15308702974282,PRODUCT,body_html,de,https://www.eclore.se/collections/bodyscrub,https://www.eclore.se/de/collections/bodyscrub
gid://shopify/Product/15308702974282,PRODUCT,body_html,de,https://www.eclore.se/collections/kroppsvard,https://www.eclore.se/de/collections/kroppsvard
gid://shopify/Product/15308702974282,PRODUCT,body_html,de,https://www.eclore.se/blogs/nyheter/body-scrub,https://www.eclore.se/de/blogs/nyheter/body-scrub
gid://shopify/Product/15308702974282,PRODUCT,body_html,fi,https://www.eclore.se/collections/bodyscrub,https://www.eclore.se/fi/collections/bodyscrub
gid://shopify/Product/15308702974282,PRODUCT,body_html,fi,https://www.eclore.se/collections/kroppsvard,https://www.eclore.se/fi/collections/kroppsvard
gid://shopify/Product/15308702974282,PRODUCT,body_html,fi,https://www.eclore.se/blogs/nyheter/body-scrub,https://www.eclore.se/fi/blogs/nyheter/body-scrub
gid://shopify/Product/15308703400266,PRODUCT,body_html,de,https://www.eclore.se/collections/sminkvaskor,https://www.eclore.se/de/collections/sminkvaskor
gid://shopify/Product/15308703400266,PRODUCT,body_html,de,https://www.eclore.se/collections/sminkvaskor,https://www.eclore.se/de/collections/sminkvaskor
gid://shopify/Product/15308703400266,PRODUCT,body_html,fi,https://www.eclore.se/collections/sminkvaskor,https://www.eclore.se/fi/collections/sminkvaskor
gid://shopify/Product/15308703400266,PRODUCT,body_html,fi,https://www.eclore.se/collections/sminkvaskor,https://www.eclore.se/fi/collections/sminkvaskor
gid://shopify/Product/15308703433034,PRODUCT,body_html,de,https://www.eclore.se/collections/kroppsvard,https://www.eclore.se/de/collections/kroppsvard
gid://shopify/Product/15308703433034,PRODUCT,body_html,de,https://www.eclore.se/blogs/nyheter/body-scrub,https://www.eclore.se/de/blogs/nyheter/body-scrub
gid://shopify/Product/15308703433034,PRODUCT,body_html,fi,https://www.eclore.se/collections/kroppsvard,https://www.eclore.se/fi/collections/kroppsvard
gid://shopify/Product/15308703433034,PRODUCT,body_html,fi,https://www.eclore.se/blogs/nyheter/body-scrub,https://www.eclore.se/fi/blogs/nyheter/body-scrub
gid://shopify/Product/15308703465802,PRODUCT,body_html,de,https://www.eclore.se/collections/ansiktsvard,https://www.eclore.se/de/collections/ansiktsvard
gid://shopify/Product/15308703465802,PRODUCT,body_html,fi,https://www.eclore.se/collections/ansiktsvard,https://www.eclore.se/fi/collections/ansiktsvard
gid://shopify/Product/15308703859018,PRODUCT,body_html,de,https://www.eclore.se/collections/sminkvaskor,https://www.eclore.se/de/collections/sminkvaskor
gid://shopify/Product/15308703859018,PRODUCT,body_html,de,https://www.eclore.se/collections/doftljus,https://www.eclore.se/de/collections/doftljus
gid://shopify/Product/15308703859018,PRODUCT,body_html,fi,https://www.eclore.se/collections/sminkvaskor,https://www.eclore.se/fi/collections/sminkvaskor
gid://shopify/Product/15308703859018,PRODUCT,body_html,fi,https://www.eclore.se/collections/doftljus,https://www.eclore.se/fi/collections/doftljus
gid://shopify/Product/15308703957322,PRODUCT,body_html,de,https://www.eclore.se/collections/sminkvaskor,https://www.eclore.se/de/collections/sminkvaskor
gid://shopify/Product/15308703957322,PRODUCT,body_html,fi,https://www.eclore.se/collections/sminkvaskor,https://www.eclore.se/fi/collections/sminkvaskor
gid://shopify/Product/15308707692874,PRODUCT,body_html,de,https://www.eclore.se/collections/ansiktsvard,https://www.eclore.se/de/collections/ansiktsvard
gid://shopify/Product/15308707692874,PRODUCT,body_html,de,https://www.eclore.se/collections/naturlig-hudvard,https://www.eclore.se/de/collections/naturlig-hudvard
gid://shopify/Product/15308707692874,PRODUCT,body_html,de,https://www.eclore.se/collections/anti-age,https://www.eclore.se/de/collections/anti-age
gid://shopify/Product/15308707692874,PRODUCT,body_html,fi,https://www.eclore.se/collections/ansiktsvard,https://www.eclore.se/fi/collections/ansiktsvard
gid://shopify/Product/15308707692874,PRODUCT,body_html,fi,https://www.eclore.se/collections/naturlig-hudvard,https://www.eclore.se/fi/collections/naturlig-hudvard
gid://shopify/Product/15308707692874,PRODUCT,body_html,fi,https://www.eclore.se/collections/anti-age,https://www.eclore.se/fi/collections/anti-age
gid://shopify/Product/15309816332618,PRODUCT,body_html,de,https://www.eclore.se/collections/serum,https://www.eclore.se/de/collections/serum
gid://shopify/Product/15309816332618,PRODUCT,body_html,de,https://www.eclore.se/collections/naturlig-hudvard,https://www.eclore.se/de/collections/naturlig-hudvard
gid://shopify/Product/15309816332618,PRODUCT,body_html,de,https://www.eclore.se/collections/ansiktsvard,https://www.eclore.se/de/collections/ansiktsvard
gid://shopify/Product/15309816332618,PRODUCT,body_html,fi,https://www.eclore.se/collections/serum,https://www.eclore.se/fi/collections/serum
gid://shopify/Product/15309816332618,PRODUCT,body_html,fi,https://www.eclore.se/collections/naturlig-hudvard,https://www.eclore.se/fi/collections/naturlig-hudvard
gid://shopify/Product/15309816332618,PRODUCT,body_html,fi,https://www.eclore.se/collections/ansiktsvard,https://www.eclore.se/fi/collections/ansiktsvard
gid://shopify/Product/15309818233162,PRODUCT,body_html,de,https://www.eclore.se/collections/ansiktsvard,https://www.eclore.se/de/collections/ansiktsvard
gid://shopify/Product/15309818233162,PRODUCT,body_html,de,https://www.eclore.se/collections/eclore,https://www.eclore.se/de/collections/eclore
gid://shopify/Product/15309818233162,PRODUCT,body_html,fi,https://www.eclore.se/collections/ansiktsvard,https://www.eclore.se/fi/collections/ansiktsvard
gid://shopify/Product/15309818233162,PRODUCT,body_html,fi,https://www.eclore.se/collections/eclore,https://www.eclore.se/fi/collections/eclore
gid://shopify/Product/15309822263626,PRODUCT,body_html,de,https://www.eclore.se/collections/anti-age,https://www.eclore.se/de/collections/anti-age
gid://shopify/Product/15309822263626,PRODUCT,body_html,de,https://www.eclore.se/collections/ansiktsvard,https://www.eclore.se/de/collections/ansiktsvard
gid://shopify/Product/15309822263626,PRODUCT,body_html,de,https://www.eclore.se/collections/eclore,https://www.eclore.se/de/collections/eclore
gid://shopify/Product/15309822263626,PRODUCT,body_html,fi,https://www.eclore.se/collections/anti-age,https://www.eclore.se/fi/collections/anti-age
gid://shopify/Product/15309822263626,PRODUCT,body_html,fi,https://www.eclore.se/collections/ansiktsvard,https://www.eclore.se/fi/collections/ansiktsvard
gid://shopify/Product/15309822263626,PRODUCT,body_html,fi,https://www.eclore.se/collections/eclore,https://www.eclore.se/fi/collections/eclore
gid://shopify/Product/15310746845514,PRODUCT,body_html,de,https://www.eclore.se/collections/doftljus,https://www.eclore.se/de/collections/doftljus
gid://shopify/Product/15310746845514,PRODUCT,body_html,de,https://www.eclore.se/collections/eclore,https://www.eclore.se/de/collections/eclore
gid://shopify/Product/15310746845514,PRODUCT,body_html,de,https://www.eclore.se/collections/kroppsvard,https://www.eclore.se/de/collections/kroppsvard
gid://shopify/Product/15310746845514,PRODUCT,body_html,fi,https://www.eclore.se/collections/doftljus,https://www.eclore.se/fi/collections/doftljus
gid://shopify/Product/15310746845514,PRODUCT,body_html,fi,https://www.eclore.se/collections/eclore,https://www.eclore.se/fi/collections/eclore
gid://shopify/Product/15310746845514,PRODUCT,body_html,fi,https://www.eclore.se/collections/kroppsvard,https://www.eclore.se/fi/collections/kroppsvard
gid://shopify/Product/15311531245898,PRODUCT,body_html,de,https://www.eclore.se/collections/kroppsvard,https://www.eclore.se/de/collections/kroppsvard
gid://shopify/Product/15311531245898,PRODUCT,body_html,fi,https://www.eclore.se/collections/kroppsvard,https://www.eclore.se/fi/collections/kroppsvard
gid://shopify/Product/15313894703434,PRODUCT,body_html,de,https://www.eclore.se/collections/kroppsvard,https://www.eclore.se/de/collections/kroppsvard
gid://shopify/Product/15313894703434,PRODUCT,body_html,fi,https://www.eclore.se/collections/kroppsvard,https://www.eclore.se/fi/collections/kroppsvard
gid://shopify/Product/15391007342922,PRODUCT,body_html,de,https://www.eclore.se/collections/bodyscrub,https://www.eclore.se/de/collections/bodyscrub
gid://shopify/Product/15391007342922,PRODUCT,body_html,de,https://www.eclore.se/collections/kroppsvard,https://www.eclore.se/de/collections/kroppsvard
gid://shopify/Product/15391007342922,PRODUCT,body_html,fi,https://www.eclore.se/collections/bodyscrub,https://www.eclore.se/fi/collections/bodyscrub
gid://shopify/Product/15391007342922,PRODUCT,body_html,fi,https://www.eclore.se/collections/kroppsvard,https://www.eclore.se/fi/collections/kroppsvard
gid://shopify/Product/15391007703370,PRODUCT,body_html,de,https://www.eclore.se/collections/kroppsvard,https://www.eclore.se/de/collections/kroppsvard
gid://shopify/Product/15391007703370,PRODUCT,body_html,fi,https://www.eclore.se/collections/kroppsvard,https://www.eclore.se/fi/collections/kroppsvard
gid://shopify/Product/15391007801674,PRODUCT,body_html,de,https://www.eclore.se/collections/kroppsvard,https://www.eclore.se/de/collections/kroppsvard
gid://shopify/Product/15391007801674,PRODUCT,body_html,de,https://www.eclore.se/collections/bodyscrub,https://www.eclore.se/de/collections/bodyscrub
gid://shopify/Product/15391007801674,PRODUCT,body_html,fi,https://www.eclore.se/collections/kroppsvard,https://www.eclore.se/fi/collections/kroppsvard
gid://shopify/Product/15391007801674,PRODUCT,body_html,fi,https://www.eclore.se/collections/bodyscrub,https://www.eclore.se/fi/collections/bodyscrub
gid://shopify/Product/15391007899978,PRODUCT,body_html,de,https://www.eclore.se/collections/kroppsvard,https://www.eclore.se/de/collections/kroppsvard
gid://shopify/Product/15391007899978,PRODUCT,body_html,fi,https://www.eclore.se/collections/kroppsvard,https://www.eclore.se/fi/collections/kroppsvard
gid://shopify/Product/15391008194890,PRODUCT,body_html,de,https://www.eclore.se/collections/kroppsvard,https://www.eclore.se/de/collections/kroppsvard
gid://shopify/Product/15391008194890,PRODUCT,body_html,de,https://www.eclore.se/collections/bodyscrub,https://www.eclore.se/de/collections/bodyscrub
gid://shopify/Product/15391008194890,PRODUCT,body_html,de,https://www.eclore.se/blogs/nyheter/body-scrub,https://www.eclore.se/de/blogs/nyheter/body-scrub
gid://shopify/Product/15391008194890,PRODUCT,body_html,fi,https://www.eclore.se/collections/kroppsvard,https://www.eclore.se/fi/collections/kroppsvard
gid://shopify/Product/15391008194890,PRODUCT,body_html,fi,https://www.eclore.se/collections/bodyscrub,https://www.eclore.se/fi/collections/bodyscrub
gid://shopify/Product/15391008194890,PRODUCT,body_html,fi,https://www.eclore.se/blogs/nyheter/body-scrub,https://www.eclore.se/fi/blogs/nyheter/body-scrub
gid://shopify/Product/15391008948554,PRODUCT,body_html,de,https://www.eclore.se/collections/kroppsvard,https://www.eclore.se/de/collections/kroppsvard
gid://shopify/Product/15391008948554,PRODUCT,body_html,fi,https://www.eclore.se/collections/kroppsvard,https://www.eclore.se/fi/collections/kroppsvard
gid://shopify/Product/15391010226506,PRODUCT,body_html,de,https://www.eclore.se/collections/kroppsvard,https://www.eclore.se/de/collections/kroppsvard
gid://shopify/Product/15391010226506,PRODUCT,body_html,fi,https://www.eclore.se/collections/kroppsvard,https://www.eclore.se/fi/collections/kroppsvard
gid://shopify/Product/15391011209546,PRODUCT,body_html,de,https://www.eclore.se/collections/kroppsvard,https://www.eclore.se/de/collections/kroppsvard
gid://shopify/Product/15391011209546,PRODUCT,body_html,de,https://www.eclore.se/collections/bodyscrub,https://www.eclore.se/de/collections/bodyscrub
gid://shopify/Product/15391011209546,PRODUCT,body_html,fi,https://www.eclore.se/collections/kroppsvard,https://www.eclore.se/fi/collections/kroppsvard
gid://shopify/Product/15391011209546,PRODUCT,body_html,fi,https://www.eclore.se/collections/bodyscrub,https://www.eclore.se/fi/collections/bodyscrub
gid://shopify/Product/15394704490826,PRODUCT,body_html,de,https://www.eclore.se/collections/ansiktsvard,https://www.eclore.se/de/collections/ansiktsvard
gid://shopify/Product/15394704490826,PRODUCT,body_html,de,https://www.eclore.se/collections/sminkvaskor,https://www.eclore.se/de/collections/sminkvaskor
gid://shopify/Product/15394704490826,PRODUCT,body_html,fi,https://www.eclore.se/collections/ansiktsvard,https://www.eclore.se/fi/collections/ansiktsvard
gid://shopify/Product/15394704490826,PRODUCT,body_html,fi,https://www.eclore.se/collections/sminkvaskor,https://www.eclore.se/fi/collections/sminkvaskor
gid://shopify/Product/15394707341642,PRODUCT,body_html,de,https://www.eclore.se/collections/doftljus,https://www.eclore.se/de/collections/doftljus
gid://shopify/Product/15394707341642,PRODUCT,body_html,fi,https://www.eclore.se/collections/doftljus,https://www.eclore.se/fi/collections/doftljus
gid://shopify/Product/15394707374410,PRODUCT,body_html,de,https://www.eclore.se/collections/ansiktsvard,https://www.eclore.se/de/collections/ansiktsvard
gid://shopify/Product/15394707374410,PRODUCT,body_html,de,https://www.eclore.se/collections/doftljus,https://www.eclore.se/de/collections/doftljus
gid://shopify/Product/15394707374410,PRODUCT,body_html,fi,https://www.eclore.se/collections/ansiktsvard,https://www.eclore.se/fi/collections/ansiktsvard
gid://shopify/Product/15394707374410,PRODUCT,body_html,fi,https://www.eclore.se/collections/doftljus,https://www.eclore.se/fi/collections/doftljus
gid://shopify/Product/15394712256842,PRODUCT,body_html,de,https://www.eclore.se/collections/ansiktsvård,https://www.eclore.se/de/collections/ansiktsvård
gid://shopify/Product/15394712256842,PRODUCT,body_html,de,https://www.eclore.se/collections/sminkvaskor,https://www.eclore.se/de/collections/sminkvaskor
gid://shopify/Product/15394712256842,PRODUCT,body_html,fi,https://www.eclore.se/collections/ansiktsvard,https://www.eclore.se/fi/collections/ansiktsvard
gid://shopify/Product/15394712256842,PRODUCT,body_html,fi,https://www.eclore.se/collections/sminkvaskor,https://www.eclore.se/fi/collections/sminkvaskor
gid://shopify/Product/15394712289610,PRODUCT,body_html,de,https://www.eclore.se/collections/ansiktsvard,https://www.eclore.se/de/collections/ansiktsvard
gid://shopify/Product/15394712289610,PRODUCT,body_html,fi,https://www.eclore.se/collections/ansiktsvard,https://www.eclore.se/fi/collections/ansiktsvard
gid://shopify/Product/15394719531338,PRODUCT,body_html,de,https://www.eclore.se/collections/doftljus,https://www.eclore.se/de/collections/doftljus
gid://shopify/Product/15394719531338,PRODUCT,body_html,fi,https://www.eclore.se/collections/doftljus,https://www.eclore.se/fi/collections/doftljus
gid://shopify/Product/15394719564106,PRODUCT,body_html,de,https://www.eclore.se/collections/ansiktsvard,https://www.eclore.se/de/collections/ansiktsvard
gid://shopify/Product/15394719564106,PRODUCT,body_html,fi,https://www.eclore.se/collections/ansiktsvard,https://www.eclore.se/fi/collections/ansiktsvard
gid://shopify/Product/15394719596874,PRODUCT,body_html,de,https://www.eclore.se/collections/doftljus,https://www.eclore.se/de/collections/doftljus
gid://shopify/Product/15394719596874,PRODUCT,body_html,fi,https://www.eclore.se/collections/doftljus,https://www.eclore.se/fi/collections/doftljus
gid://shopify/Product/15421723050314,PRODUCT,body_html,de,https://www.eclore.se/collections/kroppsvard,https://www.eclore.se/de/collections/kroppsvard
gid://shopify/Product/15421723050314,PRODUCT,body_html,fi,https://www.eclore.se/collections/kroppsvard,https://www.eclore.se/fi/collections/kroppsvard
gid://shopify/Product/15421726032202,PRODUCT,body_html,de,https://www.eclore.se/collections/bodyscrub,https://www.eclore.se/de/collections/bodyscrub
gid://shopify/Product/15421726032202,PRODUCT,body_html,de,https://www.eclore.se/collections/kroppsvard,https://www.eclore.se/de/collections/kroppsvard
gid://shopify/Product/15421726032202,PRODUCT,body_html,fi,https://www.eclore.se/collections/bodyscrub,https://www.eclore.se/fi/collections/bodyscrub
gid://shopify/Product/15421726032202,PRODUCT,body_html,fi,https://www.eclore.se/collections/kroppsvard,https://www.eclore.se/fi/collections/kroppsvard
gid://shopify/Product/15421727801674,PRODUCT,body_html,de,https://www.eclore.se/products/nurme-torvbalsam-skadat-har-250ml,https://www.eclore.se/de/products/nurme-torvbalsam-skadat-har-250ml
gid://shopify/Product/15421727801674,PRODUCT,body_html,de,https://www.eclore.se/collections/harbotten,https://www.eclore.se/de/collections/harbotten
gid://shopify/Product/15421727801674,PRODUCT,body_html,de,https://www.eclore.se/collections/schampo-balsam,https://www.eclore.se/de/collections/schampo-balsam
gid://shopify/Product/15421727801674,PRODUCT,body_html,fi,https://www.eclore.se/products/nurme-torvbalsam-skadat-har-250ml,https://www.eclore.se/fi/products/nurme-torvbalsam-skadat-har-250ml
gid://shopify/Product/15421727801674,PRODUCT,body_html,fi,https://www.eclore.se/collections/harbotten,https://www.eclore.se/fi/collections/harbotten
gid://shopify/Product/15421727801674,PRODUCT,body_html,fi,https://www.eclore.se/collections/schampo-balsam,https://www.eclore.se/fi/collections/schampo-balsam
gid://shopify/Product/15421727834442,PRODUCT,body_html,de,https://www.eclore.se/collections/kroppsvard,https://www.eclore.se/de/collections/kroppsvard
gid://shopify/Product/15421727834442,PRODUCT,body_html,de,https://www.eclore.se/collections/bodyscrub,https://www.eclore.se/de/collections/bodyscrub
gid://shopify/Product/15421727834442,PRODUCT,body_html,fi,https://www.eclore.se/collections/kroppsvard,https://www.eclore.se/fi/collections/kroppsvard
gid://shopify/Product/15421727834442,PRODUCT,body_html,fi,https://www.eclore.se/collections/bodyscrub,https://www.eclore.se/fi/collections/bodyscrub
gid://shopify/Product/15421727867210,PRODUCT,body_html,de,https://www.eclore.se/collections/kroppsvard,https://www.eclore.se/de/collections/kroppsvard
gid://shopify/Product/15421727867210,PRODUCT,body_html,de,https://www.eclore.se/collections/bodyscrub,https://www.eclore.se/de/collections/bodyscrub
gid://shopify/Product/15421727867210,PRODUCT,body_html,fi,https://www.eclore.se/collections/kroppsvard,https://www.eclore.se/fi/collections/kroppsvard
gid://shopify/Product/15421727867210,PRODUCT,body_html,fi,https://www.eclore.se/collections/bodyscrub,https://www.eclore.se/fi/collections/bodyscrub
gid://shopify/Product/15421728194890,PRODUCT,body_html,de,https://www.eclore.se/collections/kroppsvard,https://www.eclore.se/de/collections/kroppsvard
gid://shopify/Product/15421728194890,PRODUCT,body_html,fi,https://www.eclore.se/collections/kroppsvard,https://www.eclore.se/fi/collections/kroppsvard
gid://shopify/Product/15421728227658,PRODUCT,body_html,de,https://www.eclore.se/collections/bodyscrub,https://www.eclore.se/de/collections/bodyscrub
gid://shopify/Product/15421728227658,PRODUCT,body_html,de,https://www.eclore.se/collections/kroppsvard,https://www.eclore.se/de/collections/kroppsvard
gid://shopify/Product/15421728227658,PRODUCT,body_html,fi,https://www.eclore.se/collections/bodyscrub,https://www.eclore.se/fi/collections/bodyscrub
gid://shopify/Product/15421728227658,PRODUCT,body_html,fi,https://www.eclore.se/collections/kroppsvard,https://www.eclore.se/fi/collections/kroppsvard
gid://shopify/Product/15421744087370,PRODUCT,body_html,de,https://www.eclore.se/products/nurme-torvschampo-lugnande-harbotten-250ml,https://www.eclore.se/de/products/nurme-torvschampo-lugnande-harbotten-250ml
gid://shopify/Product/15421744087370,PRODUCT,body_html,de,https://www.eclore.se/collections/harbotten,https://www.eclore.se/de/collections/harbotten
gid://shopify/Product/15421744087370,PRODUCT,body_html,de,https://www.eclore.se/collections/schampo-balsam,https://www.eclore.se/de/collections/schampo-balsam
gid://shopify/Product/15421744087370,PRODUCT,body_html,fi,https://www.eclore.se/products/nurme-torvschampo-lugnande-harbotten-250ml,https://www.eclore.se/fi/products/nurme-torvschampo-lugnande-harbotten-250ml
gid://shopify/Product/15421744087370,PRODUCT,body_html,fi,https://www.eclore.se/collections/harbotten,https://www.eclore.se/fi/collections/harbotten
gid://shopify/Product/15421744087370,PRODUCT,body_html,fi,https://www.eclore.se/collections/schampo-balsam,https://www.eclore.se/fi/collections/schampo-balsam
gid://shopify/Product/15487663604042,PRODUCT,body_html,de,https://www.eclore.se/collections/sminkvaskor,https://www.eclore.se/de/collections/sminkvaskor
gid://shopify/Product/15487663604042,PRODUCT,body_html,fi,https://www.eclore.se/collections/sminkvaskor,https://www.eclore.se/fi/collections/sminkvaskor
gid://shopify/Product/15487664357706,PRODUCT,body_html,de,https://www.eclore.se/collections/ansiktsvard,https://www.eclore.se/de/collections/ansiktsvard
gid://shopify/Product/15487664357706,PRODUCT,body_html,de,https://www.eclore.se/collections/serum,https://www.eclore.se/de/collections/serum
gid://shopify/Product/15487664357706,PRODUCT,body_html,de,https://www.eclore.se/collections/sminkvaskor,https://www.eclore.se/de/collections/sminkvaskor
gid://shopify/Product/15487664357706,PRODUCT,body_html,fi,https://www.eclore.se/collections/ansiktsvard,https://www.eclore.se/fi/collections/ansiktsvard
gid://shopify/Product/15487664357706,PRODUCT,body_html,fi,https://www.eclore.se/collections/serum,https://www.eclore.se/fi/collections/serum
gid://shopify/Product/15487664357706,PRODUCT,body_html,fi,https://www.eclore.se/collections/sminkvaskor,https://www.eclore.se/fi/collections/sminkvaskor
gid://shopify/Product/15487664390474,PRODUCT,body_html,de,https://www.eclore.se/collections/ansiktsvard,https://www.eclore.se/de/collections/ansiktsvard
gid://shopify/Product/15487664390474,PRODUCT,body_html,de,https://www.eclore.se/collections/serum,https://www.eclore.se/de/collections/serum
gid://shopify/Product/15487664390474,PRODUCT,body_html,de,https://www.eclore.se/collections/sminkvaskor,https://www.eclore.se/de/collections/sminkvaskor
gid://shopify/Product/15487664390474,PRODUCT,body_html,fi,https://www.eclore.se/collections/ansiktsvard,https://www.eclore.se/fi/collections/ansiktsvard
gid://shopify/Product/15487664390474,PRODUCT,body_html,fi,https://www.eclore.se/collections/serum,https://www.eclore.se/fi/collections/serum
gid://shopify/Product/15487664390474,PRODUCT,body_html,fi,https://www.eclore.se/collections/sminkvaskor,https://www.eclore.se/fi/collections/sminkvaskor
gid://shopify/Product/15487664488778,PRODUCT,body_html,de,https://www.eclore.se/collections/harbotten,https://www.eclore.se/de/collections/harbotten
gid://shopify/Product/15487664488778,PRODUCT,body_html,de,https://www.eclore.se/collections/harvard,https://www.eclore.se/de/collections/harvard
gid://shopify/Product/15487664488778,PRODUCT,body_html,fi,https://www.eclore.se/collections/harbotten,https://www.eclore.se/fi/collections/harbotten
gid://shopify/Product/15487664488778,PRODUCT,body_html,fi,https://www.eclore.se/collections/harvard,https://www.eclore.se/fi/collections/harvard
gid://shopify/Product/15487664652618,PRODUCT,body_html,de,https://www.eclore.se/collections/sminkvaskor,https://www.eclore.se/de/collections/sminkvaskor
gid://shopify/Product/15487664652618,PRODUCT,body_html,fi,https://www.eclore.se/collections/sminkvaskor,https://www.eclore.se/fi/collections/sminkvaskor
gid://shopify/Product/15487664685386,PRODUCT,body_html,de,https://www.eclore.se/collections/schampo-balsam,https://www.eclore.se/de/collections/schampo-balsam
gid://shopify/Product/15487664685386,PRODUCT,body_html,fi,https://www.eclore.se/collections/schampo-balsam,https://www.eclore.se/fi/collections/schampo-balsam
gid://shopify/Product/15487665045834,PRODUCT,body_html,de,https://www.eclore.se/collections/sminkvaskor,https://www.eclore.se/de/collections/sminkvaskor
gid://shopify/Product/15487665045834,PRODUCT,body_html,fi,https://www.eclore.se/collections/sminkvaskor,https://www.eclore.se/fi/collections/sminkvaskor
gid://shopify/Product/15487665078602,PRODUCT,body_html,de,https://www.eclore.se/collections/sminkvaskor,https://www.eclore.se/de/collections/sminkvaskor
gid://shopify/Product/15487665078602,PRODUCT,body_html,fi,https://www.eclore.se/collections/sminkvaskor,https://www.eclore.se/fi/collections/sminkvaskor
gid://shopify/Product/15487665275210,PRODUCT,body_html,de,https://www.eclore.se/collections/sminkvaskor,https://www.eclore.se/de/collections/sminkvaskor
gid://shopify/Product/15487665275210,PRODUCT,body_html,fi,https://www.eclore.se/collections/sminkvaskor,https://www.eclore.se/fi/collections/sminkvaskor
gid://shopify/Product/15487666454858,PRODUCT,body_html,de,https://www.eclore.se/collections/harbotten,https://www.eclore.se/de/collections/harbotten
gid://shopify/Product/15487666454858,PRODUCT,body_html,de,https://www.eclore.se/collections/schampo-balsam,https://www.eclore.se/de/collections/schampo-balsam
gid://shopify/Product/15487666454858,PRODUCT,body_html,fi,https://www.eclore.se/collections/harbotten,https://www.eclore.se/fi/collections/harbotten
gid://shopify/Product/15487666454858,PRODUCT,body_html,fi,https://www.eclore.se/collections/schampo-balsam,https://www.eclore.se/fi/collections/schampo-balsam
gid://shopify/Product/15487666946378,PRODUCT,body_html,de,https://www.eclore.se/collections/sminkvaskor,https://www.eclore.se/de/collections/sminkvaskor
gid://shopify/Product/15487666946378,PRODUCT,body_html,fi,https://www.eclore.se/collections/sminkvaskor,https://www.eclore.se/fi/collections/sminkvaskor
gid://shopify/Product/15487667601738,PRODUCT,body_html,de,https://www.eclore.se/collections/harbotten,https://www.eclore.se/de/collections/harbotten
gid://shopify/Product/15487667601738,PRODUCT,body_html,de,https://www.eclore.se/collections/harvard,https://www.eclore.se/de/collections/harvard
gid://shopify/Product/15487667601738,PRODUCT,body_html,fi,https://www.eclore.se/collections/harbotten,https://www.eclore.se/fi/collections/harbotten
gid://shopify/Product/15487667601738,PRODUCT,body_html,fi,https://www.eclore.se/collections/harvard,https://www.eclore.se/fi/collections/harvard
gid://shopify/Product/15487668191562,PRODUCT,body_html,de,https://www.eclore.se/collections/sminkvaskor,https://www.eclore.se/de/collections/sminkvaskor
gid://shopify/Product/15487668191562,PRODUCT,body_html,fi,https://www.eclore.se/collections/sminkvaskor,https://www.eclore.se/fi/collections/sminkvaskor
gid://shopify/Product/15487668224330,PRODUCT,body_html,de,https://www.eclore.se/collections/sminkvaskor,https://www.eclore.se/de/collections/sminkvaskor
gid://shopify/Product/15487668224330,PRODUCT,body_html,fi,https://www.eclore.se/collections/sminkvaskor,https://www.eclore.se/fi/collections/sminkvaskor
gid://shopify/Product/15534550384970,PRODUCT,body_html,de,https://www.eclore.se/collections/ansiktsvard,https://www.eclore.se/de/collections/ansiktsvard
gid://shopify/Product/15534550384970,PRODUCT,body_html,de,https://www.eclore.se/collections/anti-age,https://www.eclore.se/de/collections/anti-age
gid://shopify/Product/15534550384970,PRODUCT,body_html,fi,https://www.eclore.se/collections/ansiktsvard,https://www.eclore.se/fi/collections/ansiktsvard
gid://shopify/Product/15534550384970,PRODUCT,body_html,fi,https://www.eclore.se/collections/anti-age,https://www.eclore.se/fi/collections/anti-age
gid://shopify/Product/15534555234634,PRODUCT,body_html,de,https://www.eclore.se/blogs/nyheter/ansiktskram-anti-age,https://www.eclore.se/de/blogs/nyheter/ansiktskram-anti-age
gid://shopify/Product/15534555234634,PRODUCT,body_html,de,https://www.eclore.se/blogs/hudvardsguider/anti-age-hudvard,https://www.eclore.se/de/blogs/hudvardsguider/anti-age-hudvard
gid://shopify/Product/15534555234634,PRODUCT,body_html,fi,https://www.eclore.se/blogs/nyheter/ansiktskram-anti-age,https://www.eclore.se/fi/blogs/nyheter/ansiktskram-anti-age
gid://shopify/Product/15534555234634,PRODUCT,body_html,fi,https://www.eclore.se/blogs/hudvardsguider/anti-age-hudvard,https://www.eclore.se/fi/blogs/hudvardsguider/anti-age-hudvard
gid://shopify/Product/15534593900874,PRODUCT,body_html,de,https://www.eclore.se/collections/ansiktsvard,https://www.eclore.se/de/collections/ansiktsvard
gid://shopify/Product/15534593900874,PRODUCT,body_html,de,https://www.eclore.se/collections/serum,https://www.eclore.se/de/collections/serum
gid://shopify/Product/15534593900874,PRODUCT,body_html,fi,https://www.eclore.se/collections/ansiktsvard,https://www.eclore.se/fi/collections/ansiktsvard
gid://shopify/Product/15534593900874,PRODUCT,body_html,fi,https://www.eclore.se/collections/serum,https://www.eclore.se/fi/collections/serum
gid://shopify/Product/15569728831818,PRODUCT,body_html,de,https://www.eclore.se/collections/ansiktsvard,https://www.eclore.se/de/collections/ansiktsvard
gid://shopify/Product/15569728831818,PRODUCT,body_html,de,https://www.eclore.se/collections/anti-age,https://www.eclore.se/de/collections/anti-age
gid://shopify/Product/15569728831818,PRODUCT,body_html,fi,https://www.eclore.se/collections/ansiktsvard,https://www.eclore.se/fi/collections/ansiktsvard
gid://shopify/Product/15569728831818,PRODUCT,body_html,fi,https://www.eclore.se/collections/anti-age,https://www.eclore.se/fi/collections/anti-age
gid://shopify/Product/15569728864586,PRODUCT,body_html,de,https://www.eclore.se/collections/kroppsvard,https://www.eclore.se/de/collections/kroppsvard
gid://shopify/Product/15569728864586,PRODUCT,body_html,fi,https://www.eclore.se/collections/kroppsvard,https://www.eclore.se/fi/collections/kroppsvard
gid://shopify/Product/15569729028426,PRODUCT,body_html,de,https://www.eclore.se/collections/kroppsvard,https://www.eclore.se/de/collections/kroppsvard
gid://shopify/Product/15569729028426,PRODUCT,body_html,fi,https://www.eclore.se/collections/kroppsvard,https://www.eclore.se/fi/collections/kroppsvard
gid://shopify/Product/15569729093962,PRODUCT,body_html,de,https://www.eclore.se/collections/kroppsvard,https://www.eclore.se/de/collections/kroppsvard
gid://shopify/Product/15569729093962,PRODUCT,body_html,fi,https://www.eclore.se/collections/kroppsvard,https://www.eclore.se/fi/collections/kroppsvard
gid://shopify/Product/15569977540938,PRODUCT,body_html,de,https://www.eclore.se/blogs/nyheter/ansiktskram-anti-age,https://www.eclore.se/de/blogs/nyheter/ansiktskram-anti-age
gid://shopify/Product/15569977540938,PRODUCT,body_html,de,https://www.eclore.se/blogs/hudvardsguider/anti-age-hudvard,https://www.eclore.se/de/blogs/hudvardsguider/anti-age-hudvard
gid://shopify/Product/15569977540938,PRODUCT,body_html,fi,https://www.eclore.se/blogs/nyheter/ansiktskram-anti-age,https://www.eclore.se/fi/blogs/nyheter/ansiktskram-anti-age
gid://shopify/Product/15569977540938,PRODUCT,body_html,fi,https://www.eclore.se/blogs/hudvardsguider/anti-age-hudvard,https://www.eclore.se/fi/blogs/hudvardsguider/anti-age-hudvard
gid://shopify/Product/15569977606474,PRODUCT,body_html,de,https://www.eclore.se/collections/ansiktsvard,https://www.eclore.se/de/collections/ansiktsvard
gid://shopify/Product/15569977606474,PRODUCT,body_html,de,https://www.eclore.se/collections/serum,https://www.eclore.se/de/collections/serum
gid://shopify/Product/15569977606474,PRODUCT,body_html,fi,https://www.eclore.se/collections/ansiktsvard,https://www.eclore.se/fi/collections/ansiktsvard
gid://shopify/Product/15569977606474,PRODUCT,body_html,fi,https://www.eclore.se/collections/serum,https://www.eclore.se/fi/collections/serum
gid://shopify/Product/15569977639242,PRODUCT,body_html,de,https://www.eclore.se/collections/kroppsvard,https://www.eclore.se/de/collections/kroppsvard
gid://shopify/Product/15569977639242,PRODUCT,body_html,fi,https://www.eclore.se/collections/kroppsvard,https://www.eclore.se/fi/collections/kroppsvard
gid://shopify/Product/15597338657098,PRODUCT,body_html,de,https://www.eclore.se/collections/kroppsvard,https://www.eclore.se/de/collections/kroppsvard
gid://shopify/Product/15597338657098,PRODUCT,body_html,fi,https://www.eclore.se/collections/kroppsvard,https://www.eclore.se/fi/collections/kroppsvard
gid://shopify/Product/15597338952010,PRODUCT,body_html,de,https://www.eclore.se/collections/ansiktsvard,https://www.eclore.se/de/collections/ansiktsvard
gid://shopify/Product/15597338952010,PRODUCT,body_html,fi,https://www.eclore.se/collections/ansiktsvard,https://www.eclore.se/fi/collections/ansiktsvard
gid://shopify/Product/15597339214154,PRODUCT,body_html,de,https://www.eclore.se/collections/schampo-och-balsam,https://www.eclore.se/de/collections/schampo-och-balsam
gid://shopify/Product/15597339214154,PRODUCT,body_html,fi,https://www.eclore.se/collections/schampo-och-balsam,https://www.eclore.se/fi/collections/schampo-och-balsam
gid://shopify/Product/15635851477322,PRODUCT,body_html,de,https://www.eclore.se/collections/kroppsvard,https://www.eclore.se/de/collections/kroppsvard
gid://shopify/Product/15635851477322,PRODUCT,body_html,fi,https://www.eclore.se/collections/kroppsvard,https://www.eclore.se/fi/collections/kroppsvard
gid://shopify/Product/15635852099914,PRODUCT,body_html,de,https://www.eclore.se/collections/kroppsvard,https://www.eclore.se/de/collections/kroppsvard
gid://shopify/Product/15635852099914,PRODUCT,body_html,fi,https://www.eclore.se/collections/kroppsvard,https://www.eclore.se/fi/collections/kroppsvard
gid://shopify/Product/15672331960650,PRODUCT,body_html,de,https://www.eclore.se/collections/kroppsvard,https://www.eclore.se/de/collections/kroppsvard
gid://shopify/Product/15672331960650,PRODUCT,body_html,fi,https://www.eclore.se/collections/kroppsvard,https://www.eclore.se/fi/collections/kroppsvard
gid://shopify/Product/15672333664586,PRODUCT,body_html,de,https://www.eclore.se/collections/ansiktskram,https://www.eclore.se/de/collections/ansiktskram
gid://shopify/Product/15672333664586,PRODUCT,body_html,fi,https://www.eclore.se/collections/ansiktskram,https://www.eclore.se/fi/collections/ansiktskram
gid://shopify/Product/15672334221642,PRODUCT,body_html,de,https://www.eclore.se/collections/kroppsvard,https://www.eclore.se/de/collections/kroppsvard
gid://shopify/Product/15672334221642,PRODUCT,body_html,fi,https://www.eclore.se/collections/kroppsvard,https://www.eclore.se/fi/collections/kroppsvard
gid://shopify/Product/15956613759306,PRODUCT,body_html,de,https://www.eclore.se/collections/kroppsvard,https://www.eclore.se/de/collections/kroppsvard
gid://shopify/Product/15956613759306,PRODUCT,body_html,fi,https://www.eclore.se/collections/kroppsvard,https://www.eclore.se/fi/collections/kroppsvard
gid://shopify/Product/15961233490250,PRODUCT,body_html,de,https://www.eclore.se/collections/ansiktsvard,https://www.eclore.se/de/collections/ansiktsvard
gid://shopify/Product/15961233490250,PRODUCT,body_html,fi,https://www.eclore.se/collections/ansiktsvard,https://www.eclore.se/fi/collections/ansiktsvard
gid://shopify/Product/15973736382794,PRODUCT,body_html,de,https://www.eclore.se/collections/kroppsvard,https://www.eclore.se/de/collections/kroppsvard
gid://shopify/Product/15973736382794,PRODUCT,body_html,fi,https://www.eclore.se/collections/kroppsvard,https://www.eclore.se/fi/collections/kroppsvard
gid://shopify/Product/15973738774858,PRODUCT,body_html,de,https://www.eclore.se/collections/kroppsvard,https://www.eclore.se/de/collections/kroppsvard
gid://shopify/Product/15973738774858,PRODUCT,body_html,fi,https://www.eclore.se/collections/kroppsvard,https://www.eclore.se/fi/collections/kroppsvard
gid://shopify/Product/15978215637322,PRODUCT,body_html,de,https://www.eclore.se/collections/kroppsvard,https://www.eclore.se/de/collections/kroppsvard
gid://shopify/Product/15978215637322,PRODUCT,body_html,fi,https://www.eclore.se/collections/kroppsvard,https://www.eclore.se/fi/collections/kroppsvard
gid://shopify/Collection/638447812938,COLLECTION,body_html,de,https://www.eclore.se/collections/body-cream,https://www.eclore.se/de/collections/body-cream
gid://shopify/Collection/638447812938,COLLECTION,body_html,de,https://www.eclore.se/collections/bodyscrub,https://www.eclore.se/de/collections/bodyscrub
gid://shopify/Collection/638447812938,COLLECTION,body_html,de,https://www.eclore.se/collections/duschkram,https://www.eclore.se/de/collections/duschkram
gid://shopify/Collection/638447812938,COLLECTION,body_html,de,https://www.eclore.se/collections/kroppsolja,https://www.eclore.se/de/collections/kroppsolja
gid://shopify/Collection/638447812938,COLLECTION,body_html,de,https://www.eclore.se/collections/deodorant,https://www.eclore.se/de/collections/deodorant
gid://shopify/Collection/638447812938,COLLECTION,body_html,de,https://www.eclore.se/collections/handkram,https://www.eclore.se/de/collections/handkram
gid://shopify/Collection/638447812938,COLLECTION,body_html,de,https://www.eclore.se/collections/fotkram,https://www.eclore.se/de/collections/fotkram
gid://shopify/Collection/638447812938,COLLECTION,body_html,de,https://www.eclore.se/collections/brun-utan-sol-1,https://www.eclore.se/de/collections/brun-utan-sol-1
gid://shopify/Collection/638447812938,COLLECTION,body_html,de,https://www.eclore.se/collections/body-cream,https://www.eclore.se/de/collections/body-cream
gid://shopify/Collection/638447812938,COLLECTION,body_html,de,https://www.eclore.se/collections/brun-utan-sol-1,https://www.eclore.se/de/collections/brun-utan-sol-1
gid://shopify/Collection/638447812938,COLLECTION,body_html,de,https://www.eclore.se/collections/bodyscrub,https://www.eclore.se/de/collections/bodyscrub
gid://shopify/Collection/638447812938,COLLECTION,body_html,de,https://www.eclore.se/collections/deodorant,https://www.eclore.se/de/collections/deodorant
gid://shopify/Collection/638447812938,COLLECTION,body_html,fi,https://www.eclore.se/collections/body-cream,https://www.eclore.se/fi/collections/body-cream
gid://shopify/Collection/638447812938,COLLECTION,body_html,fi,https://www.eclore.se/collections/bodyscrub,https://www.eclore.se/fi/collections/bodyscrub
gid://shopify/Collection/638447812938,COLLECTION,body_html,fi,https://www.eclore.se/collections/duschkram,https://www.eclore.se/fi/collections/duschkram
gid://shopify/Collection/638447812938,COLLECTION,body_html,fi,https://www.eclore.se/collections/kroppsolja,https://www.eclore.se/fi/collections/kroppsolja
gid://shopify/Collection/638447812938,COLLECTION,body_html,fi,https://www.eclore.se/collections/deodorant,https://www.eclore.se/fi/collections/deodorant
gid://shopify/Collection/638447812938,COLLECTION,body_html,fi,https://www.eclore.se/collections/handkram,https://www.eclore.se/fi/collections/handkram
gid://shopify/Collection/638447812938,COLLECTION,body_html,fi,https://www.eclore.se/collections/fotkram,https://www.eclore.se/fi/collections/fotkram
gid://shopify/Collection/638447812938,COLLECTION,body_html,fi,https://www.eclore.se/collections/brun-utan-sol-1,https://www.eclore.se/fi/collections/brun-utan-sol-1
gid://shopify/Collection/638447812938,COLLECTION,body_html,fi,https://www.eclore.se/collections/body-cream,https://www.eclore.se/fi/collections/body-cream
gid://shopify/Collection/638447812938,COLLECTION,body_html,fi,https://www.eclore.se/collections/brun-utan-sol-1,https://www.eclore.se/fi/collections/brun-utan-sol-1
gid://shopify/Collection/638447812938,COLLECTION,body_html,fi,https://www.eclore.se/collections/bodyscrub,https://www.eclore.se/fi/collections/bodyscrub
gid://shopify/Collection/638447812938,COLLECTION,body_html,fi,https://www.eclore.se/collections/deodorant,https://www.eclore.se/fi/collections/deodorant
gid://shopify/Collection/638879695178,COLLECTION,body_html,de,https://www.eclore.se/collections/schampo-balsam,https://www.eclore.se/de/collections/schampo-balsam
gid://shopify/Collection/638879695178,COLLECTION,body_html,de,https://www.eclore.se/collections/harbotten,https://www.eclore.se/de/collections/harbotten
gid://shopify/Collection/638879695178,COLLECTION,body_html,de,https://www.eclore.se/collections/harolja,https://www.eclore.se/de/collections/harolja
gid://shopify/Collection/638879695178,COLLECTION,body_html,de,https://www.eclore.se/collections/harserum,https://www.eclore.se/de/collections/harserum
gid://shopify/Collection/638879695178,COLLECTION,body_html,de,https://www.eclore.se/collections/harinpackning,https://www.eclore.se/de/collections/harinpackning
gid://shopify/Collection/638879695178,COLLECTION,body_html,de,https://www.eclore.se/collections/harspray,https://www.eclore.se/de/collections/harspray
gid://shopify/Collection/638879695178,COLLECTION,body_html,de,https://www.eclore.se/products/moringa-olja-ansikte-kallpressad-30ml,https://www.eclore.se/de/products/moringa-olja-ansikte-kallpressad-30ml
gid://shopify/Collection/638879695178,COLLECTION,body_html,fi,https://www.eclore.se/collections/schampo-balsam,https://www.eclore.se/fi/collections/schampo-balsam
gid://shopify/Collection/638879695178,COLLECTION,body_html,fi,https://www.eclore.se/collections/harbotten,https://www.eclore.se/fi/collections/harbotten
gid://shopify/Collection/638879695178,COLLECTION,body_html,fi,https://www.eclore.se/collections/harolja,https://www.eclore.se/fi/collections/harolja
gid://shopify/Collection/638879695178,COLLECTION,body_html,fi,https://www.eclore.se/collections/harserum,https://www.eclore.se/fi/collections/harserum
gid://shopify/Collection/638879695178,COLLECTION,body_html,fi,https://www.eclore.se/collections/harinpackning,https://www.eclore.se/fi/collections/harinpackning
gid://shopify/Collection/638879695178,COLLECTION,body_html,fi,https://www.eclore.se/collections/harspray,https://www.eclore.se/fi/collections/harspray
gid://shopify/Collection/638879695178,COLLECTION,body_html,fi,https://www.eclore.se/products/moringa-olja-ansikte-kallpressad-30ml,https://www.eclore.se/fi/products/moringa-olja-ansikte-kallpressad-30ml
gid://shopify/Collection/638879957322,COLLECTION,body_html,de,https://www.eclore.se/collections/ogonkram,https://www.eclore.se/de/collections/ogonkram
gid://shopify/Collection/638879957322,COLLECTION,body_html,de,https://www.eclore.se/collections/anti-age,https://www.eclore.se/de/collections/anti-age
gid://shopify/Collection/638879957322,COLLECTION,body_html,fi,https://www.eclore.se/collections/ogonkram,https://www.eclore.se/fi/collections/ogonkram
gid://shopify/Collection/638879957322,COLLECTION,body_html,fi,https://www.eclore.se/collections/anti-age,https://www.eclore.se/fi/collections/anti-age
gid://shopify/Collection/638956929354,COLLECTION,body_html,de,https://www.eclore.se/collections/ansiktskram,https://www.eclore.se/de/collections/ansiktskram
gid://shopify/Collection/638956929354,COLLECTION,body_html,de,https://www.eclore.se/collections/serum,https://www.eclore.se/de/collections/serum
gid://shopify/Collection/638956929354,COLLECTION,body_html,de,https://www.eclore.se/collections/nattkram,https://www.eclore.se/de/collections/nattkram
gid://shopify/Collection/638956929354,COLLECTION,body_html,de,https://www.eclore.se/collections/ansiktsrengoring,https://www.eclore.se/de/collections/ansiktsrengoring
gid://shopify/Collection/638956929354,COLLECTION,body_html,de,https://www.eclore.se/collections/toner,https://www.eclore.se/de/collections/toner
gid://shopify/Collection/638956929354,COLLECTION,body_html,de,https://www.eclore.se/collections/ansiktsmask,https://www.eclore.se/de/collections/ansiktsmask
gid://shopify/Collection/638956929354,COLLECTION,body_html,de,https://www.eclore.se/collections/ogonkram,https://www.eclore.se/de/collections/ogonkram
gid://shopify/Collection/638956929354,COLLECTION,body_html,de,https://www.eclore.se/collections/anti-age,https://www.eclore.se/de/collections/anti-age
gid://shopify/Collection/638956929354,COLLECTION,body_html,de,https://www.eclore.se/collections/acne,https://www.eclore.se/de/collections/acne
gid://shopify/Collection/638956929354,COLLECTION,body_html,fi,https://www.eclore.se/collections/ansiktskram,https://www.eclore.se/fi/collections/ansiktskram
gid://shopify/Collection/638956929354,COLLECTION,body_html,fi,https://www.eclore.se/collections/serum,https://www.eclore.se/fi/collections/serum
gid://shopify/Collection/638956929354,COLLECTION,body_html,fi,https://www.eclore.se/collections/nattkram,https://www.eclore.se/fi/collections/nattkram
gid://shopify/Collection/638956929354,COLLECTION,body_html,fi,https://www.eclore.se/collections/ansiktsrengoring,https://www.eclore.se/fi/collections/ansiktsrengoring
gid://shopify/Collection/638956929354,COLLECTION,body_html,fi,https://www.eclore.se/collections/toner,https://www.eclore.se/fi/collections/toner
gid://shopify/Collection/638956929354,COLLECTION,body_html,fi,https://www.eclore.se/collections/ansiktsmask,https://www.eclore.se/fi/collections/ansiktsmask
gid://shopify/Collection/638956929354,COLLECTION,body_html,fi,https://www.eclore.se/collections/ogonkram,https://www.eclore.se/fi/collections/ogonkram
gid://shopify/Collection/638956929354,COLLECTION,body_html,fi,https://www.eclore.se/collections/anti-age,https://www.eclore.se/fi/collections/anti-age
gid://shopify/Collection/638956929354,COLLECTION,body_html,fi,https://www.eclore.se/collections/acne,https://www.eclore.se/fi/collections/acne
gid://shopify/Collection/640910098762,COLLECTION,body_html,de,https://www.eclore.se/products/rhubarb-hair-mask-with-castor-oil-250-ml,https://www.eclore.se/de/products/rhubarb-hair-mask-with-castor-oil-250-ml
gid://shopify/Collection/640910098762,COLLECTION,body_html,fi,https://www.eclore.se/products/rhubarb-hair-mask-with-castor-oil-250-ml,https://www.eclore.se/fi/products/rhubarb-hair-mask-with-castor-oil-250-ml
gid://shopify/Collection/642322465098,COLLECTION,body_html,de,https://www.eclore.se/collections/ansiktskram,https://www.eclore.se/de/collections/ansiktskram
gid://shopify/Collection/642322465098,COLLECTION,body_html,de,https://www.eclore.se/collections/body-cream,https://www.eclore.se/de/collections/body-cream
gid://shopify/Collection/642322465098,COLLECTION,body_html,de,https://www.eclore.se/collections/bodyscrub,https://www.eclore.se/de/collections/bodyscrub
gid://shopify/Collection/642322465098,COLLECTION,body_html,de,https://www.eclore.se/collections/lappbalsam,https://www.eclore.se/de/collections/lappbalsam
gid://shopify/Collection/642322465098,COLLECTION,body_html,de,https://www.eclore.se/collections/doftljus,https://www.eclore.se/de/collections/doftljus
gid://shopify/Collection/642322465098,COLLECTION,body_html,fi,https://www.eclore.se/collections/ansiktskram,https://www.eclore.se/fi/collections/ansiktskram
gid://shopify/Collection/642322465098,COLLECTION,body_html,fi,https://www.eclore.se/collections/body-cream,https://www.eclore.se/fi/collections/body-cream
gid://shopify/Collection/642322465098,COLLECTION,body_html,fi,https://www.eclore.se/collections/bodyscrub,https://www.eclore.se/fi/collections/bodyscrub
gid://shopify/Collection/642322465098,COLLECTION,body_html,fi,https://www.eclore.se/collections/lappbalsam,https://www.eclore.se/fi/collections/lappbalsam
gid://shopify/Collection/642322465098,COLLECTION,body_html,fi,https://www.eclore.se/collections/doftljus,https://www.eclore.se/fi/collections/doftljus
gid://shopify/Collection/645710577994,COLLECTION,body_html,de,/blogs/hudvardsguider/mousse-torrolja-body-lotion-jamforelse-brun-utan-sol,/de/blogs/hudvardsguider/mousse-torrolja-body-lotion-jamforelse-brun-utan-sol
gid://shopify/Collection/645710577994,COLLECTION,body_html,fi,/blogs/hudvardsguider/mousse-torrolja-body-lotion-jamforelse-brun-utan-sol,/fi/blogs/hudvardsguider/mousse-torrolja-body-lotion-jamforelse-brun-utan-sol
gid://shopify/Collection/645711266122,COLLECTION,body_html,de,https://www.eclore.se/collections/serum,https://www.eclore.se/de/collections/serum
gid://shopify/Collection/645711266122,COLLECTION,body_html,de,https://www.eclore.se/collections/ansiktsrengoring,https://www.eclore.se/de/collections/ansiktsrengoring
gid://shopify/Collection/645711266122,COLLECTION,body_html,de,https://www.eclore.se/collections/ansiktspeeling,https://www.eclore.se/de/collections/ansiktspeeling
gid://shopify/Collection/645711266122,COLLECTION,body_html,de,https://www.eclore.se/collections/ansiktskram,https://www.eclore.se/de/collections/ansiktskram
gid://shopify/Collection/645711266122,COLLECTION,body_html,fi,https://www.eclore.se/collections/serum,https://www.eclore.se/fi/collections/serum
gid://shopify/Collection/645711266122,COLLECTION,body_html,fi,https://www.eclore.se/collections/ansiktsrengoring,https://www.eclore.se/fi/collections/ansiktsrengoring
gid://shopify/Collection/645711266122,COLLECTION,body_html,fi,https://www.eclore.se/collections/ansiktspeeling,https://www.eclore.se/fi/collections/ansiktspeeling
gid://shopify/Collection/645711266122,COLLECTION,body_html,fi,https://www.eclore.se/collections/ansiktskram,https://www.eclore.se/fi/collections/ansiktskram
gid://shopify/Collection/645713166666,COLLECTION,body_html,de,https://www.eclore.se/blogs/nyheter/hyaluronsyra,https://www.eclore.se/de/blogs/nyheter/hyaluronsyra
gid://shopify/Collection/645713166666,COLLECTION,body_html,de,https://www.eclore.se/collections/toner,https://www.eclore.se/de/collections/toner
gid://shopify/Collection/645713166666,COLLECTION,body_html,de,https://www.eclore.se/collections/serum,https://www.eclore.se/de/collections/serum
gid://shopify/Collection/645713166666,COLLECTION,body_html,de,https://www.eclore.se/collections/nattkram,https://www.eclore.se/de/collections/nattkram
gid://shopify/Collection/645713166666,COLLECTION,body_html,de,https://www.eclore.se/blogs/nyheter/hyaluronsyra,https://www.eclore.se/de/blogs/nyheter/hyaluronsyra
gid://shopify/Collection/645713166666,COLLECTION,body_html,fi,https://www.eclore.se/blogs/nyheter/hyaluronsyra,https://www.eclore.se/fi/blogs/nyheter/hyaluronsyra
gid://shopify/Collection/645713166666,COLLECTION,body_html,fi,https://www.eclore.se/collections/toner,https://www.eclore.se/fi/collections/toner
gid://shopify/Collection/645713166666,COLLECTION,body_html,fi,https://www.eclore.se/collections/serum,https://www.eclore.se/fi/collections/serum
gid://shopify/Collection/645713166666,COLLECTION,body_html,fi,https://www.eclore.se/collections/nattkram,https://www.eclore.se/fi/collections/nattkram
gid://shopify/Collection/645713166666,COLLECTION,body_html,fi,https://www.eclore.se/blogs/nyheter/hyaluronsyra,https://www.eclore.se/fi/blogs/nyheter/hyaluronsyra
gid://shopify/Collection/645714411850,COLLECTION,body_html,de,https://www.eclore.se/collections/ansiktsvard,https://www.eclore.se/de/collections/ansiktsvard
gid://shopify/Collection/645714411850,COLLECTION,body_html,fi,https://www.eclore.se/collections/ansiktsvard,https://www.eclore.se/fi/collections/ansiktsvard
gid://shopify/Collection/645714477386,COLLECTION,body_html,de,https://www.eclore.se/blogs/nyheter/hyaluronsyra,https://www.eclore.se/de/blogs/nyheter/hyaluronsyra
gid://shopify/Collection/645714477386,COLLECTION,body_html,de,https://www.eclore.se/collections/nattkram,https://www.eclore.se/de/collections/nattkram
gid://shopify/Collection/645714477386,COLLECTION,body_html,de,https://www.eclore.se/blogs/nyheter/anti-age-kram-som-fungerar,https://www.eclore.se/de/blogs/nyheter/anti-age-kram-som-fungerar
gid://shopify/Collection/645714477386,COLLECTION,body_html,de,https://www.eclore.se/blogs/nyheter/ogonkram-anti-age,https://www.eclore.se/de/blogs/nyheter/ogonkram-anti-age
gid://shopify/Collection/645714477386,COLLECTION,body_html,de,https://www.eclore.se/blogs/nyheter/hyaluronsyra,https://www.eclore.se/de/blogs/nyheter/hyaluronsyra
gid://shopify/Collection/645714477386,COLLECTION,body_html,fi,https://www.eclore.se/blogs/nyheter/hyaluronsyra,https://www.eclore.se/fi/blogs/nyheter/hyaluronsyra
gid://shopify/Collection/645714477386,COLLECTION,body_html,fi,https://www.eclore.se/collections/nattkram,https://www.eclore.se/fi/collections/nattkram
gid://shopify/Collection/645714477386,COLLECTION,body_html,fi,https://www.eclore.se/blogs/nyheter/anti-age-kram-som-fungerar,https://www.eclore.se/fi/blogs/nyheter/anti-age-kram-som-fungerar
gid://shopify/Collection/645714477386,COLLECTION,body_html,fi,https://www.eclore.se/blogs/nyheter/ogonkram-anti-age,https://www.eclore.se/fi/blogs/nyheter/ogonkram-anti-age
gid://shopify/Collection/645714477386,COLLECTION,body_html,fi,https://www.eclore.se/blogs/nyheter/hyaluronsyra,https://www.eclore.se/fi/blogs/nyheter/hyaluronsyra
gid://shopify/Collection/645716902218,COLLECTION,body_html,de,https://www.eclore.se/collections/toner,https://www.eclore.se/de/collections/toner
gid://shopify/Collection/645716902218,COLLECTION,body_html,de,https://www.eclore.se/collections/ansiktskram,https://www.eclore.se/de/collections/ansiktskram
gid://shopify/Collection/645716902218,COLLECTION,body_html,de,https://www.eclore.se/collections/vitamin-c,https://www.eclore.se/de/collections/vitamin-c
gid://shopify/Collection/645716902218,COLLECTION,body_html,de,https://www.eclore.se/blogs/nyheter/hyaluronsyra,https://www.eclore.se/de/blogs/nyheter/hyaluronsyra
gid://shopify/Collection/645716902218,COLLECTION,body_html,de,https://www.eclore.se/blogs/nyheter/c-vitamin-serum-1,https://www.eclore.se/de/blogs/nyheter/c-vitamin-serum-1
gid://shopify/Collection/645716902218,COLLECTION,body_html,de,https://www.eclore.se/blogs/nyheter/bakuchiol,https://www.eclore.se/de/blogs/nyheter/bakuchiol
gid://shopify/Collection/645716902218,COLLECTION,body_html,de,https://www.eclore.se/blogs/nyheter/retinol,https://www.eclore.se/de/blogs/nyheter/retinol
gid://shopify/Collection/645716902218,COLLECTION,body_html,de,https://www.eclore.se/blogs/nyheter/hyaluronsyra,https://www.eclore.se/de/blogs/nyheter/hyaluronsyra
gid://shopify/Collection/645716902218,COLLECTION,body_html,de,https://www.eclore.se/blogs/nyheter/ansikts-serum,https://www.eclore.se/de/blogs/nyheter/ansikts-serum
gid://shopify/Collection/645716902218,COLLECTION,body_html,fi,https://www.eclore.se/collections/toner,https://www.eclore.se/fi/collections/toner
gid://shopify/Collection/645716902218,COLLECTION,body_html,fi,https://www.eclore.se/collections/ansiktskram,https://www.eclore.se/fi/collections/ansiktskram
gid://shopify/Collection/645716902218,COLLECTION,body_html,fi,https://www.eclore.se/collections/vitamin-c,https://www.eclore.se/fi/collections/vitamin-c
gid://shopify/Collection/645716902218,COLLECTION,body_html,fi,https://www.eclore.se/blogs/nyheter/hyaluronsyra,https://www.eclore.se/fi/blogs/nyheter/hyaluronsyra
gid://shopify/Collection/645716902218,COLLECTION,body_html,fi,https://www.eclore.se/blogs/nyheter/c-vitamin-serum-1,https://www.eclore.se/fi/blogs/nyheter/c-vitamin-serum-1
gid://shopify/Collection/645716902218,COLLECTION,body_html,fi,https://www.eclore.se/blogs/nyheter/bakuchiol,https://www.eclore.se/fi/blogs/nyheter/bakuchiol
gid://shopify/Collection/645716902218,COLLECTION,body_html,fi,https://www.eclore.se/blogs/nyheter/retinol,https://www.eclore.se/fi/blogs/nyheter/retinol
gid://shopify/Collection/645716902218,COLLECTION,body_html,fi,https://www.eclore.se/blogs/nyheter/hyaluronsyra,https://www.eclore.se/fi/blogs/nyheter/hyaluronsyra
gid://shopify/Collection/645716902218,COLLECTION,body_html,fi,https://www.eclore.se/blogs/nyheter/ansikts-serum,https://www.eclore.se/fi/blogs/nyheter/ansikts-serum
gid://shopify/Collection/645717033290,COLLECTION,body_html,de,https://www.eclore.se/collections/serum,https://www.eclore.se/de/collections/serum
gid://shopify/Collection/645717033290,COLLECTION,body_html,de,https://www.eclore.se/collections/ansiktskram,https://www.eclore.se/de/collections/ansiktskram
gid://shopify/Collection/645717033290,COLLECTION,body_html,fi,https://www.eclore.se/collections/serum,https://www.eclore.se/fi/collections/serum
gid://shopify/Collection/645717033290,COLLECTION,body_html,fi,https://www.eclore.se/collections/ansiktskram,https://www.eclore.se/fi/collections/ansiktskram
gid://shopify/Collection/645734334794,COLLECTION,body_html,de,https://www.eclore.se/collections/duschkram,https://www.eclore.se/de/collections/duschkram
gid://shopify/Collection/645734334794,COLLECTION,body_html,de,https://www.eclore.se/collections/bodyscrub,https://www.eclore.se/de/collections/bodyscrub
gid://shopify/Collection/645734334794,COLLECTION,body_html,de,https://www.eclore.se/collections/kroppsolja,https://www.eclore.se/de/collections/kroppsolja
gid://shopify/Collection/645734334794,COLLECTION,body_html,de,https://www.eclore.se/collections/kroppsvard,https://www.eclore.se/de/collections/kroppsvard
gid://shopify/Collection/645734334794,COLLECTION,body_html,de,https://www.eclore.se/blogs/nyheter/rekommenderad-kroppskram,https://www.eclore.se/de/blogs/nyheter/rekommenderad-kroppskram
gid://shopify/Collection/645734334794,COLLECTION,body_html,fi,https://www.eclore.se/collections/duschkram,https://www.eclore.se/fi/collections/duschkram
gid://shopify/Collection/645734334794,COLLECTION,body_html,fi,https://www.eclore.se/collections/bodyscrub,https://www.eclore.se/fi/collections/bodyscrub
gid://shopify/Collection/645734334794,COLLECTION,body_html,fi,https://www.eclore.se/collections/kroppsolja,https://www.eclore.se/fi/collections/kroppsolja
gid://shopify/Collection/645734334794,COLLECTION,body_html,fi,https://www.eclore.se/collections/kroppsvard,https://www.eclore.se/fi/collections/kroppsvard
gid://shopify/Collection/645734334794,COLLECTION,body_html,fi,https://www.eclore.se/blogs/nyheter/rekommenderad-kroppskram,https://www.eclore.se/fi/blogs/nyheter/rekommenderad-kroppskram
gid://shopify/Collection/645990383946,COLLECTION,body_html,de,https://www.eclore.se/collections/duschkram,https://www.eclore.se/de/collections/duschkram
gid://shopify/Collection/645990383946,COLLECTION,body_html,de,https://www.eclore.se/collections/kroppsvard,https://www.eclore.se/de/collections/kroppsvard
gid://shopify/Collection/645990383946,COLLECTION,body_html,fi,https://www.eclore.se/collections/duschkram,https://www.eclore.se/fi/collections/duschkram
gid://shopify/Collection/645990383946,COLLECTION,body_html,fi,https://www.eclore.se/collections/kroppsvard,https://www.eclore.se/fi/collections/kroppsvard
gid://shopify/Collection/645990646090,COLLECTION,body_html,de,https://www.eclore.se/collections/duschkram,https://www.eclore.se/de/collections/duschkram
gid://shopify/Collection/645990646090,COLLECTION,body_html,de,https://www.eclore.se/collections/bodyscrub,https://www.eclore.se/de/collections/bodyscrub
gid://shopify/Collection/645990646090,COLLECTION,body_html,fi,https://www.eclore.se/collections/duschkram,https://www.eclore.se/fi/collections/duschkram
gid://shopify/Collection/645990646090,COLLECTION,body_html,fi,https://www.eclore.se/collections/bodyscrub,https://www.eclore.se/fi/collections/bodyscrub
gid://shopify/Collection/645990908234,COLLECTION,body_html,de,https://www.eclore.se/products/rhubarb-hair-mask-with-castor-oil-250-ml,https://www.eclore.se/de/products/rhubarb-hair-mask-with-castor-oil-250-ml
gid://shopify/Collection/645990908234,COLLECTION,body_html,fi,https://www.eclore.se/products/rhubarb-hair-mask-with-castor-oil-250-ml,https://www.eclore.se/fi/products/rhubarb-hair-mask-with-castor-oil-250-ml
gid://shopify/Collection/645991137610,COLLECTION,body_html,de,https://www.eclore.se/collections/schampo-balsam,https://www.eclore.se/de/collections/schampo-balsam
gid://shopify/Collection/645991137610,COLLECTION,body_html,de,https://www.eclore.se/collections/harserum,https://www.eclore.se/de/collections/harserum
gid://shopify/Collection/645991137610,COLLECTION,body_html,fi,https://www.eclore.se/collections/schampo-balsam,https://www.eclore.se/fi/collections/schampo-balsam
gid://shopify/Collection/645991137610,COLLECTION,body_html,fi,https://www.eclore.se/collections/harserum,https://www.eclore.se/fi/collections/harserum
gid://shopify/Collection/645991170378,COLLECTION,body_html,de,https://www.eclore.se/collections/harvard,https://www.eclore.se/de/collections/harvard
gid://shopify/Collection/645991170378,COLLECTION,body_html,de,https://www.eclore.se/collections/harinpackning,https://www.eclore.se/de/collections/harinpackning
gid://shopify/Collection/645991170378,COLLECTION,body_html,de,https://www.eclore.se/collections/harolja,https://www.eclore.se/de/collections/harolja
gid://shopify/Collection/645991170378,COLLECTION,body_html,de,https://www.eclore.se/collections/harbotten,https://www.eclore.se/de/collections/harbotten
gid://shopify/Collection/645991170378,COLLECTION,body_html,fi,https://www.eclore.se/collections/harvard,https://www.eclore.se/fi/collections/harvard
gid://shopify/Collection/645991170378,COLLECTION,body_html,fi,https://www.eclore.se/collections/harinpackning,https://www.eclore.se/fi/collections/harinpackning
gid://shopify/Collection/645991170378,COLLECTION,body_html,fi,https://www.eclore.se/collections/harolja,https://www.eclore.se/fi/collections/harolja
gid://shopify/Collection/645991170378,COLLECTION,body_html,fi,https://www.eclore.se/collections/harbotten,https://www.eclore.se/fi/collections/harbotten
gid://shopify/Collection/647523303754,COLLECTION,body_html,de,https://www.eclore.se/collections/brun-utan-sol,https://www.eclore.se/de/collections/brun-utan-sol
gid://shopify/Collection/647523303754,COLLECTION,body_html,de,https://www.eclore.se/collections/bodyscrub,https://www.eclore.se/de/collections/bodyscrub
gid://shopify/Collection/647523303754,COLLECTION,body_html,de,https://www.eclore.se/collections/body-cream,https://www.eclore.se/de/collections/body-cream
gid://shopify/Collection/647523303754,COLLECTION,body_html,de,https://www.eclore.se/blogs/nyheter/bodylotion-shimmer,https://www.eclore.se/de/blogs/nyheter/bodylotion-shimmer
gid://shopify/Collection/647523303754,COLLECTION,body_html,fi,https://www.eclore.se/collections/brun-utan-sol,https://www.eclore.se/fi/collections/brun-utan-sol
gid://shopify/Collection/647523303754,COLLECTION,body_html,fi,https://www.eclore.se/collections/bodyscrub,https://www.eclore.se/fi/collections/bodyscrub
gid://shopify/Collection/647523303754,COLLECTION,body_html,fi,https://www.eclore.se/collections/body-cream,https://www.eclore.se/fi/collections/body-cream
gid://shopify/Collection/647523303754,COLLECTION,body_html,fi,https://www.eclore.se/blogs/nyheter/bodylotion-shimmer,https://www.eclore.se/fi/blogs/nyheter/bodylotion-shimmer
gid://shopify/Collection/648156709194,COLLECTION,body_html,de,https://www.eclore.se/collections/probiotisk-hudvard,https://www.eclore.se/de/collections/probiotisk-hudvard
gid://shopify/Collection/648156709194,COLLECTION,body_html,fi,https://www.eclore.se/collections/probiotisk-hudvard,https://www.eclore.se/fi/collections/probiotisk-hudvard
gid://shopify/Collection/688266150218,COLLECTION,body_html,de,https://www.eclore.se/collections/ansiktsvard,https://www.eclore.se/de/collections/ansiktsvard
gid://shopify/Collection/688266150218,COLLECTION,body_html,de,https://www.eclore.se/collections/kroppsvard,https://www.eclore.se/de/collections/kroppsvard
gid://shopify/Collection/688266150218,COLLECTION,body_html,fi,https://www.eclore.se/collections/ansiktsvard,https://www.eclore.se/fi/collections/ansiktsvard
gid://shopify/Collection/688266150218,COLLECTION,body_html,fi,https://www.eclore.se/collections/kroppsvard,https://www.eclore.se/fi/collections/kroppsvard
gid://shopify/Collection/709094703434,COLLECTION,body_html,de,https://www.eclore.se/collections/kroppsvard,https://www.eclore.se/de/collections/kroppsvard
gid://shopify/Collection/709094703434,COLLECTION,body_html,fi,https://www.eclore.se/collections/kroppsvard,https://www.eclore.se/fi/collections/kroppsvard
gid://shopify/Collection/722578178378,COLLECTION,body_html,de,https://www.eclore.se/products/brun-utan-sol-serum-ansikte-20ml,https://www.eclore.se/de/products/brun-utan-sol-serum-ansikte-20ml
gid://shopify/Collection/722578178378,COLLECTION,body_html,de,https://www.eclore.se/products/sjalvbrunande-serum-ansikte-veganskt,https://www.eclore.se/de/products/sjalvbrunande-serum-ansikte-veganskt
gid://shopify/Collection/722578178378,COLLECTION,body_html,fi,https://www.eclore.se/products/brun-utan-sol-serum-ansikte-20ml,https://www.eclore.se/fi/products/brun-utan-sol-serum-ansikte-20ml
gid://shopify/Collection/722578178378,COLLECTION,body_html,fi,https://www.eclore.se/products/sjalvbrunande-serum-ansikte-veganskt,https://www.eclore.se/fi/products/sjalvbrunande-serum-ansikte-veganskt
gid://shopify/Article/670355063114,ARTICLE,body_html,de,https://www.eclore.se/products/hyaluronic-acid-face-cream-for-men,https://www.eclore.se/de/products/hyaluronic-acid-face-cream-for-men
gid://shopify/Article/670355063114,ARTICLE,body_html,de,https://www.eclore.se/products/dagkram-vitamin-c-hyaluronsyra-luuv-super-glow,https://www.eclore.se/de/products/dagkram-vitamin-c-hyaluronsyra-luuv-super-glow
gid://shopify/Article/670355063114,ARTICLE,body_html,de,https://www.eclore.se/products/naturlig-ansiktskram-anti-age-hyaluronsyra-50ml,https://www.eclore.se/de/products/naturlig-ansiktskram-anti-age-hyaluronsyra-50ml
gid://shopify/Article/670355063114,ARTICLE,body_html,fi,https://www.eclore.se/products/hyaluronic-acid-face-cream-for-men,https://www.eclore.se/fi/products/hyaluronic-acid-face-cream-for-men
gid://shopify/Article/670355063114,ARTICLE,body_html,fi,https://www.eclore.se/products/dagkram-vitamin-c-hyaluronsyra-luuv-super-glow,https://www.eclore.se/fi/products/dagkram-vitamin-c-hyaluronsyra-luuv-super-glow
gid://shopify/Article/670355063114,ARTICLE,body_html,fi,https://www.eclore.se/products/naturlig-ansiktskram-anti-age-hyaluronsyra-50ml,https://www.eclore.se/fi/products/naturlig-ansiktskram-anti-age-hyaluronsyra-50ml
gid://shopify/Article/999954579786,ARTICLE,body_html,de,https://www.eclore.se/products/magrada-atstrammande-kroppsserum-alger-vaxtextrakt,https://www.eclore.se/de/products/magrada-atstrammande-kroppsserum-alger-vaxtextrakt
gid://shopify/Article/999954579786,ARTICLE,body_html,de,https://www.eclore.se/products/hoia-arganolja-kallpressad-intensiv-aterfuktning-50ml,https://www.eclore.se/de/products/hoia-arganolja-kallpressad-intensiv-aterfuktning-50ml
gid://shopify/Article/999954579786,ARTICLE,body_html,de,https://www.eclore.se/products/kroppsolja-torr-hud-sheaolja-100ml,https://www.eclore.se/de/products/kroppsolja-torr-hud-sheaolja-100ml
gid://shopify/Article/999954579786,ARTICLE,body_html,de,https://www.eclore.se/collections/bodyscrub,https://www.eclore.se/de/collections/bodyscrub
gid://shopify/Article/999954579786,ARTICLE,body_html,de,https://www.eclore.se/collections/kroppsvard,https://www.eclore.se/de/collections/kroppsvard
gid://shopify/Article/999954579786,ARTICLE,body_html,de,https://www.eclore.se/collections/kroppsolja,https://www.eclore.se/de/collections/kroppsolja
gid://shopify/Article/999954579786,ARTICLE,body_html,fi,https://www.eclore.se/products/magrada-atstrammande-kroppsserum-alger-vaxtextrakt,https://www.eclore.se/fi/products/magrada-atstrammande-kroppsserum-alger-vaxtextrakt
gid://shopify/Article/999954579786,ARTICLE,body_html,fi,https://www.eclore.se/products/hoia-arganolja-kallpressad-intensiv-aterfuktning-50ml,https://www.eclore.se/fi/products/hoia-arganolja-kallpressad-intensiv-aterfuktning-50ml
gid://shopify/Article/999954579786,ARTICLE,body_html,fi,https://www.eclore.se/products/kroppsolja-torr-hud-sheaolja-100ml,https://www.eclore.se/fi/products/kroppsolja-torr-hud-sheaolja-100ml
gid://shopify/Article/999954579786,ARTICLE,body_html,fi,https://www.eclore.se/collections/bodyscrub,https://www.eclore.se/fi/collections/bodyscrub
gid://shopify/Article/999954579786,ARTICLE,body_html,fi,https://www.eclore.se/collections/kroppsvard,https://www.eclore.se/fi/collections/kroppsvard
gid://shopify/Article/999954579786,ARTICLE,body_html,fi,https://www.eclore.se/collections/kroppsolja,https://www.eclore.se/fi/collections/kroppsolja
gid://shopify/Article/999975027018,ARTICLE,body_html,de,https://www.eclore.se/products/luuv-super-glow-dagserum-c-vitamin-cosmos,https://www.eclore.se/de/products/luuv-super-glow-dagserum-c-vitamin-cosmos
gid://shopify/Article/999975027018,ARTICLE,body_html,de,https://www.eclore.se/products/tilk-cherish-me-probiotiskt-ansiktsserum-c-vitamin-hyaluronsyra,https://www.eclore.se/de/products/tilk-cherish-me-probiotiskt-ansiktsserum-c-vitamin-hyaluronsyra
gid://shopify/Article/999975027018,ARTICLE,body_html,de,https://www.eclore.se/products/hoia-vitamin-c-serum-pigmentflackar-ljusare-hudton,https://www.eclore.se/de/products/hoia-vitamin-c-serum-pigmentflackar-ljusare-hudton
gid://shopify/Article/999975027018,ARTICLE,body_html,de,https://www.eclore.se/products/immortelle-ansiktsserum-vitamin-c-anti-aging-aterfuktning,https://www.eclore.se/de/products/immortelle-ansiktsserum-vitamin-c-anti-aging-aterfuktning
gid://shopify/Article/999975027018,ARTICLE,body_html,de,https://www.eclore.se/collections/toner,https://www.eclore.se/de/collections/toner
gid://shopify/Article/999975027018,ARTICLE,body_html,de,https://www.eclore.se/collections/ansiktskram,https://www.eclore.se/de/collections/ansiktskram
gid://shopify/Article/999975027018,ARTICLE,body_html,de,https://www.eclore.se/collections/serum,https://www.eclore.se/de/collections/serum
gid://shopify/Article/999975027018,ARTICLE,body_html,de,https://www.eclore.se/collections/vitamin-c,https://www.eclore.se/de/collections/vitamin-c
gid://shopify/Article/999975027018,ARTICLE,body_html,fi,https://www.eclore.se/products/luuv-super-glow-dagserum-c-vitamin-cosmos,https://www.eclore.se/fi/products/luuv-super-glow-dagserum-c-vitamin-cosmos
gid://shopify/Article/999975027018,ARTICLE,body_html,fi,https://www.eclore.se/products/tilk-cherish-me-probiotiskt-ansiktsserum-c-vitamin-hyaluronsyra,https://www.eclore.se/fi/products/tilk-cherish-me-probiotiskt-ansiktsserum-c-vitamin-hyaluronsyra
gid://shopify/Article/999975027018,ARTICLE,body_html,fi,https://www.eclore.se/products/hoia-vitamin-c-serum-pigmentflackar-ljusare-hudton,https://www.eclore.se/fi/products/hoia-vitamin-c-serum-pigmentflackar-ljusare-hudton
gid://shopify/Article/999975027018,ARTICLE,body_html,fi,https://www.eclore.se/products/immortelle-ansiktsserum-vitamin-c-anti-aging-aterfuktning,https://www.eclore.se/fi/products/immortelle-ansiktsserum-vitamin-c-anti-aging-aterfuktning
gid://shopify/Article/999975027018,ARTICLE,body_html,fi,https://www.eclore.se/collections/toner,https://www.eclore.se/fi/collections/toner
gid://shopify/Article/999975027018,ARTICLE,body_html,fi,https://www.eclore.se/collections/ansiktskram,https://www.eclore.se/fi/collections/ansiktskram
gid://shopify/Article/999975027018,ARTICLE,body_html,fi,https://www.eclore.se/collections/serum,https://www.eclore.se/fi/collections/serum
gid://shopify/Article/999975027018,ARTICLE,body_html,fi,https://www.eclore.se/collections/vitamin-c,https://www.eclore.se/fi/collections/vitamin-c
gid://shopify/Article/999990853962,ARTICLE,body_html,de,https://www.eclore.se/collections/sminkvaskor,https://www.eclore.se/de/collections/sminkvaskor
gid://shopify/Article/999990853962,ARTICLE,body_html,fi,https://www.eclore.se/collections/sminkvaskor,https://www.eclore.se/fi/collections/sminkvaskor
gid://shopify/Article/1000012120394,ARTICLE,body_html,de,https://www.eclore.se/collections/sminkborttagning,https://www.eclore.se/de/collections/sminkborttagning
gid://shopify/Article/1000012120394,ARTICLE,body_html,de,https://www.eclore.se/collections/ansiktsrengoring,https://www.eclore.se/de/collections/ansiktsrengoring
gid://shopify/Article/1000012120394,ARTICLE,body_html,fi,https://www.eclore.se/collections/sminkborttagning,https://www.eclore.se/fi/collections/sminkborttagning
gid://shopify/Article/1000012120394,ARTICLE,body_html,fi,https://www.eclore.se/collections/ansiktsrengoring,https://www.eclore.se/fi/collections/ansiktsrengoring
gid://shopify/Article/1000019231050,ARTICLE,body_html,de,https://www.eclore.se/products/body-scrub-raspberry-and-grapefruit,https://www.eclore.se/de/products/body-scrub-raspberry-and-grapefruit
gid://shopify/Article/1000019231050,ARTICLE,body_html,de,https://www.eclore.se/collections/bodyscrub,https://www.eclore.se/de/collections/bodyscrub
gid://shopify/Article/1000019231050,ARTICLE,body_html,de,https://www.eclore.se/products/sea-buckthorn-body-scrub-cosmos-200ml,https://www.eclore.se/de/products/sea-buckthorn-body-scrub-cosmos-200ml
gid://shopify/Article/1000019231050,ARTICLE,body_html,fi,https://www.eclore.se/products/body-scrub-raspberry-and-grapefruit,https://www.eclore.se/fi/products/body-scrub-raspberry-and-grapefruit
gid://shopify/Article/1000019231050,ARTICLE,body_html,fi,https://www.eclore.se/collections/bodyscrub,https://www.eclore.se/fi/collections/bodyscrub
gid://shopify/Article/1000019231050,ARTICLE,body_html,fi,https://www.eclore.se/products/sea-buckthorn-body-scrub-cosmos-200ml,https://www.eclore.se/fi/products/sea-buckthorn-body-scrub-cosmos-200ml
gid://shopify/Article/1000061206858,ARTICLE,body_html,de,https://www.eclore.se/products/kroppskram-glow-torr-hud-aterfuktande,https://www.eclore.se/de/products/kroppskram-glow-torr-hud-aterfuktande
gid://shopify/Article/1000061206858,ARTICLE,body_html,de,https://www.eclore.se/products/magrada-shimmer-gel-morotsextrakt-naturlig-glans-kropp,https://www.eclore.se/de/products/magrada-shimmer-gel-morotsextrakt-naturlig-glans-kropp
gid://shopify/Article/1000061206858,ARTICLE,body_html,de,https://www.eclore.se/products/north-beauty-shimmer-kroppskram-gyllene-glow,https://www.eclore.se/de/products/north-beauty-shimmer-kroppskram-gyllene-glow
gid://shopify/Article/1000061206858,ARTICLE,body_html,de,https://www.eclore.se/products/naturlig-kroppskram-vitamin-antioxidanter-shimmer,https://www.eclore.se/de/products/naturlig-kroppskram-vitamin-antioxidanter-shimmer
gid://shopify/Article/1000061206858,ARTICLE,body_html,de,https://www.eclore.se/products/naturlig-kroppslotion-hyaluronsyra-aloe,https://www.eclore.se/de/products/naturlig-kroppslotion-hyaluronsyra-aloe
gid://shopify/Article/1000061206858,ARTICLE,body_html,de,https://www.eclore.se/products/kroppsolja-shimmer-morotsolja,https://www.eclore.se/de/products/kroppsolja-shimmer-morotsolja
gid://shopify/Article/1000061206858,ARTICLE,body_html,de,https://www.eclore.se/products/kroppsolja-glow-stralande-hud,https://www.eclore.se/de/products/kroppsolja-glow-stralande-hud
gid://shopify/Article/1000061206858,ARTICLE,body_html,de,https://www.eclore.se/collections/bodyscrub,https://www.eclore.se/de/collections/bodyscrub
gid://shopify/Article/1000061206858,ARTICLE,body_html,de,https://www.eclore.se/collections/glow,https://www.eclore.se/de/collections/glow
gid://shopify/Article/1000061206858,ARTICLE,body_html,fi,https://www.eclore.se/products/kroppskram-glow-torr-hud-aterfuktande,https://www.eclore.se/fi/products/kroppskram-glow-torr-hud-aterfuktande
gid://shopify/Article/1000061206858,ARTICLE,body_html,fi,https://www.eclore.se/products/magrada-shimmer-gel-morotsextrakt-naturlig-glans-kropp,https://www.eclore.se/fi/products/magrada-shimmer-gel-morotsextrakt-naturlig-glans-kropp
gid://shopify/Article/1000061206858,ARTICLE,body_html,fi,https://www.eclore.se/products/north-beauty-shimmer-kroppskram-gyllene-glow,https://www.eclore.se/fi/products/north-beauty-shimmer-kroppskram-gyllene-glow
gid://shopify/Article/1000061206858,ARTICLE,body_html,fi,https://www.eclore.se/products/naturlig-kroppskram-vitamin-antioxidanter-shimmer,https://www.eclore.se/fi/products/naturlig-kroppskram-vitamin-antioxidanter-shimmer
gid://shopify/Article/1000061206858,ARTICLE,body_html,fi,https://www.eclore.se/products/naturlig-kroppslotion-hyaluronsyra-aloe,https://www.eclore.se/fi/products/naturlig-kroppslotion-hyaluronsyra-aloe
gid://shopify/Article/1000061206858,ARTICLE,body_html,fi,https://www.eclore.se/products/brun-utan-sol-morotsolja-aterfuktande-shimmer,https://www.eclore.se/fi/products/brun-utan-sol-morotsolja-aterfuktande-shimmer
gid://shopify/Article/1000061206858,ARTICLE,body_html,fi,https://www.eclore.se/products/kroppsolja-glow-stralande-hud,https://www.eclore.se/fi/products/kroppsolja-glow-stralande-hud
gid://shopify/Article/1000061206858,ARTICLE,body_html,fi,https://www.eclore.se/collections/bodyscrub,https://www.eclore.se/fi/collections/bodyscrub
gid://shopify/Article/1000061206858,ARTICLE,body_html,fi,https://www.eclore.se/collections/glow,https://www.eclore.se/fi/collections/glow
gid://shopify/Article/1000078836042,ARTICLE,body_html,de,https://www.eclore.se/collections/hudvard-1,https://www.eclore.se/de/collections/hudvard-1
gid://shopify/Article/1000078836042,ARTICLE,body_html,de,https://www.eclore.se/collections/for-man,https://www.eclore.se/de/collections/for-man
gid://shopify/Article/1000078836042,ARTICLE,body_html,fi,https://www.eclore.se/collections/hudvard-1,https://www.eclore.se/fi/collections/hudvard-1
gid://shopify/Article/1000078836042,ARTICLE,body_html,fi,https://www.eclore.se/collections/for-man,https://www.eclore.se/fi/collections/for-man
gid://shopify/Article/1000084078922,ARTICLE,body_html,de,https://www.eclore.se/blogs/nyheter/bodylotion-glow,https://www.eclore.se/de/blogs/nyheter/bodylotion-glow
gid://shopify/Article/1000084078922,ARTICLE,body_html,de,https://www.eclore.se/products/magrada-shimmer-gel-morotsextrakt-naturlig-glans-kropp,https://www.eclore.se/de/products/magrada-shimmer-gel-morotsextrakt-naturlig-glans-kropp
gid://shopify/Article/1000084078922,ARTICLE,body_html,de,https://www.eclore.se/products/north-beauty-shimmer-kroppskram-gyllene-glow,https://www.eclore.se/de/products/north-beauty-shimmer-kroppskram-gyllene-glow
gid://shopify/Article/1000084078922,ARTICLE,body_html,de,https://www.eclore.se/products/naturlig-kroppskram-vitamin-antioxidanter-shimmer,https://www.eclore.se/de/products/naturlig-kroppskram-vitamin-antioxidanter-shimmer
gid://shopify/Article/1000084078922,ARTICLE,body_html,de,https://www.eclore.se/products/naturlig-kroppslotion-hyaluronsyra-aloe,https://www.eclore.se/de/products/naturlig-kroppslotion-hyaluronsyra-aloe
gid://shopify/Article/1000084078922,ARTICLE,body_html,de,https://www.eclore.se/products/kroppsolja-glow-stralande-hud,https://www.eclore.se/de/products/kroppsolja-glow-stralande-hud
gid://shopify/Article/1000084078922,ARTICLE,body_html,de,https://www.eclore.se/products/kroppsolja-shimmer-morotsolja,https://www.eclore.se/de/products/kroppsolja-shimmer-morotsolja
gid://shopify/Article/1000084078922,ARTICLE,body_html,de,https://www.eclore.se/collections/bodyscrub,https://www.eclore.se/de/collections/bodyscrub
gid://shopify/Article/1000084078922,ARTICLE,body_html,de,https://www.eclore.se/blogs/nyheter/bodylotion-glow,https://www.eclore.se/de/blogs/nyheter/bodylotion-glow
gid://shopify/Article/1000084078922,ARTICLE,body_html,de,https://www.eclore.se/collections/glow,https://www.eclore.se/de/collections/glow
gid://shopify/Article/1000084078922,ARTICLE,body_html,fi,https://www.eclore.se/blogs/nyheter/bodylotion-glow,https://www.eclore.se/fi/blogs/nyheter/bodylotion-glow
gid://shopify/Article/1000084078922,ARTICLE,body_html,fi,https://www.eclore.se/products/magrada-shimmer-gel-morotsextrakt-naturlig-glans-kropp,https://www.eclore.se/fi/products/magrada-shimmer-gel-morotsextrakt-naturlig-glans-kropp
gid://shopify/Article/1000084078922,ARTICLE,body_html,fi,https://www.eclore.se/products/north-beauty-shimmer-kroppskram-gyllene-glow,https://www.eclore.se/fi/products/north-beauty-shimmer-kroppskram-gyllene-glow
gid://shopify/Article/1000084078922,ARTICLE,body_html,fi,https://www.eclore.se/products/naturlig-kroppskram-vitamin-antioxidanter-shimmer,https://www.eclore.se/fi/products/naturlig-kroppskram-vitamin-antioxidanter-shimmer
gid://shopify/Article/1000084078922,ARTICLE,body_html,fi,https://www.eclore.se/products/naturlig-kroppslotion-hyaluronsyra-aloe,https://www.eclore.se/fi/products/naturlig-kroppslotion-hyaluronsyra-aloe
gid://shopify/Article/1000084078922,ARTICLE,body_html,fi,https://www.eclore.se/products/kroppsolja-glow-stralande-hud,https://www.eclore.se/fi/products/kroppsolja-glow-stralande-hud
gid://shopify/Article/1000084078922,ARTICLE,body_html,fi,https://www.eclore.se/products/kroppsolja-shimmer-morotsolja,https://www.eclore.se/fi/products/kroppsolja-shimmer-morotsolja
gid://shopify/Article/1000084078922,ARTICLE,body_html,fi,https://www.eclore.se/collections/bodyscrub,https://www.eclore.se/fi/collections/bodyscrub
gid://shopify/Article/1000084078922,ARTICLE,body_html,fi,https://www.eclore.se/blogs/nyheter/bodylotion-glow,https://www.eclore.se/fi/blogs/nyheter/bodylotion-glow
gid://shopify/Article/1000084078922,ARTICLE,body_html,fi,https://www.eclore.se/collections/glow,https://www.eclore.se/fi/collections/glow
gid://shopify/Article/1000089092426,ARTICLE,body_html,de,https://www.eclore.se/blogs/nyheter,https://www.eclore.se/de/blogs/nyheter
gid://shopify/Article/1000089092426,ARTICLE,body_html,de,https://www.eclore.se/blogs/nyheter/bakuchiol,https://www.eclore.se/de/blogs/nyheter/bakuchiol
gid://shopify/Article/1000089092426,ARTICLE,body_html,fi,https://www.eclore.se/blogs/nyheter,https://www.eclore.se/fi/blogs/nyheter
gid://shopify/Article/1000089092426,ARTICLE,body_html,fi,https://www.eclore.se/blogs/nyheter/bakuchiol,https://www.eclore.se/fi/blogs/nyheter/bakuchiol
gid://shopify/Article/1000099086666,ARTICLE,body_html,de,https://www.eclore.se/collections/for-man,https://www.eclore.se/de/collections/for-man
gid://shopify/Article/1000099086666,ARTICLE,body_html,de,https://www.eclore.se/collections/rakning-skagg,https://www.eclore.se/de/collections/rakning-skagg
gid://shopify/Article/1000099086666,ARTICLE,body_html,de,https://www.eclore.se/collections/for-man,https://www.eclore.se/de/collections/for-man
gid://shopify/Article/1000099086666,ARTICLE,body_html,fi,https://www.eclore.se/collections/for-man,https://www.eclore.se/fi/collections/for-man
gid://shopify/Article/1000099086666,ARTICLE,body_html,fi,https://www.eclore.se/collections/rakning-skagg,https://www.eclore.se/fi/collections/rakning-skagg
gid://shopify/Article/1000099086666,ARTICLE,body_html,fi,https://www.eclore.se/collections/for-man,https://www.eclore.se/fi/collections/for-man
gid://shopify/Article/1000122679626,ARTICLE,body_html,de,https://www.eclore.se/products/luuv-ansiktstoner-c-vitamin-cosmos,https://www.eclore.se/de/products/luuv-ansiktstoner-c-vitamin-cosmos
gid://shopify/Article/1000122679626,ARTICLE,body_html,de,https://www.eclore.se/products/luuv-hyaluronic-toner-cosmos-hyaluronsyra-120ml,https://www.eclore.se/de/products/luuv-hyaluronic-toner-cosmos-hyaluronsyra-120ml
gid://shopify/Article/1000122679626,ARTICLE,body_html,de,https://www.eclore.se/collections/toner,https://www.eclore.se/de/collections/toner
gid://shopify/Article/1000122679626,ARTICLE,body_html,de,https://www.eclore.se/collections/anti-age,https://www.eclore.se/de/collections/anti-age
gid://shopify/Article/1000122679626,ARTICLE,body_html,fi,https://www.eclore.se/products/luuv-ansiktstoner-c-vitamin-cosmos,https://www.eclore.se/fi/products/luuv-ansiktstoner-c-vitamin-cosmos
gid://shopify/Article/1000122679626,ARTICLE,body_html,fi,https://www.eclore.se/products/luuv-hyaluronic-toner-cosmos-hyaluronsyra-120ml,https://www.eclore.se/fi/products/luuv-hyaluronic-toner-cosmos-hyaluronsyra-120ml
gid://shopify/Article/1000122679626,ARTICLE,body_html,fi,https://www.eclore.se/collections/toner,https://www.eclore.se/fi/collections/toner
gid://shopify/Article/1000122679626,ARTICLE,body_html,fi,https://www.eclore.se/collections/anti-age,https://www.eclore.se/fi/collections/anti-age
gid://shopify/Article/1000131133770,ARTICLE,body_html,de,https://www.eclore.se/blogs/nyheter/ansiktsvard-man,https://www.eclore.se/de/blogs/nyheter/ansiktsvard-man
gid://shopify/Article/1000131133770,ARTICLE,body_html,de,https://www.eclore.se/blogs/nyheter/ansiktsvard-man,https://www.eclore.se/de/blogs/nyheter/ansiktsvard-man
gid://shopify/Article/1000131133770,ARTICLE,body_html,de,https://www.eclore.se/blogs/nyheter/ansiktsvard-man,https://www.eclore.se/de/blogs/nyheter/ansiktsvard-man
gid://shopify/Article/1000131133770,ARTICLE,body_html,de,https://www.eclore.se/blogs/nyheter/ansiktsvard-man,https://www.eclore.se/de/blogs/nyheter/ansiktsvard-man
gid://shopify/Article/1000131133770,ARTICLE,body_html,fi,https://www.eclore.se/blogs/nyheter/ansiktsvard-man,https://www.eclore.se/fi/blogs/nyheter/ansiktsvard-man
gid://shopify/Article/1000131133770,ARTICLE,body_html,fi,https://www.eclore.se/blogs/nyheter/ansiktsvard-man,https://www.eclore.se/fi/blogs/nyheter/ansiktsvard-man
gid://shopify/Article/1000131133770,ARTICLE,body_html,fi,https://www.eclore.se/blogs/nyheter/ansiktsvard-man,https://www.eclore.se/fi/blogs/nyheter/ansiktsvard-man
gid://shopify/Article/1000131133770,ARTICLE,body_html,fi,https://www.eclore.se/blogs/nyheter/ansiktsvard-man,https://www.eclore.se/fi/blogs/nyheter/ansiktsvard-man
gid://shopify/Article/1000136114506,ARTICLE,body_html,de,https://www.eclore.se/collections/sminkvaskor,https://www.eclore.se/de/collections/sminkvaskor
gid://shopify/Article/1000136114506,ARTICLE,body_html,de,https://www.eclore.se/collections/vegan-fox,https://www.eclore.se/de/collections/vegan-fox
gid://shopify/Article/1000136114506,ARTICLE,body_html,de,https://www.eclore.se/collections/sminkvaskor,https://www.eclore.se/de/collections/sminkvaskor
gid://shopify/Article/1000136114506,ARTICLE,body_html,fi,https://www.eclore.se/collections/sminkvaskor,https://www.eclore.se/fi/collections/sminkvaskor
gid://shopify/Article/1000136114506,ARTICLE,body_html,fi,https://www.eclore.se/collections/vegan-fox,https://www.eclore.se/fi/collections/vegan-fox
gid://shopify/Article/1000136114506,ARTICLE,body_html,fi,https://www.eclore.se/collections/sminkvaskor,https://www.eclore.se/fi/collections/sminkvaskor
gid://shopify/Article/1000143651146,ARTICLE,body_html,de,https://www.eclore.se/collections/ansiktspeeling,https://www.eclore.se/de/collections/ansiktspeeling
gid://shopify/Article/1000143651146,ARTICLE,body_html,de,https://www.eclore.se/blogs/blogg-om-hudvard,https://www.eclore.se/de/blogs/blogg-om-hudvard
gid://shopify/Article/1000143651146,ARTICLE,body_html,fi,https://www.eclore.se/collections/ansiktspeeling,https://www.eclore.se/fi/collections/ansiktspeeling
gid://shopify/Article/1000143651146,ARTICLE,body_html,fi,https://www.eclore.se/blogs/blogg-om-hudvard,https://www.eclore.se/fi/blogs/blogg-om-hudvard
gid://shopify/Article/1000176157002,ARTICLE,body_html,de,https://www.eclore.se/products/kroppsolja-torr-hud-sheaolja-100ml,https://www.eclore.se/de/products/kroppsolja-torr-hud-sheaolja-100ml
gid://shopify/Article/1000176157002,ARTICLE,body_html,de,https://www.eclore.se/products/hoia-arganolja-kallpressad-intensiv-aterfuktning-50ml,https://www.eclore.se/de/products/hoia-arganolja-kallpressad-intensiv-aterfuktning-50ml
gid://shopify/Article/1000176157002,ARTICLE,body_html,de,https://www.eclore.se/products/morotolja-rosmarinextrakt,https://www.eclore.se/de/products/morotolja-rosmarinextrakt
gid://shopify/Article/1000176157002,ARTICLE,body_html,de,https://www.eclore.se/products/kroppsolja-glow-stralande-hud,https://www.eclore.se/de/products/kroppsolja-glow-stralande-hud
gid://shopify/Article/1000176157002,ARTICLE,body_html,de,https://www.eclore.se/products/maiwistik-kropps-massageolja-2i1-avslappnande-100ml,https://www.eclore.se/de/products/maiwistik-kropps-massageolja-2i1-avslappnande-100ml
gid://shopify/Article/1000176157002,ARTICLE,body_html,de,https://www.eclore.se/products/aloe-vera-body-oil-200-ml,https://www.eclore.se/de/products/aloe-vera-body-oil-200-ml
gid://shopify/Article/1000176157002,ARTICLE,body_html,de,https://www.eclore.se/products/red-grape-body-oil-200-ml,https://www.eclore.se/de/products/red-grape-body-oil-200-ml
gid://shopify/Article/1000176157002,ARTICLE,body_html,de,https://www.eclore.se/collections/bodyscrub,https://www.eclore.se/de/collections/bodyscrub
gid://shopify/Article/1000176157002,ARTICLE,body_html,de,https://www.eclore.se/collections/kroppsolja,https://www.eclore.se/de/collections/kroppsolja
gid://shopify/Article/1000176157002,ARTICLE,body_html,de,https://www.eclore.se/blogs/nyheter/rekommenderad-kroppskram,https://www.eclore.se/de/blogs/nyheter/rekommenderad-kroppskram
gid://shopify/Article/1000176157002,ARTICLE,body_html,fi,https://www.eclore.se/products/kroppsolja-torr-hud-sheaolja-100ml,https://www.eclore.se/fi/products/kroppsolja-torr-hud-sheaolja-100ml
gid://shopify/Article/1000176157002,ARTICLE,body_html,fi,https://www.eclore.se/products/hoia-arganolja-kallpressad-intensiv-aterfuktning-50ml,https://www.eclore.se/fi/products/hoia-arganolja-kallpressad-intensiv-aterfuktning-50ml
gid://shopify/Article/1000176157002,ARTICLE,body_html,fi,https://www.eclore.se/products/morotolja-rosmarinextrakt,https://www.eclore.se/fi/products/morotolja-rosmarinextrakt
gid://shopify/Article/1000176157002,ARTICLE,body_html,fi,https://www.eclore.se/products/kroppsolja-glow-stralande-hud,https://www.eclore.se/fi/products/kroppsolja-glow-stralande-hud
gid://shopify/Article/1000176157002,ARTICLE,body_html,fi,https://www.eclore.se/products/maiwistik-kropps-massageolja-2i1-avslappnande-100ml,https://www.eclore.se/fi/products/maiwistik-kropps-massageolja-2i1-avslappnande-100ml
gid://shopify/Article/1000176157002,ARTICLE,body_html,fi,https://www.eclore.se/products/aloe-vera-body-oil-200-ml,https://www.eclore.se/fi/products/aloe-vera-body-oil-200-ml
gid://shopify/Article/1000176157002,ARTICLE,body_html,fi,https://www.eclore.se/products/red-grape-body-oil-200-ml,https://www.eclore.se/fi/products/red-grape-body-oil-200-ml
gid://shopify/Article/1000176157002,ARTICLE,body_html,fi,https://www.eclore.se/collections/bodyscrub,https://www.eclore.se/fi/collections/bodyscrub
gid://shopify/Article/1000176157002,ARTICLE,body_html,fi,https://www.eclore.se/collections/kroppsolja,https://www.eclore.se/fi/collections/kroppsolja
gid://shopify/Article/1000176157002,ARTICLE,body_html,fi,https://www.eclore.se/blogs/nyheter/rekommenderad-kroppskram,https://www.eclore.se/fi/blogs/nyheter/rekommenderad-kroppskram
gid://shopify/Article/1000190574922,ARTICLE,body_html,de,https://www.eclore.se/products/acne-care-face-cleansing-gel-100-ml,https://www.eclore.se/de/products/acne-care-face-cleansing-gel-100-ml
gid://shopify/Article/1000190574922,ARTICLE,body_html,de,https://www.eclore.se/products/acne-care-face-cream-50-ml,https://www.eclore.se/de/products/acne-care-face-cream-50-ml
gid://shopify/Article/1000190574922,ARTICLE,body_html,de,https://www.eclore.se/collections/acne-1,https://www.eclore.se/de/collections/acne-1
gid://shopify/Article/1000190574922,ARTICLE,body_html,fi,https://www.eclore.se/products/acne-care-face-cleansing-gel-100-ml,https://www.eclore.se/fi/products/acne-care-face-cleansing-gel-100-ml
gid://shopify/Article/1000190574922,ARTICLE,body_html,fi,https://www.eclore.se/products/acne-care-face-cream-50-ml,https://www.eclore.se/fi/products/acne-care-face-cream-50-ml
gid://shopify/Article/1000190574922,ARTICLE,body_html,fi,https://www.eclore.se/collections/acne-1,https://www.eclore.se/fi/collections/acne-1
gid://shopify/Article/1000194900298,ARTICLE,body_html,de,https://www.eclore.se/blogs/nyheter/retinol,https://www.eclore.se/de/blogs/nyheter/retinol
gid://shopify/Article/1000194900298,ARTICLE,body_html,de,https://www.eclore.se/blogs/nyheter/naturlig-hudvard-utan-kemikalier,https://www.eclore.se/de/blogs/nyheter/naturlig-hudvard-utan-kemikalier
gid://shopify/Article/1000194900298,ARTICLE,body_html,fi,https://www.eclore.se/blogs/nyheter/retinol,https://www.eclore.se/fi/blogs/nyheter/retinol
gid://shopify/Article/1000194900298,ARTICLE,body_html,fi,https://www.eclore.se/blogs/nyheter/naturlig-hudvard-utan-kemikalier,https://www.eclore.se/fi/blogs/nyheter/naturlig-hudvard-utan-kemikalier
gid://shopify/Article/1000199160138,ARTICLE,body_html,de,https://www.eclore.se/blogs/nyheter/torr-hud,https://www.eclore.se/de/blogs/nyheter/torr-hud
gid://shopify/Article/1000199160138,ARTICLE,body_html,de,https://www.eclore.se/blogs/nyheter/ekologisk-hudvard,https://www.eclore.se/de/blogs/nyheter/ekologisk-hudvard
gid://shopify/Article/1000199160138,ARTICLE,body_html,fi,https://www.eclore.se/blogs/nyheter/torr-hud,https://www.eclore.se/fi/blogs/nyheter/torr-hud
gid://shopify/Article/1000199160138,ARTICLE,body_html,fi,https://www.eclore.se/blogs/nyheter/ekologisk-hudvard,https://www.eclore.se/fi/blogs/nyheter/ekologisk-hudvard
gid://shopify/Article/1000212005194,ARTICLE,body_html,de,https://www.eclore.se/collections/anti-age,https://www.eclore.se/de/collections/anti-age
gid://shopify/Article/1000212005194,ARTICLE,body_html,de,https://www.eclore.se/blogs/nyheter/hud-vard,https://www.eclore.se/de/blogs/nyheter/hud-vard
gid://shopify/Article/1000212005194,ARTICLE,body_html,de,https://www.eclore.se/products/biolift-exoxome-hyaluronic-cream-cosmos-50-ml,https://www.eclore.se/de/products/biolift-exoxome-hyaluronic-cream-cosmos-50-ml
gid://shopify/Article/1000212005194,ARTICLE,body_html,de,https://www.eclore.se/blogs/nyheter/bakuchiol-vs-retinol-vilket-ar-bast-for-din-hud,https://www.eclore.se/de/blogs/nyheter/bakuchiol-vs-retinol-vilket-ar-bast-for-din-hud
gid://shopify/Article/1000212005194,ARTICLE,body_html,de,https://www.eclore.se/collections/anti-age,https://www.eclore.se/de/collections/anti-age
gid://shopify/Article/1000212005194,ARTICLE,body_html,fi,https://www.eclore.se/collections/anti-age,https://www.eclore.se/fi/collections/anti-age
gid://shopify/Article/1000212005194,ARTICLE,body_html,fi,https://www.eclore.se/blogs/nyheter/hud-vard,https://www.eclore.se/fi/blogs/nyheter/hud-vard
gid://shopify/Article/1000212005194,ARTICLE,body_html,fi,https://www.eclore.se/products/biolift-exoxome-hyaluronic-cream-cosmos-50-ml,https://www.eclore.se/fi/products/biolift-exoxome-hyaluronic-cream-cosmos-50-ml
gid://shopify/Article/1000212005194,ARTICLE,body_html,fi,https://www.eclore.se/blogs/nyheter/bakuchiol-vs-retinol-vilket-ar-bast-for-din-hud,https://www.eclore.se/fi/blogs/nyheter/bakuchiol-vs-retinol-vilket-ar-bast-for-din-hud
gid://shopify/Article/1000212005194,ARTICLE,body_html,fi,https://www.eclore.se/collections/anti-age,https://www.eclore.se/fi/collections/anti-age
gid://shopify/Article/1000272625994,ARTICLE,body_html,de,https://www.eclore.se/blogs/nyheter/hudvard-for-man,https://www.eclore.se/de/blogs/nyheter/hudvard-for-man
gid://shopify/Article/1000272625994,ARTICLE,body_html,de,https://www.eclore.se/collections/for-man,https://www.eclore.se/de/collections/for-man
gid://shopify/Article/1000272625994,ARTICLE,body_html,de,https://www.eclore.se/collections/for-man,https://www.eclore.se/de/collections/for-man
gid://shopify/Article/1000272625994,ARTICLE,body_html,de,https://www.eclore.se/products/clarifying-gel,https://www.eclore.se/de/products/clarifying-gel
gid://shopify/Article/1000272625994,ARTICLE,body_html,de,https://www.eclore.se/products/hyaluronic-acid-face-cream-for-men,https://www.eclore.se/de/products/hyaluronic-acid-face-cream-for-men
gid://shopify/Article/1000272625994,ARTICLE,body_html,de,https://www.eclore.se/collections/for-man,https://www.eclore.se/de/collections/for-man
gid://shopify/Article/1000272625994,ARTICLE,body_html,fi,https://www.eclore.se/blogs/nyheter/hudvard-for-man,https://www.eclore.se/fi/blogs/nyheter/hudvard-for-man
gid://shopify/Article/1000272625994,ARTICLE,body_html,fi,https://www.eclore.se/collections/for-man,https://www.eclore.se/fi/collections/for-man
gid://shopify/Article/1000272625994,ARTICLE,body_html,fi,https://www.eclore.se/collections/for-man,https://www.eclore.se/fi/collections/for-man
gid://shopify/Article/1000272625994,ARTICLE,body_html,fi,https://www.eclore.se/products/clarifying-gel,https://www.eclore.se/fi/products/clarifying-gel
gid://shopify/Article/1000272625994,ARTICLE,body_html,fi,https://www.eclore.se/products/hyaluronic-acid-face-cream-for-men,https://www.eclore.se/fi/products/hyaluronic-acid-face-cream-for-men
gid://shopify/Article/1000272625994,ARTICLE,body_html,fi,https://www.eclore.se/collections/for-man,https://www.eclore.se/fi/collections/for-man
gid://shopify/Article/1000295596362,ARTICLE,body_html,de,https://www.eclore.se/blogs/nyheter/c-vitamin-serum-1,https://www.eclore.se/de/blogs/nyheter/c-vitamin-serum-1
gid://shopify/Article/1000295596362,ARTICLE,body_html,de,https://www.eclore.se/blogs/nyheter/bakuchiol,https://www.eclore.se/de/blogs/nyheter/bakuchiol
gid://shopify/Article/1000295596362,ARTICLE,body_html,de,https://www.eclore.se/collections/toner,https://www.eclore.se/de/collections/toner
gid://shopify/Article/1000295596362,ARTICLE,body_html,de,https://www.eclore.se/collections/ansiktskram,https://www.eclore.se/de/collections/ansiktskram
gid://shopify/Article/1000295596362,ARTICLE,body_html,de,https://www.eclore.se/collections/serum,https://www.eclore.se/de/collections/serum
gid://shopify/Article/1000295596362,ARTICLE,body_html,fi,https://www.eclore.se/blogs/nyheter/c-vitamin-serum-1,https://www.eclore.se/fi/blogs/nyheter/c-vitamin-serum-1
gid://shopify/Article/1000295596362,ARTICLE,body_html,fi,https://www.eclore.se/blogs/nyheter/bakuchiol,https://www.eclore.se/fi/blogs/nyheter/bakuchiol
gid://shopify/Article/1000295596362,ARTICLE,body_html,fi,https://www.eclore.se/collections/toner,https://www.eclore.se/fi/collections/toner
gid://shopify/Article/1000295596362,ARTICLE,body_html,fi,https://www.eclore.se/collections/ansiktskram,https://www.eclore.se/fi/collections/ansiktskram
gid://shopify/Article/1000295596362,ARTICLE,body_html,fi,https://www.eclore.se/collections/serum,https://www.eclore.se/fi/collections/serum
gid://shopify/Article/1000315584842,ARTICLE,body_html,de,https://www.eclore.se/blogs/nyheter/hudvard-for-man,https://www.eclore.se/de/blogs/nyheter/hudvard-for-man
gid://shopify/Article/1000315584842,ARTICLE,body_html,de,https://www.eclore.se/collections/skin-care-by-eclore,https://www.eclore.se/de/collections/skin-care-by-eclore
gid://shopify/Article/1000315584842,ARTICLE,body_html,de,https://www.eclore.se/collections/skin-care-by-eclore,https://www.eclore.se/de/collections/skin-care-by-eclore
gid://shopify/Article/1000315584842,ARTICLE,body_html,fi,https://www.eclore.se/blogs/nyheter/hudvard-for-man,https://www.eclore.se/fi/blogs/nyheter/hudvard-for-man
gid://shopify/Article/1000315584842,ARTICLE,body_html,fi,https://www.eclore.se/collections/skin-care-by-eclore,https://www.eclore.se/fi/collections/skin-care-by-eclore
gid://shopify/Article/1000315584842,ARTICLE,body_html,fi,https://www.eclore.se/collections/skin-care-by-eclore,https://www.eclore.se/fi/collections/skin-care-by-eclore
gid://shopify/Article/1000321941834,ARTICLE,body_html,de,https://www.eclore.se/products/nurme-shea-body-butter-intensiv-kroppskram-torr-hud,https://www.eclore.se/de/products/nurme-shea-body-butter-intensiv-kroppskram-torr-hud
gid://shopify/Article/1000321941834,ARTICLE,body_html,de,https://www.eclore.se/products/nurme-shea-mandelkram-narande-fuktkram-torr-hanslig-hud,https://www.eclore.se/de/products/nurme-shea-mandelkram-narande-fuktkram-torr-hanslig-hud
gid://shopify/Article/1000321941834,ARTICLE,body_html,de,https://www.eclore.se/products/nurme-bodylotion-wild-lemongrass-aterfuktande-300ml,https://www.eclore.se/de/products/nurme-bodylotion-wild-lemongrass-aterfuktande-300ml
gid://shopify/Article/1000321941834,ARTICLE,body_html,de,https://www.eclore.se/products/vitamin-hand-och-body-lotion-med-havtorn-300ml,https://www.eclore.se/de/products/vitamin-hand-och-body-lotion-med-havtorn-300ml
gid://shopify/Article/1000321941834,ARTICLE,body_html,de,https://www.eclore.se/products/kroppskram-glow-torr-hud-aterfuktande,https://www.eclore.se/de/products/kroppskram-glow-torr-hud-aterfuktande
gid://shopify/Article/1000321941834,ARTICLE,body_html,de,https://www.eclore.se/products/self-tanning-body-lotion-light-medium-cosmos-200ml,https://www.eclore.se/de/products/self-tanning-body-lotion-light-medium-cosmos-200ml
gid://shopify/Article/1000321941834,ARTICLE,body_html,de,https://www.eclore.se/products/luuv-kroppskram-slimming-cosmos-200ml,https://www.eclore.se/de/products/luuv-kroppskram-slimming-cosmos-200ml
gid://shopify/Article/1000321941834,ARTICLE,body_html,de,https://www.eclore.se/products/magnesiumkram-cosmos-luuv-avslappnande-kroppsvard-200ml,https://www.eclore.se/de/products/magnesiumkram-cosmos-luuv-avslappnande-kroppsvard-200ml
gid://shopify/Article/1000321941834,ARTICLE,body_html,de,https://www.eclore.se/products/travel-size-ultra-moisturising-shea-body-butter-50ml,https://www.eclore.se/de/products/travel-size-ultra-moisturising-shea-body-butter-50ml
gid://shopify/Article/1000321941834,ARTICLE,body_html,de,https://www.eclore.se/collections/bodyscrub,https://www.eclore.se/de/collections/bodyscrub
gid://shopify/Article/1000321941834,ARTICLE,body_html,de,https://www.eclore.se/blogs/nyheter/body-cream-vs-lotion,https://www.eclore.se/de/blogs/nyheter/body-cream-vs-lotion
gid://shopify/Article/1000321941834,ARTICLE,body_html,de,https://www.eclore.se/collections/body-cream,https://www.eclore.se/de/collections/body-cream
gid://shopify/Article/1000321941834,ARTICLE,body_html,de,https://www.eclore.se/blogs/nyheter/rekommenderad-kroppskram,https://www.eclore.se/de/blogs/nyheter/rekommenderad-kroppskram
gid://shopify/Article/1000321941834,ARTICLE,body_html,fi,https://www.eclore.se/products/nurme-shea-body-butter-intensiv-kroppskram-torr-hud,https://www.eclore.se/fi/products/nurme-shea-body-butter-intensiv-kroppskram-torr-hud
gid://shopify/Article/1000321941834,ARTICLE,body_html,fi,https://www.eclore.se/products/nurme-shea-mandelkram-narande-fuktkram-torr-hanslig-hud,https://www.eclore.se/fi/products/nurme-shea-mandelkram-narande-fuktkram-torr-hanslig-hud
gid://shopify/Article/1000321941834,ARTICLE,body_html,fi,https://www.eclore.se/products/nurme-bodylotion-wild-lemongrass-aterfuktande-300ml,https://www.eclore.se/fi/products/nurme-bodylotion-wild-lemongrass-aterfuktande-300ml
gid://shopify/Article/1000321941834,ARTICLE,body_html,fi,https://www.eclore.se/products/vitamin-hand-och-body-lotion-med-havtorn-300ml,https://www.eclore.se/fi/products/vitamin-hand-och-body-lotion-med-havtorn-300ml
gid://shopify/Article/1000321941834,ARTICLE,body_html,fi,https://www.eclore.se/products/kroppskram-glow-torr-hud-aterfuktande,https://www.eclore.se/fi/products/kroppskram-glow-torr-hud-aterfuktande
gid://shopify/Article/1000321941834,ARTICLE,body_html,fi,https://www.eclore.se/products/self-tanning-body-lotion-light-medium-cosmos-200ml,https://www.eclore.se/fi/products/self-tanning-body-lotion-light-medium-cosmos-200ml
gid://shopify/Article/1000321941834,ARTICLE,body_html,fi,https://www.eclore.se/products/luuv-kroppskram-slimming-cosmos-200ml,https://www.eclore.se/fi/products/luuv-kroppskram-slimming-cosmos-200ml
gid://shopify/Article/1000321941834,ARTICLE,body_html,fi,https://www.eclore.se/products/magnesiumkram-cosmos-luuv-avslappnande-kroppsvard-200ml,https://www.eclore.se/fi/products/magnesiumkram-cosmos-luuv-avslappnande-kroppsvard-200ml
gid://shopify/Article/1000321941834,ARTICLE,body_html,fi,https://www.eclore.se/products/travel-size-ultra-moisturising-shea-body-butter-50ml,https://www.eclore.se/fi/products/travel-size-ultra-moisturising-shea-body-butter-50ml
gid://shopify/Article/1000321941834,ARTICLE,body_html,fi,https://www.eclore.se/collections/bodyscrub,https://www.eclore.se/fi/collections/bodyscrub
gid://shopify/Article/1000321941834,ARTICLE,body_html,fi,https://www.eclore.se/blogs/nyheter/body-cream-vs-lotion,https://www.eclore.se/fi/blogs/nyheter/body-cream-vs-lotion
gid://shopify/Article/1000321941834,ARTICLE,body_html,fi,https://www.eclore.se/collections/body-cream,https://www.eclore.se/fi/collections/body-cream
gid://shopify/Article/1000321941834,ARTICLE,body_html,fi,https://www.eclore.se/blogs/nyheter/rekommenderad-kroppskram,https://www.eclore.se/fi/blogs/nyheter/rekommenderad-kroppskram
gid://shopify/Article/1000336720202,ARTICLE,body_html,de,https://www.eclore.se/blogs/nyheter/schampo-utan-sulfater,https://www.eclore.se/de/blogs/nyheter/schampo-utan-sulfater
gid://shopify/Article/1000336720202,ARTICLE,body_html,de,https://www.eclore.se/collections/for-man,https://www.eclore.se/de/collections/for-man
gid://shopify/Article/1000336720202,ARTICLE,body_html,de,https://www.eclore.se/blogs/nyheter/naturlig-harvard,https://www.eclore.se/de/blogs/nyheter/naturlig-harvard
gid://shopify/Article/1000336720202,ARTICLE,body_html,de,https://www.eclore.se/blogs/nyheter/hudvardsrutin-man,https://www.eclore.se/de/blogs/nyheter/hudvardsrutin-man
gid://shopify/Article/1000336720202,ARTICLE,body_html,de,https://www.eclore.se/collections/kropp-har,https://www.eclore.se/de/collections/kropp-har
gid://shopify/Article/1000336720202,ARTICLE,body_html,fi,https://www.eclore.se/blogs/nyheter/schampo-utan-sulfater,https://www.eclore.se/fi/blogs/nyheter/schampo-utan-sulfater
gid://shopify/Article/1000336720202,ARTICLE,body_html,fi,https://www.eclore.se/collections/for-man,https://www.eclore.se/fi/collections/for-man
gid://shopify/Article/1000336720202,ARTICLE,body_html,fi,https://www.eclore.se/blogs/nyheter/naturlig-harvard,https://www.eclore.se/fi/blogs/nyheter/naturlig-harvard
gid://shopify/Article/1000336720202,ARTICLE,body_html,fi,https://www.eclore.se/blogs/nyheter/hudvardsrutin-man,https://www.eclore.se/fi/blogs/nyheter/hudvardsrutin-man
gid://shopify/Article/1000336720202,ARTICLE,body_html,fi,https://www.eclore.se/collections/kropp-har,https://www.eclore.se/fi/collections/kropp-har
gid://shopify/Article/1000339571018,ARTICLE,body_html,de,https://www.eclore.se/collections/hudvard,https://www.eclore.se/de/collections/hudvard
gid://shopify/Article/1000339571018,ARTICLE,body_html,fi,https://www.eclore.se/collections/hudvard,https://www.eclore.se/fi/collections/hudvard
gid://shopify/Article/1000345698634,ARTICLE,body_html,de,https://www.eclore.se/collections/ansiktsvard,https://www.eclore.se/de/collections/ansiktsvard
gid://shopify/Article/1000345698634,ARTICLE,body_html,de,https://www.eclore.se/collections/hudvard,https://www.eclore.se/de/collections/hudvard
gid://shopify/Article/1000345698634,ARTICLE,body_html,fi,https://www.eclore.se/collections/ansiktsvard,https://www.eclore.se/fi/collections/ansiktsvard
gid://shopify/Article/1000345698634,ARTICLE,body_html,fi,https://www.eclore.se/collections/hudvard,https://www.eclore.se/fi/collections/hudvard
gid://shopify/Article/1000356184394,ARTICLE,body_html,de,https://www.eclore.se/collections/ansiktsvard,https://www.eclore.se/de/collections/ansiktsvard
gid://shopify/Article/1000356184394,ARTICLE,body_html,fi,https://www.eclore.se/collections/ansiktsvard,https://www.eclore.se/fi/collections/ansiktsvard
gid://shopify/Article/1000363721034,ARTICLE,body_html,de,https://www.eclore.se/blogs/nyheter/hudvard-naturlig,https://www.eclore.se/de/blogs/nyheter/hudvard-naturlig
gid://shopify/Article/1000363721034,ARTICLE,body_html,de,https://www.eclore.se/blogs/nyheter/ekologisk-hudvard,https://www.eclore.se/de/blogs/nyheter/ekologisk-hudvard
gid://shopify/Article/1000363721034,ARTICLE,body_html,fi,https://www.eclore.se/blogs/nyheter/hudvard-naturlig,https://www.eclore.se/fi/blogs/nyheter/hudvard-naturlig
gid://shopify/Article/1000363721034,ARTICLE,body_html,fi,https://www.eclore.se/blogs/nyheter/ekologisk-hudvard,https://www.eclore.se/fi/blogs/nyheter/ekologisk-hudvard
gid://shopify/Article/1000372928842,ARTICLE,body_html,de,https://www.eclore.se/products/clarifying-gel,https://www.eclore.se/de/products/clarifying-gel
gid://shopify/Article/1000372928842,ARTICLE,body_html,de,https://www.eclore.se/products/hoia-rakskum-ansiktsrengoring-dubbel-funktion-150ml,https://www.eclore.se/de/products/hoia-rakskum-ansiktsrengoring-dubbel-funktion-150ml
gid://shopify/Article/1000372928842,ARTICLE,body_html,de,https://www.eclore.se/products/hyaluronic-acid-face-cream-for-men,https://www.eclore.se/de/products/hyaluronic-acid-face-cream-for-men
gid://shopify/Article/1000372928842,ARTICLE,body_html,de,https://www.eclore.se/products/oil-free-zinc-face-gel-for-men,https://www.eclore.se/de/products/oil-free-zinc-face-gel-for-men
gid://shopify/Article/1000372928842,ARTICLE,body_html,de,https://www.eclore.se/products/anti-age-day-cream-50-ml,https://www.eclore.se/de/products/anti-age-day-cream-50-ml
gid://shopify/Article/1000372928842,ARTICLE,body_html,de,https://www.eclore.se/products/collagen-anti-age-night-cream,https://www.eclore.se/de/products/collagen-anti-age-night-cream
gid://shopify/Article/1000372928842,ARTICLE,body_html,de,https://www.eclore.se/products/peptide-anti-aging-serum,https://www.eclore.se/de/products/peptide-anti-aging-serum
gid://shopify/Article/1000372928842,ARTICLE,body_html,de,https://www.eclore.se/products/serum-man-problematisk-hud-30ml,https://www.eclore.se/de/products/serum-man-problematisk-hud-30ml
gid://shopify/Article/1000372928842,ARTICLE,body_html,de,https://www.eclore.se/blogs/nyheter/ogonkram-man,https://www.eclore.se/de/blogs/nyheter/ogonkram-man
gid://shopify/Article/1000372928842,ARTICLE,body_html,de,https://www.eclore.se/products/vegan-fox-rakkram-man-vegansk-irritationsfri-200ml,https://www.eclore.se/de/products/vegan-fox-rakkram-man-vegansk-irritationsfri-200ml
gid://shopify/Article/1000372928842,ARTICLE,body_html,de,https://www.eclore.se/products/aftershave-balsam-kanslig-hud-man,https://www.eclore.se/de/products/aftershave-balsam-kanslig-hud-man
gid://shopify/Article/1000372928842,ARTICLE,body_html,de,https://www.eclore.se/products/skaggolja-atertuktande-torr-hud-man,https://www.eclore.se/de/products/skaggolja-atertuktande-torr-hud-man
gid://shopify/Article/1000372928842,ARTICLE,body_html,de,https://www.eclore.se/products/softening-beard-oil,https://www.eclore.se/de/products/softening-beard-oil
gid://shopify/Article/1000372928842,ARTICLE,body_html,de,https://www.eclore.se/products/men-s-essential,https://www.eclore.se/de/products/men-s-essential
gid://shopify/Article/1000372928842,ARTICLE,body_html,de,https://www.eclore.se/products/anti-ageing-collection-box,https://www.eclore.se/de/products/anti-ageing-collection-box
gid://shopify/Article/1000372928842,ARTICLE,body_html,de,https://www.eclore.se/products/vegan-fox-hudvardsset-kropp-ansikte-man-vegansk,https://www.eclore.se/de/products/vegan-fox-hudvardsset-kropp-ansikte-man-vegansk
gid://shopify/Article/1000372928842,ARTICLE,body_html,fi,https://www.eclore.se/products/clarifying-gel,https://www.eclore.se/fi/products/clarifying-gel
gid://shopify/Article/1000372928842,ARTICLE,body_html,fi,https://www.eclore.se/products/hoia-rakskum-ansiktsrengoring-dubbel-funktion-150ml,https://www.eclore.se/fi/products/hoia-rakskum-ansiktsrengoring-dubbel-funktion-150ml
gid://shopify/Article/1000372928842,ARTICLE,body_html,fi,https://www.eclore.se/products/hyaluronic-acid-face-cream-for-men,https://www.eclore.se/fi/products/hyaluronic-acid-face-cream-for-men
gid://shopify/Article/1000372928842,ARTICLE,body_html,fi,https://www.eclore.se/products/oil-free-zinc-face-gel-for-men,https://www.eclore.se/fi/products/oil-free-zinc-face-gel-for-men
gid://shopify/Article/1000372928842,ARTICLE,body_html,fi,https://www.eclore.se/products/anti-age-day-cream-50-ml,https://www.eclore.se/fi/products/anti-age-day-cream-50-ml
gid://shopify/Article/1000372928842,ARTICLE,body_html,fi,https://www.eclore.se/products/collagen-anti-age-night-cream,https://www.eclore.se/fi/products/collagen-anti-age-night-cream
gid://shopify/Article/1000372928842,ARTICLE,body_html,fi,https://www.eclore.se/products/peptide-anti-aging-serum,https://www.eclore.se/fi/products/peptide-anti-aging-serum
gid://shopify/Article/1000372928842,ARTICLE,body_html,fi,https://www.eclore.se/products/serum-man-problematisk-hud-30ml,https://www.eclore.se/fi/products/serum-man-problematisk-hud-30ml
gid://shopify/Article/1000372928842,ARTICLE,body_html,fi,https://www.eclore.se/blogs/nyheter/ogonkram-man,https://www.eclore.se/fi/blogs/nyheter/ogonkram-man
gid://shopify/Article/1000372928842,ARTICLE,body_html,fi,https://www.eclore.se/products/vegan-fox-rakkram-man-vegansk-irritationsfri-200ml,https://www.eclore.se/fi/products/vegan-fox-rakkram-man-vegansk-irritationsfri-200ml
gid://shopify/Article/1000372928842,ARTICLE,body_html,fi,https://www.eclore.se/products/aftershave-balsam-kanslig-hud-man,https://www.eclore.se/fi/products/aftershave-balsam-kanslig-hud-man
gid://shopify/Article/1000372928842,ARTICLE,body_html,fi,https://www.eclore.se/products/skaggolja-atertuktande-torr-hud-man,https://www.eclore.se/fi/products/skaggolja-atertuktande-torr-hud-man
gid://shopify/Article/1000372928842,ARTICLE,body_html,fi,https://www.eclore.se/products/softening-beard-oil,https://www.eclore.se/fi/products/softening-beard-oil
gid://shopify/Article/1000372928842,ARTICLE,body_html,fi,https://www.eclore.se/products/men-s-essential,https://www.eclore.se/fi/products/men-s-essential
gid://shopify/Article/1000372928842,ARTICLE,body_html,fi,https://www.eclore.se/products/anti-ageing-collection-box,https://www.eclore.se/fi/products/anti-ageing-collection-box
gid://shopify/Article/1000372928842,ARTICLE,body_html,fi,https://www.eclore.se/products/vegan-fox-hudvardsset-kropp-ansikte-man-vegansk,https://www.eclore.se/fi/products/vegan-fox-hudvardsset-kropp-ansikte-man-vegansk
gid://shopify/Article/1000380006730,ARTICLE,body_html,de,https://www.eclore.se/collections/nattkram,https://www.eclore.se/de/collections/nattkram
gid://shopify/Article/1000380006730,ARTICLE,body_html,de,https://www.eclore.se/blogs/nyheter/hud-vard,https://www.eclore.se/de/blogs/nyheter/hud-vard
gid://shopify/Article/1000380006730,ARTICLE,body_html,de,https://www.eclore.se/blogs/nyheter/ekologisk-hudvard,https://www.eclore.se/de/blogs/nyheter/ekologisk-hudvard
gid://shopify/Article/1000380006730,ARTICLE,body_html,fi,https://www.eclore.se/collections/nattkram,https://www.eclore.se/fi/collections/nattkram
gid://shopify/Article/1000380006730,ARTICLE,body_html,fi,https://www.eclore.se/blogs/nyheter/hud-vard,https://www.eclore.se/fi/blogs/nyheter/hud-vard
gid://shopify/Article/1000380006730,ARTICLE,body_html,fi,https://www.eclore.se/blogs/nyheter/ekologisk-hudvard,https://www.eclore.se/fi/blogs/nyheter/ekologisk-hudvard
gid://shopify/Article/1000447803722,ARTICLE,body_html,de,https://www.eclore.se/blogs/nyheter/bakuchiol-vs-retinol-vilket-ar-bast-for-din-hud,https://www.eclore.se/de/blogs/nyheter/bakuchiol-vs-retinol-vilket-ar-bast-for-din-hud
gid://shopify/Article/1000447803722,ARTICLE,body_html,de,https://www.eclore.se/blogs/nyheter/ansikts-serum,https://www.eclore.se/de/blogs/nyheter/ansikts-serum
gid://shopify/Article/1000447803722,ARTICLE,body_html,fi,https://www.eclore.se/blogs/nyheter/bakuchiol-vs-retinol-vilket-ar-bast-for-din-hud,https://www.eclore.se/fi/blogs/nyheter/bakuchiol-vs-retinol-vilket-ar-bast-for-din-hud
gid://shopify/Article/1000447803722,ARTICLE,body_html,fi,https://www.eclore.se/blogs/nyheter/ansikts-serum,https://www.eclore.se/fi/blogs/nyheter/ansikts-serum
gid://shopify/Article/1000458813770,ARTICLE,body_html,de,https://www.eclore.se/collections/serum,https://www.eclore.se/de/collections/serum
gid://shopify/Article/1000458813770,ARTICLE,body_html,de,https://www.eclore.se/collections/ansiktskram,https://www.eclore.se/de/collections/ansiktskram
gid://shopify/Article/1000458813770,ARTICLE,body_html,fi,https://www.eclore.se/collections/serum,https://www.eclore.se/fi/collections/serum
gid://shopify/Article/1000458813770,ARTICLE,body_html,fi,https://www.eclore.se/collections/ansiktskram,https://www.eclore.se/fi/collections/ansiktskram
gid://shopify/Article/1000470413642,ARTICLE,body_html,de,https://www.eclore.se/products/gentle-cleansing-milk,https://www.eclore.se/de/products/gentle-cleansing-milk
gid://shopify/Article/1000470413642,ARTICLE,body_html,de,https://www.eclore.se/products/cleansing-foam-for-dry-skin-200-ml,https://www.eclore.se/de/products/cleansing-foam-for-dry-skin-200-ml
gid://shopify/Article/1000470413642,ARTICLE,body_html,de,https://www.eclore.se/products/nurme-rengoringskram-neroli-vitamin-c-e-ansiktsvard,https://www.eclore.se/de/products/nurme-rengoringskram-neroli-vitamin-c-e-ansiktsvard
gid://shopify/Article/1000470413642,ARTICLE,body_html,de,https://www.eclore.se/products/meadow-flower-gentle-balm-to-milk-cleanser-50ml,https://www.eclore.se/de/products/meadow-flower-gentle-balm-to-milk-cleanser-50ml
gid://shopify/Article/1000470413642,ARTICLE,body_html,de,https://www.eclore.se/products/luuv-ansiktsrengoring-energigivande-kanslig-hud-125ml,https://www.eclore.se/de/products/luuv-ansiktsrengoring-energigivande-kanslig-hud-125ml
gid://shopify/Article/1000470413642,ARTICLE,body_html,de,https://www.eclore.se/collections/ansiktsrengoring,https://www.eclore.se/de/collections/ansiktsrengoring
gid://shopify/Article/1000470413642,ARTICLE,body_html,fi,https://www.eclore.se/products/gentle-cleansing-milk,https://www.eclore.se/fi/products/gentle-cleansing-milk
gid://shopify/Article/1000470413642,ARTICLE,body_html,fi,https://www.eclore.se/products/cleansing-foam-for-dry-skin-200-ml,https://www.eclore.se/fi/products/cleansing-foam-for-dry-skin-200-ml
gid://shopify/Article/1000470413642,ARTICLE,body_html,fi,https://www.eclore.se/products/nurme-rengoringskram-neroli-vitamin-c-e-ansiktsvard,https://www.eclore.se/fi/products/nurme-rengoringskram-neroli-vitamin-c-e-ansiktsvard
gid://shopify/Article/1000470413642,ARTICLE,body_html,fi,https://www.eclore.se/products/meadow-flower-gentle-balm-to-milk-cleanser-50ml,https://www.eclore.se/fi/products/meadow-flower-gentle-balm-to-milk-cleanser-50ml
gid://shopify/Article/1000470413642,ARTICLE,body_html,fi,https://www.eclore.se/products/luuv-ansiktsrengoring-energigivande-kanslig-hud-125ml,https://www.eclore.se/fi/products/luuv-ansiktsrengoring-energigivande-kanslig-hud-125ml
gid://shopify/Article/1000470413642,ARTICLE,body_html,fi,https://www.eclore.se/collections/ansiktsrengoring,https://www.eclore.se/fi/collections/ansiktsrengoring
gid://shopify/Article/1000477786442,ARTICLE,body_html,de,https://www.eclore.se/blogs/nyheter/torr-hud,https://www.eclore.se/de/blogs/nyheter/torr-hud
gid://shopify/Article/1000477786442,ARTICLE,body_html,de,https://www.eclore.se/blogs/nyheter/ekologisk-duschtval,https://www.eclore.se/de/blogs/nyheter/ekologisk-duschtval
gid://shopify/Article/1000477786442,ARTICLE,body_html,de,https://www.eclore.se/products/luuv-duschgel-morot-naturlig,https://www.eclore.se/de/products/luuv-duschgel-morot-naturlig
gid://shopify/Article/1000477786442,ARTICLE,body_html,de,https://www.eclore.se/products/luuv-exfolierande-duschgel-bambu-gront-te-200ml,https://www.eclore.se/de/products/luuv-exfolierande-duschgel-bambu-gront-te-200ml
gid://shopify/Article/1000477786442,ARTICLE,body_html,de,https://www.eclore.se/blogs/nyheter/body-scrub,https://www.eclore.se/de/blogs/nyheter/body-scrub
gid://shopify/Article/1000477786442,ARTICLE,body_html,de,https://www.eclore.se/products/magrada-x-lauren-moisturizing-shower-gel-200ml,https://www.eclore.se/de/products/magrada-x-lauren-moisturizing-shower-gel-200ml
gid://shopify/Article/1000477786442,ARTICLE,body_html,de,https://www.eclore.se/products/luuv-intimduschkram-kanslig-hud-200ml,https://www.eclore.se/de/products/luuv-intimduschkram-kanslig-hud-200ml
gid://shopify/Article/1000477786442,ARTICLE,body_html,de,https://www.eclore.se/products/magrada-intimduschgel-kamomill-aloe-vera,https://www.eclore.se/de/products/magrada-intimduschgel-kamomill-aloe-vera
gid://shopify/Article/1000477786442,ARTICLE,body_html,de,https://www.eclore.se/collections/duschkram,https://www.eclore.se/de/collections/duschkram
gid://shopify/Article/1000477786442,ARTICLE,body_html,de,https://www.eclore.se/blogs/nyheter/hur-aterfuktar-man-huden,https://www.eclore.se/de/blogs/nyheter/hur-aterfuktar-man-huden
gid://shopify/Article/1000477786442,ARTICLE,body_html,de,https://www.eclore.se/blogs/nyheter/ekologisk-hudvard,https://www.eclore.se/de/blogs/nyheter/ekologisk-hudvard
gid://shopify/Article/1000477786442,ARTICLE,body_html,de,https://www.eclore.se/collections/duschkram,https://www.eclore.se/de/collections/duschkram
gid://shopify/Article/1000477786442,ARTICLE,body_html,fi,https://www.eclore.se/blogs/nyheter/torr-hud,https://www.eclore.se/fi/blogs/nyheter/torr-hud
gid://shopify/Article/1000477786442,ARTICLE,body_html,fi,https://www.eclore.se/blogs/nyheter/ekologisk-duschtval,https://www.eclore.se/fi/blogs/nyheter/ekologisk-duschtval
gid://shopify/Article/1000477786442,ARTICLE,body_html,fi,https://www.eclore.se/products/luuv-duschgel-morot-naturlig,https://www.eclore.se/fi/products/luuv-duschgel-morot-naturlig
gid://shopify/Article/1000477786442,ARTICLE,body_html,fi,https://www.eclore.se/products/luuv-exfolierande-duschgel-bambu-gront-te-200ml,https://www.eclore.se/fi/products/luuv-exfolierande-duschgel-bambu-gront-te-200ml
gid://shopify/Article/1000477786442,ARTICLE,body_html,fi,https://www.eclore.se/blogs/nyheter/body-scrub,https://www.eclore.se/fi/blogs/nyheter/body-scrub
gid://shopify/Article/1000477786442,ARTICLE,body_html,fi,https://www.eclore.se/products/magrada-x-lauren-moisturizing-shower-gel-200ml,https://www.eclore.se/fi/products/magrada-x-lauren-moisturizing-shower-gel-200ml
gid://shopify/Article/1000477786442,ARTICLE,body_html,fi,https://www.eclore.se/products/luuv-intimduschkram-kanslig-hud-200ml,https://www.eclore.se/fi/products/luuv-intimduschkram-kanslig-hud-200ml
gid://shopify/Article/1000477786442,ARTICLE,body_html,fi,https://www.eclore.se/products/magrada-intimduschgel-kamomill-aloe-vera,https://www.eclore.se/fi/products/magrada-intimduschgel-kamomill-aloe-vera
gid://shopify/Article/1000477786442,ARTICLE,body_html,fi,https://www.eclore.se/collections/duschkram,https://www.eclore.se/fi/collections/duschkram
gid://shopify/Article/1000477786442,ARTICLE,body_html,fi,https://www.eclore.se/blogs/nyheter/hur-aterfuktar-man-huden,https://www.eclore.se/fi/blogs/nyheter/hur-aterfuktar-man-huden
gid://shopify/Article/1000477786442,ARTICLE,body_html,fi,https://www.eclore.se/blogs/nyheter/ekologisk-hudvard,https://www.eclore.se/fi/blogs/nyheter/ekologisk-hudvard
gid://shopify/Article/1000477786442,ARTICLE,body_html,fi,https://www.eclore.se/collections/duschkram,https://www.eclore.se/fi/collections/duschkram
gid://shopify/Article/1000486207818,ARTICLE,body_html,de,https://www.eclore.se/collections/ansiktsvard,https://www.eclore.se/de/collections/ansiktsvard
gid://shopify/Article/1000486207818,ARTICLE,body_html,fi,https://www.eclore.se/collections/ansiktsvard,https://www.eclore.se/fi/collections/ansiktsvard
gid://shopify/Article/1000489746762,ARTICLE,body_html,de,https://www.eclore.se/collections/ansiktskram,https://www.eclore.se/de/collections/ansiktskram
gid://shopify/Article/1000489746762,ARTICLE,body_html,de,https://www.eclore.se/collections/dagkram,https://www.eclore.se/de/collections/dagkram
gid://shopify/Article/1000489746762,ARTICLE,body_html,fi,https://www.eclore.se/collections/ansiktskram,https://www.eclore.se/fi/collections/ansiktskram
gid://shopify/Article/1000489746762,ARTICLE,body_html,fi,https://www.eclore.se/collections/dagkram,https://www.eclore.se/fi/collections/dagkram
gid://shopify/Article/1000493351242,ARTICLE,body_html,de,https://www.eclore.se/collections/ansiktskram,https://www.eclore.se/de/collections/ansiktskram
gid://shopify/Article/1000493351242,ARTICLE,body_html,de,https://www.eclore.se/blogs/nyheter/7-basta-ansiktskramerna-for-man-2025,https://www.eclore.se/de/blogs/nyheter/7-basta-ansiktskramerna-for-man-2025
gid://shopify/Article/1000493351242,ARTICLE,body_html,fi,https://www.eclore.se/collections/ansiktskram,https://www.eclore.se/fi/collections/ansiktskram
gid://shopify/Article/1000493351242,ARTICLE,body_html,fi,https://www.eclore.se/blogs/nyheter/7-basta-ansiktskramerna-for-man-2025,https://www.eclore.se/fi/blogs/nyheter/7-basta-ansiktskramerna-for-man-2025
gid://shopify/Article/1000504099146,ARTICLE,body_html,de,https://www.eclore.se/collections/for-man,https://www.eclore.se/de/collections/for-man
gid://shopify/Article/1000504099146,ARTICLE,body_html,de,https://www.eclore.se/collections/ansiktsrengoring,https://www.eclore.se/de/collections/ansiktsrengoring
gid://shopify/Article/1000504099146,ARTICLE,body_html,fi,https://www.eclore.se/collections/for-man,https://www.eclore.se/fi/collections/for-man
gid://shopify/Article/1000504099146,ARTICLE,body_html,fi,https://www.eclore.se/collections/ansiktsrengoring,https://www.eclore.se/fi/collections/ansiktsrengoring
gid://shopify/Article/1000517239114,ARTICLE,body_html,de,https://www.eclore.se/products/luuv-bakuchiol-serum-anti-aging-retinol-alternativ,https://www.eclore.se/de/products/luuv-bakuchiol-serum-anti-aging-retinol-alternativ
gid://shopify/Article/1000517239114,ARTICLE,body_html,de,https://www.eclore.se/products/hoia-bakuchiol-serum-vaxtretinol-anti-aging-ansiktsserum,https://www.eclore.se/de/products/hoia-bakuchiol-serum-vaxtretinol-anti-aging-ansiktsserum
gid://shopify/Article/1000517239114,ARTICLE,body_html,de,https://www.eclore.se/blogs/nyheter/bakuchiol,https://www.eclore.se/de/blogs/nyheter/bakuchiol
gid://shopify/Article/1000517239114,ARTICLE,body_html,de,https://www.eclore.se/collections/anti-age,https://www.eclore.se/de/collections/anti-age
gid://shopify/Article/1000517239114,ARTICLE,body_html,fi,https://www.eclore.se/products/luuv-bakuchiol-serum-anti-aging-retinol-alternativ,https://www.eclore.se/fi/products/luuv-bakuchiol-serum-anti-aging-retinol-alternativ
gid://shopify/Article/1000517239114,ARTICLE,body_html,fi,https://www.eclore.se/products/hoia-bakuchiol-serum-vaxtretinol-anti-aging-ansiktsserum,https://www.eclore.se/fi/products/hoia-bakuchiol-serum-vaxtretinol-anti-aging-ansiktsserum
gid://shopify/Article/1000517239114,ARTICLE,body_html,fi,https://www.eclore.se/blogs/nyheter/bakuchiol,https://www.eclore.se/fi/blogs/nyheter/bakuchiol
gid://shopify/Article/1000517239114,ARTICLE,body_html,fi,https://www.eclore.se/collections/anti-age,https://www.eclore.se/fi/collections/anti-age
gid://shopify/Article/1000618164554,ARTICLE,body_html,de,https://www.eclore.se/collections/acne-1,https://www.eclore.se/de/collections/acne-1
gid://shopify/Article/1000618164554,ARTICLE,body_html,de,https://www.eclore.se/collections/ansiktsrengoring,https://www.eclore.se/de/collections/ansiktsrengoring
gid://shopify/Article/1000618164554,ARTICLE,body_html,fi,https://www.eclore.se/collections/acne-1,https://www.eclore.se/fi/collections/acne-1
gid://shopify/Article/1000618164554,ARTICLE,body_html,fi,https://www.eclore.se/collections/ansiktsrengoring,https://www.eclore.se/fi/collections/ansiktsrengoring
gid://shopify/Article/1000634057034,ARTICLE,body_html,de,https://www.eclore.se/collections/brun-utan-sol-1,https://www.eclore.se/de/collections/brun-utan-sol-1
gid://shopify/Article/1000634057034,ARTICLE,body_html,de,https://www.eclore.se/collections/brun-utan-sol-1,https://www.eclore.se/de/collections/brun-utan-sol-1
gid://shopify/Article/1000634057034,ARTICLE,body_html,de,https://www.eclore.se/collections/brun-utan-sol-1,https://www.eclore.se/de/collections/brun-utan-sol-1
gid://shopify/Article/1000634057034,ARTICLE,body_html,fi,https://www.eclore.se/collections/brun-utan-sol-1,https://www.eclore.se/fi/collections/brun-utan-sol-1
gid://shopify/Article/1000634057034,ARTICLE,body_html,fi,https://www.eclore.se/collections/brun-utan-sol-1,https://www.eclore.se/fi/collections/brun-utan-sol-1
gid://shopify/Article/1000634057034,ARTICLE,body_html,fi,https://www.eclore.se/collections/brun-utan-sol-1,https://www.eclore.se/fi/collections/brun-utan-sol-1
gid://shopify/Article/1000649654602,ARTICLE,body_html,de,https://www.eclore.se/products/luuv-bakuchiol-serum-anti-aging-retinol-alternativ,https://www.eclore.se/de/products/luuv-bakuchiol-serum-anti-aging-retinol-alternativ
gid://shopify/Article/1000649654602,ARTICLE,body_html,de,https://www.eclore.se/products/hoia-bakuchiol-serum-vaxtretinol-anti-aging-ansiktsserum,https://www.eclore.se/de/products/hoia-bakuchiol-serum-vaxtretinol-anti-aging-ansiktsserum
gid://shopify/Article/1000649654602,ARTICLE,body_html,de,https://www.eclore.se/products/naturligt-anti-age-serum-bakuchiol-c-vitamin,https://www.eclore.se/de/products/naturligt-anti-age-serum-bakuchiol-c-vitamin
gid://shopify/Article/1000649654602,ARTICLE,body_html,de,https://www.eclore.se/products/ogonkram-bakuchiol-hyaluronsyra-20-ml,https://www.eclore.se/de/products/ogonkram-bakuchiol-hyaluronsyra-20-ml
gid://shopify/Article/1000649654602,ARTICLE,body_html,de,https://www.eclore.se/collections/toner,https://www.eclore.se/de/collections/toner
gid://shopify/Article/1000649654602,ARTICLE,body_html,de,https://www.eclore.se/collections/ansiktskram,https://www.eclore.se/de/collections/ansiktskram
gid://shopify/Article/1000649654602,ARTICLE,body_html,de,https://www.eclore.se/collections/anti-age,https://www.eclore.se/de/collections/anti-age
gid://shopify/Article/1000649654602,ARTICLE,body_html,de,https://www.eclore.se/collections/serum,https://www.eclore.se/de/collections/serum
gid://shopify/Article/1000649654602,ARTICLE,body_html,fi,https://www.eclore.se/products/luuv-bakuchiol-serum-anti-aging-retinol-alternativ,https://www.eclore.se/fi/products/luuv-bakuchiol-serum-anti-aging-retinol-alternativ
gid://shopify/Article/1000649654602,ARTICLE,body_html,fi,https://www.eclore.se/products/hoia-bakuchiol-serum-vaxtretinol-anti-aging-ansiktsserum,https://www.eclore.se/fi/products/hoia-bakuchiol-serum-vaxtretinol-anti-aging-ansiktsserum
gid://shopify/Article/1000649654602,ARTICLE,body_html,fi,https://www.eclore.se/products/naturligt-anti-age-serum-bakuchiol-c-vitamin,https://www.eclore.se/fi/products/naturligt-anti-age-serum-bakuchiol-c-vitamin
gid://shopify/Article/1000649654602,ARTICLE,body_html,fi,https://www.eclore.se/products/ogonkram-bakuchiol-hyaluronsyra-20-ml,https://www.eclore.se/fi/products/ogonkram-bakuchiol-hyaluronsyra-20-ml
gid://shopify/Article/1000649654602,ARTICLE,body_html,fi,https://www.eclore.se/collections/toner,https://www.eclore.se/fi/collections/toner
gid://shopify/Article/1000649654602,ARTICLE,body_html,fi,https://www.eclore.se/collections/ansiktskram,https://www.eclore.se/fi/collections/ansiktskram
gid://shopify/Article/1000649654602,ARTICLE,body_html,fi,https://www.eclore.se/collections/anti-age,https://www.eclore.se/fi/collections/anti-age
gid://shopify/Article/1000649654602,ARTICLE,body_html,fi,https://www.eclore.se/collections/serum,https://www.eclore.se/fi/collections/serum
gid://shopify/Article/1000656175434,ARTICLE,body_html,de,https://www.eclore.se/blogs/nyheter/c-vitamin-hud,https://www.eclore.se/de/blogs/nyheter/c-vitamin-hud
gid://shopify/Article/1000656175434,ARTICLE,body_html,de,https://www.eclore.se/blogs/nyheter/naturlig-hudvard,https://www.eclore.se/de/blogs/nyheter/naturlig-hudvard
gid://shopify/Article/1000656175434,ARTICLE,body_html,de,https://www.eclore.se/blogs/nyheter/hud-vard,https://www.eclore.se/de/blogs/nyheter/hud-vard
gid://shopify/Article/1000656175434,ARTICLE,body_html,de,https://www.eclore.se/blogs/nyheter/retinol,https://www.eclore.se/de/blogs/nyheter/retinol
gid://shopify/Article/1000656175434,ARTICLE,body_html,fi,https://www.eclore.se/blogs/nyheter/c-vitamin-hud,https://www.eclore.se/fi/blogs/nyheter/c-vitamin-hud
gid://shopify/Article/1000656175434,ARTICLE,body_html,fi,https://www.eclore.se/blogs/nyheter/naturlig-hudvard,https://www.eclore.se/fi/blogs/nyheter/naturlig-hudvard
gid://shopify/Article/1000656175434,ARTICLE,body_html,fi,https://www.eclore.se/blogs/nyheter/hud-vard,https://www.eclore.se/fi/blogs/nyheter/hud-vard
gid://shopify/Article/1000656175434,ARTICLE,body_html,fi,https://www.eclore.se/blogs/nyheter/retinol,https://www.eclore.se/fi/blogs/nyheter/retinol
gid://shopify/Article/1000674525514,ARTICLE,body_html,de,https://www.eclore.se/blogs/nyheter/aha-pha,https://www.eclore.se/de/blogs/nyheter/aha-pha
gid://shopify/Article/1000674525514,ARTICLE,body_html,de,https://www.eclore.se/blogs/nyheter/ansiktsrengoring-for-torr-hy,https://www.eclore.se/de/blogs/nyheter/ansiktsrengoring-for-torr-hy
gid://shopify/Article/1000674525514,ARTICLE,body_html,fi,https://www.eclore.se/blogs/nyheter/aha-pha,https://www.eclore.se/fi/blogs/nyheter/aha-pha
gid://shopify/Article/1000674525514,ARTICLE,body_html,fi,https://www.eclore.se/blogs/nyheter/ansiktsrengoring-for-torr-hy,https://www.eclore.se/fi/blogs/nyheter/ansiktsrengoring-for-torr-hy
gid://shopify/Article/1000689074506,ARTICLE,body_html,de,https://www.eclore.se/collections/vitamin-c,https://www.eclore.se/de/collections/vitamin-c
gid://shopify/Article/1000689074506,ARTICLE,body_html,fi,https://www.eclore.se/collections/vitamin-c,https://www.eclore.se/fi/collections/vitamin-c
gid://shopify/Article/1000749105482,ARTICLE,body_html,de,https://www.eclore.se/collections/ansiktsrengoring,https://www.eclore.se/de/collections/ansiktsrengoring
gid://shopify/Article/1000749105482,ARTICLE,body_html,de,https://www.eclore.se/blogs/nyheter/serum-body,https://www.eclore.se/de/blogs/nyheter/serum-body
gid://shopify/Article/1000749105482,ARTICLE,body_html,fi,https://www.eclore.se/collections/ansiktsrengoring,https://www.eclore.se/fi/collections/ansiktsrengoring
gid://shopify/Article/1000749105482,ARTICLE,body_html,fi,https://www.eclore.se/blogs/nyheter/serum-body,https://www.eclore.se/fi/blogs/nyheter/serum-body
gid://shopify/Article/1000754315594,ARTICLE,body_html,de,https://www.eclore.se/blogs/nyheter/naturlig-hudvard-utan-kemikalier,https://www.eclore.se/de/blogs/nyheter/naturlig-hudvard-utan-kemikalier
gid://shopify/Article/1000754315594,ARTICLE,body_html,de,https://www.eclore.se/blogs/nyheter/hud-vard,https://www.eclore.se/de/blogs/nyheter/hud-vard
gid://shopify/Article/1000754315594,ARTICLE,body_html,de,https://www.eclore.se/blogs/nyheter/natt-kram,https://www.eclore.se/de/blogs/nyheter/natt-kram
gid://shopify/Article/1000754315594,ARTICLE,body_html,fi,https://www.eclore.se/blogs/nyheter/naturlig-hudvard-utan-kemikalier,https://www.eclore.se/fi/blogs/nyheter/naturlig-hudvard-utan-kemikalier
gid://shopify/Article/1000754315594,ARTICLE,body_html,fi,https://www.eclore.se/blogs/nyheter/hud-vard,https://www.eclore.se/fi/blogs/nyheter/hud-vard
gid://shopify/Article/1000754315594,ARTICLE,body_html,fi,https://www.eclore.se/blogs/nyheter/natt-kram,https://www.eclore.se/fi/blogs/nyheter/natt-kram
gid://shopify/Article/1000780333386,ARTICLE,body_html,de,https://www.eclore.se/blogs/nyheter/hudvardsrutin-man,https://www.eclore.se/de/blogs/nyheter/hudvardsrutin-man
gid://shopify/Article/1000780333386,ARTICLE,body_html,de,https://www.eclore.se/blogs/nyheter/7-basta-ansiktskramerna-for-man-2025,https://www.eclore.se/de/blogs/nyheter/7-basta-ansiktskramerna-for-man-2025
gid://shopify/Article/1000780333386,ARTICLE,body_html,de,https://www.eclore.se/collections/for-man,https://www.eclore.se/de/collections/for-man
gid://shopify/Article/1000780333386,ARTICLE,body_html,fi,https://www.eclore.se/blogs/nyheter/hudvardsrutin-man,https://www.eclore.se/fi/blogs/nyheter/hudvardsrutin-man
gid://shopify/Article/1000780333386,ARTICLE,body_html,fi,https://www.eclore.se/blogs/nyheter/7-basta-ansiktskramerna-for-man-2025,https://www.eclore.se/fi/blogs/nyheter/7-basta-ansiktskramerna-for-man-2025
gid://shopify/Article/1000780333386,ARTICLE,body_html,fi,https://www.eclore.se/collections/for-man,https://www.eclore.se/fi/collections/for-man
gid://shopify/Article/1000831385930,ARTICLE,body_html,de,https://www.eclore.se/collections/deodorant,https://www.eclore.se/de/collections/deodorant
gid://shopify/Article/1000831385930,ARTICLE,body_html,fi,https://www.eclore.se/collections/deodorant,https://www.eclore.se/fi/collections/deodorant
gid://shopify/Article/1000840364362,ARTICLE,body_html,de,https://www.eclore.se/collections/bodyscrub,https://www.eclore.se/de/collections/bodyscrub
gid://shopify/Article/1000840364362,ARTICLE,body_html,de,https://www.eclore.se/collections/kroppsolja,https://www.eclore.se/de/collections/kroppsolja
gid://shopify/Article/1000840364362,ARTICLE,body_html,de,https://www.eclore.se/collections/bodyscrub,https://www.eclore.se/de/collections/bodyscrub
gid://shopify/Article/1000840364362,ARTICLE,body_html,de,https://www.eclore.se/collections/bodyscrub,https://www.eclore.se/de/collections/bodyscrub
gid://shopify/Article/1000840364362,ARTICLE,body_html,de,https://www.eclore.se/collections/bodyscrub,https://www.eclore.se/de/collections/bodyscrub
gid://shopify/Article/1000840364362,ARTICLE,body_html,de,https://www.eclore.se/collections/bodyscrub,https://www.eclore.se/de/collections/bodyscrub
gid://shopify/Article/1000840364362,ARTICLE,body_html,de,https://www.eclore.se/collections/bodyscrub,https://www.eclore.se/de/collections/bodyscrub
gid://shopify/Article/1000840364362,ARTICLE,body_html,fi,https://www.eclore.se/collections/bodyscrub,https://www.eclore.se/fi/collections/bodyscrub
gid://shopify/Article/1000840364362,ARTICLE,body_html,fi,https://www.eclore.se/collections/kroppsolja,https://www.eclore.se/fi/collections/kroppsolja
gid://shopify/Article/1000840364362,ARTICLE,body_html,fi,https://www.eclore.se/collections/bodyscrub,https://www.eclore.se/fi/collections/bodyscrub
gid://shopify/Article/1000840364362,ARTICLE,body_html,fi,https://www.eclore.se/collections/bodyscrub,https://www.eclore.se/fi/collections/bodyscrub
gid://shopify/Article/1000840364362,ARTICLE,body_html,fi,https://www.eclore.se/collections/bodyscrub,https://www.eclore.se/fi/collections/bodyscrub
gid://shopify/Article/1000840364362,ARTICLE,body_html,fi,https://www.eclore.se/collections/bodyscrub,https://www.eclore.se/fi/collections/bodyscrub
gid://shopify/Article/1000840364362,ARTICLE,body_html,fi,https://www.eclore.se/collections/bodyscrub,https://www.eclore.se/fi/collections/bodyscrub
gid://shopify/Article/1000857764170,ARTICLE,body_html,de,https://www.eclore.se/collections/hudvard,https://www.eclore.se/de/collections/hudvard
gid://shopify/Article/1000857764170,ARTICLE,body_html,de,https://www.eclore.se/collections/ansiktsvard,https://www.eclore.se/de/collections/ansiktsvard
gid://shopify/Article/1000857764170,ARTICLE,body_html,de,https://www.eclore.se/collections/vegan-fox,https://www.eclore.se/de/collections/vegan-fox
gid://shopify/Article/1000857764170,ARTICLE,body_html,fi,https://www.eclore.se/collections/hudvard,https://www.eclore.se/fi/collections/hudvard
gid://shopify/Article/1000857764170,ARTICLE,body_html,fi,https://www.eclore.se/collections/ansiktsvard,https://www.eclore.se/fi/collections/ansiktsvard
gid://shopify/Article/1000857764170,ARTICLE,body_html,fi,https://www.eclore.se/collections/vegan-fox,https://www.eclore.se/fi/collections/vegan-fox
gid://shopify/Article/1000995488074,ARTICLE,body_html,de,https://www.eclore.se/blogs/nyheter/7-basta-ansiktskramerna-for-man-2025,https://www.eclore.se/de/blogs/nyheter/7-basta-ansiktskramerna-for-man-2025
gid://shopify/Article/1000995488074,ARTICLE,body_html,de,https://www.eclore.se/blogs/nyheter/ansiktsvard-man,https://www.eclore.se/de/blogs/nyheter/ansiktsvard-man
gid://shopify/Article/1000995488074,ARTICLE,body_html,de,https://www.eclore.se/products/super-glow-day-dagkram-vitamin-c-d-cosmos-50ml,https://www.eclore.se/de/products/super-glow-day-dagkram-vitamin-c-d-cosmos-50ml
gid://shopify/Article/1000995488074,ARTICLE,body_html,de,https://www.eclore.se/products/biolift-exoxome-hyaluronic-cream-cosmos-50-ml,https://www.eclore.se/de/products/biolift-exoxome-hyaluronic-cream-cosmos-50-ml
gid://shopify/Article/1000995488074,ARTICLE,body_html,de,https://www.eclore.se/blogs/nyheter/ansiktskram-anti-age,https://www.eclore.se/de/blogs/nyheter/ansiktskram-anti-age
gid://shopify/Article/1000995488074,ARTICLE,body_html,de,https://www.eclore.se/blogs/nyheter/hudvardsrutin-man,https://www.eclore.se/de/blogs/nyheter/hudvardsrutin-man
gid://shopify/Article/1000995488074,ARTICLE,body_html,fi,https://www.eclore.se/blogs/nyheter/7-basta-ansiktskramerna-for-man-2025,https://www.eclore.se/fi/blogs/nyheter/7-basta-ansiktskramerna-for-man-2025
gid://shopify/Article/1000995488074,ARTICLE,body_html,fi,https://www.eclore.se/blogs/nyheter/ansiktsvard-man,https://www.eclore.se/fi/blogs/nyheter/ansiktsvard-man
gid://shopify/Article/1000995488074,ARTICLE,body_html,fi,https://www.eclore.se/products/super-glow-day-dagkram-vitamin-c-d-cosmos-50ml,https://www.eclore.se/fi/products/super-glow-day-dagkram-vitamin-c-d-cosmos-50ml
gid://shopify/Article/1000995488074,ARTICLE,body_html,fi,https://www.eclore.se/products/biolift-exoxome-hyaluronic-cream-cosmos-50-ml,https://www.eclore.se/fi/products/biolift-exoxome-hyaluronic-cream-cosmos-50-ml
gid://shopify/Article/1000995488074,ARTICLE,body_html,fi,https://www.eclore.se/blogs/nyheter/ansiktskram-anti-age,https://www.eclore.se/fi/blogs/nyheter/ansiktskram-anti-age
gid://shopify/Article/1000995488074,ARTICLE,body_html,fi,https://www.eclore.se/blogs/nyheter/hudvardsrutin-man,https://www.eclore.se/fi/blogs/nyheter/hudvardsrutin-man
gid://shopify/Article/1001007382858,ARTICLE,body_html,de,https://www.eclore.se/products/3-in-1-eye-cream-for-men,https://www.eclore.se/de/products/3-in-1-eye-cream-for-men
gid://shopify/Article/1001007382858,ARTICLE,body_html,de,https://www.eclore.se/products/smoothing-eye-cream,https://www.eclore.se/de/products/smoothing-eye-cream
gid://shopify/Article/1001007382858,ARTICLE,body_html,de,https://www.eclore.se/collections/for-man,https://www.eclore.se/de/collections/for-man
gid://shopify/Article/1001007382858,ARTICLE,body_html,fi,https://www.eclore.se/products/3-in-1-eye-cream-for-men,https://www.eclore.se/fi/products/3-in-1-eye-cream-for-men
gid://shopify/Article/1001007382858,ARTICLE,body_html,fi,https://www.eclore.se/products/smoothing-eye-cream,https://www.eclore.se/fi/products/smoothing-eye-cream
gid://shopify/Article/1001007382858,ARTICLE,body_html,fi,https://www.eclore.se/collections/for-man,https://www.eclore.se/fi/collections/for-man
gid://shopify/Article/1001030189386,ARTICLE,body_html,de,https://www.eclore.se/blogs/nyheter/anti-age-kram-som-fungerar,https://www.eclore.se/de/blogs/nyheter/anti-age-kram-som-fungerar
gid://shopify/Article/1001030189386,ARTICLE,body_html,de,https://www.eclore.se/products/anti-wrinkle-ogonkram-15-ml,https://www.eclore.se/de/products/anti-wrinkle-ogonkram-15-ml
gid://shopify/Article/1001030189386,ARTICLE,body_html,de,https://www.eclore.se/products/face-serum-med-hyaluronic-acid-30-ml,https://www.eclore.se/de/products/face-serum-med-hyaluronic-acid-30-ml
gid://shopify/Article/1001030189386,ARTICLE,body_html,de,https://www.eclore.se/products/ogonkram-bakuchiol-hyaluronsyra-20-ml,https://www.eclore.se/de/products/ogonkram-bakuchiol-hyaluronsyra-20-ml
gid://shopify/Article/1001030189386,ARTICLE,body_html,de,https://www.eclore.se/collections/anti-age,https://www.eclore.se/de/collections/anti-age
gid://shopify/Article/1001030189386,ARTICLE,body_html,fi,https://www.eclore.se/blogs/nyheter/anti-age-kram-som-fungerar,https://www.eclore.se/fi/blogs/nyheter/anti-age-kram-som-fungerar
gid://shopify/Article/1001030189386,ARTICLE,body_html,fi,https://www.eclore.se/products/anti-wrinkle-ogonkram-15-ml,https://www.eclore.se/fi/products/anti-wrinkle-ogonkram-15-ml
gid://shopify/Article/1001030189386,ARTICLE,body_html,fi,https://www.eclore.se/products/face-serum-med-hyaluronic-acid-30-ml,https://www.eclore.se/fi/products/face-serum-med-hyaluronic-acid-30-ml
gid://shopify/Article/1001030189386,ARTICLE,body_html,fi,https://www.eclore.se/products/ogonkram-bakuchiol-hyaluronsyra-20-ml,https://www.eclore.se/fi/products/ogonkram-bakuchiol-hyaluronsyra-20-ml
gid://shopify/Article/1001030189386,ARTICLE,body_html,fi,https://www.eclore.se/collections/anti-age,https://www.eclore.se/fi/collections/anti-age
gid://shopify/Article/1001062302026,ARTICLE,body_html,de,https://www.eclore.se/blogs/nyheter/torr-hud,https://www.eclore.se/de/blogs/nyheter/torr-hud
gid://shopify/Article/1001062302026,ARTICLE,body_html,de,https://www.eclore.se/blogs/nyheter/kanslig-hud,https://www.eclore.se/de/blogs/nyheter/kanslig-hud
gid://shopify/Article/1001062302026,ARTICLE,body_html,de,https://www.eclore.se/blogs/nyheter/fuktkram-for-ansiktet,https://www.eclore.se/de/blogs/nyheter/fuktkram-for-ansiktet
gid://shopify/Article/1001062302026,ARTICLE,body_html,de,https://www.eclore.se/blogs/nyheter/naturlig-hudvard-utan-kemikalier,https://www.eclore.se/de/blogs/nyheter/naturlig-hudvard-utan-kemikalier
gid://shopify/Article/1001062302026,ARTICLE,body_html,fi,https://www.eclore.se/blogs/nyheter/torr-hud,https://www.eclore.se/fi/blogs/nyheter/torr-hud
gid://shopify/Article/1001062302026,ARTICLE,body_html,fi,https://www.eclore.se/blogs/nyheter/kanslig-hud,https://www.eclore.se/fi/blogs/nyheter/kanslig-hud
gid://shopify/Article/1001062302026,ARTICLE,body_html,fi,https://www.eclore.se/blogs/nyheter/fuktkram-for-ansiktet,https://www.eclore.se/fi/blogs/nyheter/fuktkram-for-ansiktet
gid://shopify/Article/1001062302026,ARTICLE,body_html,fi,https://www.eclore.se/blogs/nyheter/naturlig-hudvard-utan-kemikalier,https://www.eclore.se/fi/blogs/nyheter/naturlig-hudvard-utan-kemikalier
gid://shopify/Article/1001173090634,ARTICLE,body_html,de,https://www.eclore.se/collections/hudvardskit,https://www.eclore.se/de/collections/hudvardskit
gid://shopify/Article/1001173090634,ARTICLE,body_html,de,https://www.eclore.se/collections/for-man,https://www.eclore.se/de/collections/for-man
gid://shopify/Article/1001173090634,ARTICLE,body_html,de,https://www.eclore.se/collections/ansiktsvard,https://www.eclore.se/de/collections/ansiktsvard
gid://shopify/Article/1001173090634,ARTICLE,body_html,fi,https://www.eclore.se/collections/hudvardskit,https://www.eclore.se/fi/collections/hudvardskit
gid://shopify/Article/1001173090634,ARTICLE,body_html,fi,https://www.eclore.se/collections/for-man,https://www.eclore.se/fi/collections/for-man
gid://shopify/Article/1001173090634,ARTICLE,body_html,fi,https://www.eclore.se/collections/ansiktsvard,https://www.eclore.se/fi/collections/ansiktsvard
gid://shopify/Article/1001178464586,ARTICLE,body_html,de,https://www.eclore.se/collections/for-man,https://www.eclore.se/de/collections/for-man
gid://shopify/Article/1001178464586,ARTICLE,body_html,de,https://www.eclore.se/collections/hudvardskit,https://www.eclore.se/de/collections/hudvardskit
gid://shopify/Article/1001178464586,ARTICLE,body_html,de,https://www.eclore.se/collections/ansiktsrengoring,https://www.eclore.se/de/collections/ansiktsrengoring
gid://shopify/Article/1001178464586,ARTICLE,body_html,fi,https://www.eclore.se/collections/for-man,https://www.eclore.se/fi/collections/for-man
gid://shopify/Article/1001178464586,ARTICLE,body_html,fi,https://www.eclore.se/collections/hudvardskit,https://www.eclore.se/fi/collections/hudvardskit
gid://shopify/Article/1001178464586,ARTICLE,body_html,fi,https://www.eclore.se/collections/ansiktsrengoring,https://www.eclore.se/fi/collections/ansiktsrengoring
gid://shopify/Article/1001184395594,ARTICLE,body_html,de,https://www.eclore.se/products/anti-age-face-cream-50-ml,https://www.eclore.se/de/products/anti-age-face-cream-50-ml
gid://shopify/Article/1001184395594,ARTICLE,body_html,fi,https://www.eclore.se/products/anti-age-face-cream-50-ml,https://www.eclore.se/fi/products/anti-age-face-cream-50-ml
gid://shopify/Article/1001195077962,ARTICLE,body_html,de,https://www.eclore.se/products/luuv-exfolierande-ansiktstoner-aha-pha-syror-cosmos,https://www.eclore.se/de/products/luuv-exfolierande-ansiktstoner-aha-pha-syror-cosmos
gid://shopify/Article/1001195077962,ARTICLE,body_html,de,https://www.eclore.se/products/glycolic-acid-exfoliating-toner,https://www.eclore.se/de/products/glycolic-acid-exfoliating-toner
gid://shopify/Article/1001195077962,ARTICLE,body_html,de,https://www.eclore.se/products/berrichi-ansiktstonic-aha-syror-fornyande-100ml,https://www.eclore.se/de/products/berrichi-ansiktstonic-aha-syror-fornyande-100ml
gid://shopify/Article/1001195077962,ARTICLE,body_html,de,https://www.eclore.se/products/luuv-hyaluronic-toner-cosmos-hyaluronsyra-120ml,https://www.eclore.se/de/products/luuv-hyaluronic-toner-cosmos-hyaluronsyra-120ml
gid://shopify/Article/1001195077962,ARTICLE,body_html,de,https://www.eclore.se/collections/toner,https://www.eclore.se/de/collections/toner
gid://shopify/Article/1001195077962,ARTICLE,body_html,fi,https://www.eclore.se/products/luuv-exfolierande-ansiktstoner-aha-pha-syror-cosmos,https://www.eclore.se/fi/products/luuv-exfolierande-ansiktstoner-aha-pha-syror-cosmos
gid://shopify/Article/1001195077962,ARTICLE,body_html,fi,https://www.eclore.se/products/glycolic-acid-exfoliating-toner,https://www.eclore.se/fi/products/glycolic-acid-exfoliating-toner
gid://shopify/Article/1001195077962,ARTICLE,body_html,fi,https://www.eclore.se/products/berrichi-ansiktstonic-aha-syror-fornyande-100ml,https://www.eclore.se/fi/products/berrichi-ansiktstonic-aha-syror-fornyande-100ml
gid://shopify/Article/1001195077962,ARTICLE,body_html,fi,https://www.eclore.se/products/luuv-hyaluronic-toner-cosmos-hyaluronsyra-120ml,https://www.eclore.se/fi/products/luuv-hyaluronic-toner-cosmos-hyaluronsyra-120ml
gid://shopify/Article/1001195077962,ARTICLE,body_html,fi,https://www.eclore.se/collections/toner,https://www.eclore.se/fi/collections/toner
gid://shopify/Article/1001227551050,ARTICLE,body_html,de,https://www.eclore.se/blogs/nyheter/naturlig-hudvard,https://www.eclore.se/de/blogs/nyheter/naturlig-hudvard
gid://shopify/Article/1001227551050,ARTICLE,body_html,de,https://www.eclore.se/blogs/nyheter/ekologisk-hudvard,https://www.eclore.se/de/blogs/nyheter/ekologisk-hudvard
gid://shopify/Article/1001227551050,ARTICLE,body_html,fi,https://www.eclore.se/blogs/nyheter/naturlig-hudvard,https://www.eclore.se/fi/blogs/nyheter/naturlig-hudvard
gid://shopify/Article/1001227551050,ARTICLE,body_html,fi,https://www.eclore.se/blogs/nyheter/ekologisk-hudvard,https://www.eclore.se/fi/blogs/nyheter/ekologisk-hudvard
gid://shopify/Article/1001246425418,ARTICLE,body_html,de,https://www.eclore.se/blogs/nyheter/prebiotic-skincare,https://www.eclore.se/de/blogs/nyheter/prebiotic-skincare
gid://shopify/Article/1001246425418,ARTICLE,body_html,fi,https://www.eclore.se/blogs/nyheter/prebiotic-skincare,https://www.eclore.se/fi/blogs/nyheter/prebiotic-skincare
gid://shopify/Article/1001309339978,ARTICLE,body_html,de,https://www.eclore.se/collections/for-man,https://www.eclore.se/de/collections/for-man
gid://shopify/Article/1001309339978,ARTICLE,body_html,de,https://www.eclore.se/collections/rakning-skagg,https://www.eclore.se/de/collections/rakning-skagg
gid://shopify/Article/1001309339978,ARTICLE,body_html,fi,https://www.eclore.se/collections/for-man,https://www.eclore.se/fi/collections/for-man
gid://shopify/Article/1001309339978,ARTICLE,body_html,fi,https://www.eclore.se/collections/rakning-skagg,https://www.eclore.se/fi/collections/rakning-skagg
gid://shopify/Article/1001318482250,ARTICLE,body_html,de,https://www.eclore.se/collections/for-man,https://www.eclore.se/de/collections/for-man
gid://shopify/Article/1001318482250,ARTICLE,body_html,de,https://www.eclore.se/collections/presentforpackningar,https://www.eclore.se/de/collections/presentforpackningar
gid://shopify/Article/1001318482250,ARTICLE,body_html,de,https://www.eclore.se/collections/hudvard,https://www.eclore.se/de/collections/hudvard
gid://shopify/Article/1001318482250,ARTICLE,body_html,de,https://www.eclore.se/collections/ansiktskram,https://www.eclore.se/de/collections/ansiktskram
gid://shopify/Article/1001318482250,ARTICLE,body_html,fi,https://www.eclore.se/collections/for-man,https://www.eclore.se/fi/collections/for-man
gid://shopify/Article/1001318482250,ARTICLE,body_html,fi,https://www.eclore.se/collections/presentforpackningar,https://www.eclore.se/fi/collections/presentforpackningar
gid://shopify/Article/1001318482250,ARTICLE,body_html,fi,https://www.eclore.se/collections/hudvard,https://www.eclore.se/fi/collections/hudvard
gid://shopify/Article/1001318482250,ARTICLE,body_html,fi,https://www.eclore.se/collections/ansiktskram,https://www.eclore.se/fi/collections/ansiktskram
gid://shopify/Article/1001410560330,ARTICLE,body_html,de,https://www.eclore.se/collections/ansiktsrengoring,https://www.eclore.se/de/collections/ansiktsrengoring
gid://shopify/Article/1001410560330,ARTICLE,body_html,de,https://www.eclore.se/collections/ansiktskram,https://www.eclore.se/de/collections/ansiktskram
gid://shopify/Article/1001410560330,ARTICLE,body_html,de,https://www.eclore.se/collections/for-man,https://www.eclore.se/de/collections/for-man
gid://shopify/Article/1001410560330,ARTICLE,body_html,de,https://www.eclore.se/collections/rakning-skagg,https://www.eclore.se/de/collections/rakning-skagg
gid://shopify/Article/1001410560330,ARTICLE,body_html,fi,https://www.eclore.se/collections/ansiktsrengoring,https://www.eclore.se/fi/collections/ansiktsrengoring
gid://shopify/Article/1001410560330,ARTICLE,body_html,fi,https://www.eclore.se/collections/ansiktskram,https://www.eclore.se/fi/collections/ansiktskram
gid://shopify/Article/1001410560330,ARTICLE,body_html,fi,https://www.eclore.se/collections/for-man,https://www.eclore.se/fi/collections/for-man
gid://shopify/Article/1001410560330,ARTICLE,body_html,fi,https://www.eclore.se/collections/rakning-skagg,https://www.eclore.se/fi/collections/rakning-skagg
gid://shopify/Article/1001419964746,ARTICLE,body_html,de,https://www.eclore.se/blogs/nyheter/hudvardspaket-man,https://www.eclore.se/de/blogs/nyheter/hudvardspaket-man
gid://shopify/Article/1001419964746,ARTICLE,body_html,de,https://www.eclore.se/blogs/nyheter/hudvardsrutin-man,https://www.eclore.se/de/blogs/nyheter/hudvardsrutin-man
gid://shopify/Article/1001419964746,ARTICLE,body_html,de,https://www.eclore.se/blogs/nyheter/ekologisk-hudvard,https://www.eclore.se/de/blogs/nyheter/ekologisk-hudvard
gid://shopify/Article/1001419964746,ARTICLE,body_html,de,https://www.eclore.se/blogs/nyheter/ansiktsvard-set-herr,https://www.eclore.se/de/blogs/nyheter/ansiktsvard-set-herr
gid://shopify/Article/1001419964746,ARTICLE,body_html,fi,https://www.eclore.se/blogs/nyheter/hudvardspaket-man,https://www.eclore.se/fi/blogs/nyheter/hudvardspaket-man
gid://shopify/Article/1001419964746,ARTICLE,body_html,fi,https://www.eclore.se/blogs/nyheter/hudvardsrutin-man,https://www.eclore.se/fi/blogs/nyheter/hudvardsrutin-man
gid://shopify/Article/1001419964746,ARTICLE,body_html,fi,https://www.eclore.se/blogs/nyheter/ekologisk-hudvard,https://www.eclore.se/fi/blogs/nyheter/ekologisk-hudvard
gid://shopify/Article/1001419964746,ARTICLE,body_html,fi,https://www.eclore.se/blogs/nyheter/ansiktsvard-set-herr,https://www.eclore.se/fi/blogs/nyheter/ansiktsvard-set-herr
gid://shopify/Article/1001429303626,ARTICLE,body_html,de,https://www.eclore.se/blogs/nyheter/hudvardspaket-man,https://www.eclore.se/de/blogs/nyheter/hudvardspaket-man
gid://shopify/Article/1001429303626,ARTICLE,body_html,de,https://www.eclore.se/blogs/nyheter/hudvardsrutin-man,https://www.eclore.se/de/blogs/nyheter/hudvardsrutin-man
gid://shopify/Article/1001429303626,ARTICLE,body_html,de,https://www.eclore.se/blogs/nyheter/ansiktsvard-set-herr,https://www.eclore.se/de/blogs/nyheter/ansiktsvard-set-herr
gid://shopify/Article/1001429303626,ARTICLE,body_html,fi,https://www.eclore.se/blogs/nyheter/hudvardspaket-man,https://www.eclore.se/fi/blogs/nyheter/hudvardspaket-man
gid://shopify/Article/1001429303626,ARTICLE,body_html,fi,https://www.eclore.se/blogs/nyheter/hudvardsrutin-man,https://www.eclore.se/fi/blogs/nyheter/hudvardsrutin-man
gid://shopify/Article/1001429303626,ARTICLE,body_html,fi,https://www.eclore.se/blogs/nyheter/ansiktsvard-set-herr,https://www.eclore.se/fi/blogs/nyheter/ansiktsvard-set-herr
gid://shopify/Article/1001446703434,ARTICLE,body_html,de,https://www.eclore.se/products/nurme-shea-body-butter-intensiv-kroppskram-torr-hud,https://www.eclore.se/de/products/nurme-shea-body-butter-intensiv-kroppskram-torr-hud
gid://shopify/Article/1001446703434,ARTICLE,body_html,de,https://www.eclore.se/products/kroppskram-torr-hud-honung-sheasmor,https://www.eclore.se/de/products/kroppskram-torr-hud-honung-sheasmor
gid://shopify/Article/1001446703434,ARTICLE,body_html,de,https://www.eclore.se/products/naturlig-kroppskram-aterfuktande-kanslig-hud,https://www.eclore.se/de/products/naturlig-kroppskram-aterfuktande-kanslig-hud
gid://shopify/Article/1001446703434,ARTICLE,body_html,de,https://www.eclore.se/collections/body-cream,https://www.eclore.se/de/collections/body-cream
gid://shopify/Article/1001446703434,ARTICLE,body_html,de,https://www.eclore.se/blogs/nyheter/rekommenderad-kroppskram,https://www.eclore.se/de/blogs/nyheter/rekommenderad-kroppskram
gid://shopify/Article/1001446703434,ARTICLE,body_html,de,https://www.eclore.se/collections/bodyscrub,https://www.eclore.se/de/collections/bodyscrub
gid://shopify/Article/1001446703434,ARTICLE,body_html,de,https://www.eclore.se/collections/kroppsvard,https://www.eclore.se/de/collections/kroppsvard
gid://shopify/Article/1001446703434,ARTICLE,body_html,de,https://www.eclore.se/blogs/nyheter/body-cream-vs-lotion,https://www.eclore.se/de/blogs/nyheter/body-cream-vs-lotion
gid://shopify/Article/1001446703434,ARTICLE,body_html,de,https://www.eclore.se/collections/body-cream,https://www.eclore.se/de/collections/body-cream
gid://shopify/Article/1001446703434,ARTICLE,body_html,fi,https://www.eclore.se/products/nurme-shea-body-butter-intensiv-kroppskram-torr-hud,https://www.eclore.se/fi/products/nurme-shea-body-butter-intensiv-kroppskram-torr-hud
gid://shopify/Article/1001446703434,ARTICLE,body_html,fi,https://www.eclore.se/products/kroppskram-torr-hud-honung-sheasmor,https://www.eclore.se/fi/products/kroppskram-torr-hud-honung-sheasmor
gid://shopify/Article/1001446703434,ARTICLE,body_html,fi,https://www.eclore.se/products/naturlig-kroppskram-aterfuktande-kanslig-hud,https://www.eclore.se/fi/products/naturlig-kroppskram-aterfuktande-kanslig-hud
gid://shopify/Article/1001446703434,ARTICLE,body_html,fi,https://www.eclore.se/collections/body-cream,https://www.eclore.se/fi/collections/body-cream
gid://shopify/Article/1001446703434,ARTICLE,body_html,fi,https://www.eclore.se/blogs/nyheter/rekommenderad-kroppskram,https://www.eclore.se/fi/blogs/nyheter/rekommenderad-kroppskram
gid://shopify/Article/1001446703434,ARTICLE,body_html,fi,https://www.eclore.se/collections/bodyscrub,https://www.eclore.se/fi/collections/bodyscrub
gid://shopify/Article/1001446703434,ARTICLE,body_html,fi,https://www.eclore.se/collections/kroppsvard,https://www.eclore.se/fi/collections/kroppsvard
gid://shopify/Article/1001446703434,ARTICLE,body_html,fi,https://www.eclore.se/blogs/nyheter/body-cream-vs-lotion,https://www.eclore.se/fi/blogs/nyheter/body-cream-vs-lotion
gid://shopify/Article/1001446703434,ARTICLE,body_html,fi,https://www.eclore.se/collections/body-cream,https://www.eclore.se/fi/collections/body-cream
gid://shopify/Article/1001486385482,ARTICLE,body_html,de,https://www.eclore.se/collections/ansiktsvard,https://www.eclore.se/de/collections/ansiktsvard
gid://shopify/Article/1001486385482,ARTICLE,body_html,de,https://www.eclore.se/collections/ansiktsrengoring,https://www.eclore.se/de/collections/ansiktsrengoring
gid://shopify/Article/1001486385482,ARTICLE,body_html,fi,https://www.eclore.se/collections/ansiktsvard,https://www.eclore.se/fi/collections/ansiktsvard
gid://shopify/Article/1001486385482,ARTICLE,body_html,fi,https://www.eclore.se/collections/ansiktsrengoring,https://www.eclore.se/fi/collections/ansiktsrengoring
gid://shopify/Article/1001532686666,ARTICLE,body_html,de,https://www.eclore.se/products/naturlig-dagkram-torr-kanslig-hud-anti-age,https://www.eclore.se/de/products/naturlig-dagkram-torr-kanslig-hud-anti-age
gid://shopify/Article/1001532686666,ARTICLE,body_html,de,https://www.eclore.se/products/tilk-ureakram-aterfuktande-kanslig-torr-hud,https://www.eclore.se/de/products/tilk-ureakram-aterfuktande-kanslig-torr-hud
gid://shopify/Article/1001532686666,ARTICLE,body_html,de,https://www.eclore.se/products/moisturising-day-cream,https://www.eclore.se/de/products/moisturising-day-cream
gid://shopify/Article/1001532686666,ARTICLE,body_html,de,https://www.eclore.se/products/moisturizing-neroli-day-cream-50ml,https://www.eclore.se/de/products/moisturizing-neroli-day-cream-50ml
gid://shopify/Article/1001532686666,ARTICLE,body_html,de,https://www.eclore.se/products/naturlig-ansiktskram-gullviva-daggkapa,https://www.eclore.se/de/products/naturlig-ansiktskram-gullviva-daggkapa
gid://shopify/Article/1001532686666,ARTICLE,body_html,de,https://www.eclore.se/products/ansiktskram-niacinamid-hyaluronsyra-naturlig,https://www.eclore.se/de/products/ansiktskram-niacinamid-hyaluronsyra-naturlig
gid://shopify/Article/1001532686666,ARTICLE,body_html,de,https://www.eclore.se/collections/ansiktskram,https://www.eclore.se/de/collections/ansiktskram
gid://shopify/Article/1001532686666,ARTICLE,body_html,fi,https://www.eclore.se/products/naturlig-dagkram-torr-kanslig-hud-anti-age,https://www.eclore.se/fi/products/naturlig-dagkram-torr-kanslig-hud-anti-age
gid://shopify/Article/1001532686666,ARTICLE,body_html,fi,https://www.eclore.se/products/tilk-ureakram-aterfuktande-kanslig-torr-hud,https://www.eclore.se/fi/products/tilk-ureakram-aterfuktande-kanslig-torr-hud
gid://shopify/Article/1001532686666,ARTICLE,body_html,fi,https://www.eclore.se/products/moisturising-day-cream,https://www.eclore.se/fi/products/moisturising-day-cream
gid://shopify/Article/1001532686666,ARTICLE,body_html,fi,https://www.eclore.se/products/moisturizing-neroli-day-cream-50ml,https://www.eclore.se/fi/products/moisturizing-neroli-day-cream-50ml
gid://shopify/Article/1001532686666,ARTICLE,body_html,fi,https://www.eclore.se/products/naturlig-ansiktskram-gullviva-daggkapa,https://www.eclore.se/fi/products/naturlig-ansiktskram-gullviva-daggkapa
gid://shopify/Article/1001532686666,ARTICLE,body_html,fi,https://www.eclore.se/products/ansiktskram-niacinamid-hyaluronsyra-naturlig,https://www.eclore.se/fi/products/ansiktskram-niacinamid-hyaluronsyra-naturlig
gid://shopify/Article/1001532686666,ARTICLE,body_html,fi,https://www.eclore.se/collections/ansiktskram,https://www.eclore.se/fi/collections/ansiktskram
gid://shopify/Article/1001575481674,ARTICLE,body_html,de,https://www.eclore.se/blogs/nyheter/kanslig-hud,https://www.eclore.se/de/blogs/nyheter/kanslig-hud
gid://shopify/Article/1001575481674,ARTICLE,body_html,de,https://www.eclore.se/blogs/nyheter/ekologisk-hudvard,https://www.eclore.se/de/blogs/nyheter/ekologisk-hudvard
gid://shopify/Article/1001575481674,ARTICLE,body_html,de,https://www.eclore.se/blogs/nyheter/naturlig-hudvard-utan-kemikalier,https://www.eclore.se/de/blogs/nyheter/naturlig-hudvard-utan-kemikalier
gid://shopify/Article/1001575481674,ARTICLE,body_html,fi,https://www.eclore.se/blogs/nyheter/kanslig-hud,https://www.eclore.se/fi/blogs/nyheter/kanslig-hud
gid://shopify/Article/1001575481674,ARTICLE,body_html,fi,https://www.eclore.se/blogs/nyheter/ekologisk-hudvard,https://www.eclore.se/fi/blogs/nyheter/ekologisk-hudvard
gid://shopify/Article/1001575481674,ARTICLE,body_html,fi,https://www.eclore.se/blogs/nyheter/naturlig-hudvard-utan-kemikalier,https://www.eclore.se/fi/blogs/nyheter/naturlig-hudvard-utan-kemikalier
gid://shopify/Article/1001577414986,ARTICLE,body_html,de,https://www.eclore.se/collections/eclore,https://www.eclore.se/de/collections/eclore
gid://shopify/Article/1001577414986,ARTICLE,body_html,fi,https://www.eclore.se/collections/eclore,https://www.eclore.se/fi/collections/eclore
gid://shopify/Article/1001582952778,ARTICLE,body_html,de,https://www.eclore.se/collections/serum,https://www.eclore.se/de/collections/serum
gid://shopify/Article/1001582952778,ARTICLE,body_html,de,https://www.eclore.se/collections/vitamin-c,https://www.eclore.se/de/collections/vitamin-c
gid://shopify/Article/1001582952778,ARTICLE,body_html,de,https://www.eclore.se/collections/hudvard-1,https://www.eclore.se/de/collections/hudvard-1
gid://shopify/Article/1001582952778,ARTICLE,body_html,fi,https://www.eclore.se/collections/serum,https://www.eclore.se/fi/collections/serum
gid://shopify/Article/1001582952778,ARTICLE,body_html,fi,https://www.eclore.se/collections/vitamin-c,https://www.eclore.se/fi/collections/vitamin-c
gid://shopify/Article/1001582952778,ARTICLE,body_html,fi,https://www.eclore.se/collections/hudvard-1,https://www.eclore.se/fi/collections/hudvard-1
gid://shopify/Article/1001717334346,ARTICLE,body_html,de,https://www.eclore.se/collections/kroppsvard,https://www.eclore.se/de/collections/kroppsvard
gid://shopify/Article/1001717334346,ARTICLE,body_html,de,https://www.eclore.se/collections/deodorant,https://www.eclore.se/de/collections/deodorant
gid://shopify/Article/1001717334346,ARTICLE,body_html,de,https://www.eclore.se/collections/kroppsvard,https://www.eclore.se/de/collections/kroppsvard
gid://shopify/Article/1001717334346,ARTICLE,body_html,de,https://www.eclore.se/collections/body-cream,https://www.eclore.se/de/collections/body-cream
gid://shopify/Article/1001717334346,ARTICLE,body_html,de,https://www.eclore.se/collections/bodyscrub,https://www.eclore.se/de/collections/bodyscrub
gid://shopify/Article/1001717334346,ARTICLE,body_html,de,https://www.eclore.se/collections/frontpage,https://www.eclore.se/de/collections/frontpage
gid://shopify/Article/1001717334346,ARTICLE,body_html,fi,https://www.eclore.se/collections/kroppsvard,https://www.eclore.se/fi/collections/kroppsvard
gid://shopify/Article/1001717334346,ARTICLE,body_html,fi,https://www.eclore.se/collections/deodorant,https://www.eclore.se/fi/collections/deodorant
gid://shopify/Article/1001717334346,ARTICLE,body_html,fi,https://www.eclore.se/collections/kroppsvard,https://www.eclore.se/fi/collections/kroppsvard
gid://shopify/Article/1001717334346,ARTICLE,body_html,fi,https://www.eclore.se/collections/body-cream,https://www.eclore.se/fi/collections/body-cream
gid://shopify/Article/1001717334346,ARTICLE,body_html,fi,https://www.eclore.se/collections/bodyscrub,https://www.eclore.se/fi/collections/bodyscrub
gid://shopify/Article/1001717334346,ARTICLE,body_html,fi,https://www.eclore.se/collections/frontpage,https://www.eclore.se/fi/collections/frontpage
gid://shopify/Article/1001727557962,ARTICLE,body_html,de,https://www.eclore.se/collections/kroppsvard,https://www.eclore.se/de/collections/kroppsvard
gid://shopify/Article/1001727557962,ARTICLE,body_html,de,https://www.eclore.se/collections/ansiktsvard,https://www.eclore.se/de/collections/ansiktsvard
gid://shopify/Article/1001727557962,ARTICLE,body_html,de,https://www.eclore.se/collections/ansiktsvard,https://www.eclore.se/de/collections/ansiktsvard
gid://shopify/Article/1001727557962,ARTICLE,body_html,de,https://www.eclore.se/collections/presentforpackningar,https://www.eclore.se/de/collections/presentforpackningar
gid://shopify/Article/1001727557962,ARTICLE,body_html,fi,https://www.eclore.se/collections/kroppsvard,https://www.eclore.se/fi/collections/kroppsvard
gid://shopify/Article/1001727557962,ARTICLE,body_html,fi,https://www.eclore.se/collections/ansiktsvard,https://www.eclore.se/fi/collections/ansiktsvard
gid://shopify/Article/1001727557962,ARTICLE,body_html,fi,https://www.eclore.se/collections/ansiktsvard,https://www.eclore.se/fi/collections/ansiktsvard
gid://shopify/Article/1001727557962,ARTICLE,body_html,fi,https://www.eclore.se/collections/presentforpackningar,https://www.eclore.se/fi/collections/presentforpackningar
gid://shopify/Article/1001799483722,ARTICLE,body_html,de,https://www.eclore.se/collections/ansiktsvard,https://www.eclore.se/de/collections/ansiktsvard
gid://shopify/Article/1001799483722,ARTICLE,body_html,de,https://www.eclore.se/collections/anti-age,https://www.eclore.se/de/collections/anti-age
gid://shopify/Article/1001799483722,ARTICLE,body_html,de,https://www.eclore.se/collections/toner,https://www.eclore.se/de/collections/toner
gid://shopify/Article/1001799483722,ARTICLE,body_html,de,https://www.eclore.se/collections/nattkram,https://www.eclore.se/de/collections/nattkram
gid://shopify/Article/1001799483722,ARTICLE,body_html,de,https://www.eclore.se/collections/serum,https://www.eclore.se/de/collections/serum
gid://shopify/Article/1001799483722,ARTICLE,body_html,de,https://www.eclore.se/collections/anti-age,https://www.eclore.se/de/collections/anti-age
gid://shopify/Article/1001799483722,ARTICLE,body_html,de,https://www.eclore.se/collections/kroppsvard,https://www.eclore.se/de/collections/kroppsvard
gid://shopify/Article/1001799483722,ARTICLE,body_html,de,https://www.eclore.se/collections/for-man,https://www.eclore.se/de/collections/for-man
gid://shopify/Article/1001799483722,ARTICLE,body_html,de,https://www.eclore.se/collections/ogonkram,https://www.eclore.se/de/collections/ogonkram
gid://shopify/Article/1001799483722,ARTICLE,body_html,fi,https://www.eclore.se/collections/ansiktsvard,https://www.eclore.se/fi/collections/ansiktsvard
gid://shopify/Article/1001799483722,ARTICLE,body_html,fi,https://www.eclore.se/collections/anti-age,https://www.eclore.se/fi/collections/anti-age
gid://shopify/Article/1001799483722,ARTICLE,body_html,fi,https://www.eclore.se/collections/toner,https://www.eclore.se/fi/collections/toner
gid://shopify/Article/1001799483722,ARTICLE,body_html,fi,https://www.eclore.se/collections/nattkram,https://www.eclore.se/fi/collections/nattkram
gid://shopify/Article/1001799483722,ARTICLE,body_html,fi,https://www.eclore.se/collections/serum,https://www.eclore.se/fi/collections/serum
gid://shopify/Article/1001799483722,ARTICLE,body_html,fi,https://www.eclore.se/collections/anti-age,https://www.eclore.se/fi/collections/anti-age
gid://shopify/Article/1001799483722,ARTICLE,body_html,fi,https://www.eclore.se/collections/kroppsvard,https://www.eclore.se/fi/collections/kroppsvard
gid://shopify/Article/1001799483722,ARTICLE,body_html,fi,https://www.eclore.se/collections/for-man,https://www.eclore.se/fi/collections/for-man
gid://shopify/Article/1001799483722,ARTICLE,body_html,fi,https://www.eclore.se/collections/ogonkram,https://www.eclore.se/fi/collections/ogonkram
gid://shopify/Article/1001818915146,ARTICLE,body_html,de,https://www.eclore.se/collections/sminkvaskor,https://www.eclore.se/de/collections/sminkvaskor
gid://shopify/Article/1001818915146,ARTICLE,body_html,de,https://www.eclore.se/collections/garbanota,https://www.eclore.se/de/collections/garbanota
gid://shopify/Article/1001818915146,ARTICLE,body_html,de,https://www.eclore.se/blogs/nyheter/sminkvaskor,https://www.eclore.se/de/blogs/nyheter/sminkvaskor
gid://shopify/Article/1001818915146,ARTICLE,body_html,de,https://www.eclore.se/collections/vendors?q=Zelma%20Kraft,https://www.eclore.se/de/collections/vendors?q=Zelma%20Kraft
gid://shopify/Article/1001818915146,ARTICLE,body_html,de,https://www.eclore.se/collections/garbanota,https://www.eclore.se/de/collections/garbanota
gid://shopify/Article/1001818915146,ARTICLE,body_html,fi,https://www.eclore.se/collections/sminkvaskor,https://www.eclore.se/fi/collections/sminkvaskor
gid://shopify/Article/1001818915146,ARTICLE,body_html,fi,https://www.eclore.se/collections/garbanota,https://www.eclore.se/fi/collections/garbanota
gid://shopify/Article/1001818915146,ARTICLE,body_html,fi,https://www.eclore.se/blogs/nyheter/sminkvaskor,https://www.eclore.se/fi/blogs/nyheter/sminkvaskor
gid://shopify/Article/1001818915146,ARTICLE,body_html,fi,https://www.eclore.se/collections/vendors?q=Zelma%20Kraft,https://www.eclore.se/fi/collections/vendors?q=Zelma%20Kraft
gid://shopify/Article/1001818915146,ARTICLE,body_html,fi,https://www.eclore.se/collections/garbanota,https://www.eclore.se/fi/collections/garbanota
gid://shopify/Article/1001843884362,ARTICLE,body_html,de,https://www.eclore.se/products/berrichi-aterfuktande-serum-hyaluronsyra-30ml,https://www.eclore.se/de/products/berrichi-aterfuktande-serum-hyaluronsyra-30ml
gid://shopify/Article/1001843884362,ARTICLE,body_html,de,https://www.eclore.se/products/luuv-bakuchiol-serum-anti-aging-retinol-alternativ,https://www.eclore.se/de/products/luuv-bakuchiol-serum-anti-aging-retinol-alternativ
gid://shopify/Article/1001843884362,ARTICLE,body_html,de,https://www.eclore.se/products/naturligt-anti-age-serum-bakuchiol-c-vitamin,https://www.eclore.se/de/products/naturligt-anti-age-serum-bakuchiol-c-vitamin
gid://shopify/Article/1001843884362,ARTICLE,body_html,de,https://www.eclore.se/blogs/nyheter/c-vitamin-serum-1,https://www.eclore.se/de/blogs/nyheter/c-vitamin-serum-1
gid://shopify/Article/1001843884362,ARTICLE,body_html,de,https://www.eclore.se/products/bioactive-prebiotics-jelly-serum,https://www.eclore.se/de/products/bioactive-prebiotics-jelly-serum
gid://shopify/Article/1001843884362,ARTICLE,body_html,de,https://www.eclore.se/blogs/nyheter/ekologisk-ansiktskram,https://www.eclore.se/de/blogs/nyheter/ekologisk-ansiktskram
gid://shopify/Article/1001843884362,ARTICLE,body_html,de,https://www.eclore.se/products/naturligt-anti-age-serum-bakuchiol-c-vitamin,https://www.eclore.se/de/products/naturligt-anti-age-serum-bakuchiol-c-vitamin
gid://shopify/Article/1001843884362,ARTICLE,body_html,de,https://www.eclore.se/products/hoia-bakuchiol-serum-vaxtretinol-anti-aging-ansiktsserum,https://www.eclore.se/de/products/hoia-bakuchiol-serum-vaxtretinol-anti-aging-ansiktsserum
gid://shopify/Article/1001843884362,ARTICLE,body_html,de,https://www.eclore.se/products/face-serum-med-hyaluronic-acid-30-ml,https://www.eclore.se/de/products/face-serum-med-hyaluronic-acid-30-ml
gid://shopify/Article/1001843884362,ARTICLE,body_html,fi,https://www.eclore.se/products/berrichi-aterfuktande-serum-hyaluronsyra-30ml,https://www.eclore.se/fi/products/berrichi-aterfuktande-serum-hyaluronsyra-30ml
gid://shopify/Article/1001843884362,ARTICLE,body_html,fi,https://www.eclore.se/products/luuv-bakuchiol-serum-anti-aging-retinol-alternativ,https://www.eclore.se/fi/products/luuv-bakuchiol-serum-anti-aging-retinol-alternativ
gid://shopify/Article/1001843884362,ARTICLE,body_html,fi,https://www.eclore.se/products/naturligt-anti-age-serum-bakuchiol-c-vitamin,https://www.eclore.se/fi/products/naturligt-anti-age-serum-bakuchiol-c-vitamin
gid://shopify/Article/1001843884362,ARTICLE,body_html,fi,https://www.eclore.se/blogs/nyheter/c-vitamin-serum-1,https://www.eclore.se/fi/blogs/nyheter/c-vitamin-serum-1
gid://shopify/Article/1001843884362,ARTICLE,body_html,fi,https://www.eclore.se/products/bioactive-prebiotics-jelly-serum,https://www.eclore.se/fi/products/bioactive-prebiotics-jelly-serum
gid://shopify/Article/1001843884362,ARTICLE,body_html,fi,https://www.eclore.se/blogs/nyheter/ekologisk-ansiktskram,https://www.eclore.se/fi/blogs/nyheter/ekologisk-ansiktskram
gid://shopify/Article/1001843884362,ARTICLE,body_html,fi,https://www.eclore.se/products/naturligt-anti-age-serum-bakuchiol-c-vitamin,https://www.eclore.se/fi/products/naturligt-anti-age-serum-bakuchiol-c-vitamin
gid://shopify/Article/1001843884362,ARTICLE,body_html,fi,https://www.eclore.se/products/hoia-bakuchiol-serum-vaxtretinol-anti-aging-ansiktsserum,https://www.eclore.se/fi/products/hoia-bakuchiol-serum-vaxtretinol-anti-aging-ansiktsserum
gid://shopify/Article/1001843884362,ARTICLE,body_html,fi,https://www.eclore.se/products/face-serum-med-hyaluronic-acid-30-ml,https://www.eclore.se/fi/products/face-serum-med-hyaluronic-acid-30-ml
gid://shopify/Article/1001882321226,ARTICLE,body_html,de,/products/bioactive-prebiotics-jelly-serum,/de/products/bioactive-prebiotics-jelly-serum
gid://shopify/Article/1001882321226,ARTICLE,body_html,de,/products/ansiktskram-med-ringblomma-och-nypon,/de/products/ansiktskram-med-ringblomma-och-nypon
gid://shopify/Article/1001882321226,ARTICLE,body_html,de,/products/biphasic-make-up-remover-fragrance-free,/de/products/biphasic-make-up-remover-fragrance-free
gid://shopify/Article/1001882321226,ARTICLE,body_html,de,/products/glycolic-acid-exfoliating-toner,/de/products/glycolic-acid-exfoliating-toner
gid://shopify/Article/1001882321226,ARTICLE,body_html,de,/products/vitamin-c-serum-1,/de/products/vitamin-c-serum-1
gid://shopify/Article/1001882321226,ARTICLE,body_html,de,/products/cowslip-primrose-lady-s-mantle-face-cream-relaxes-refreshes,/de/products/cowslip-primrose-lady-s-mantle-face-cream-relaxes-refreshes
gid://shopify/Article/1001882321226,ARTICLE,body_html,de,/products/retinol-alternative-moisturiser,/de/products/retinol-alternative-moisturiser
gid://shopify/Article/1001882321226,ARTICLE,body_html,de,/products/biolift-exoxome-hyaluronic-cream-cosmos-50-ml,/de/products/biolift-exoxome-hyaluronic-cream-cosmos-50-ml
gid://shopify/Article/1001882321226,ARTICLE,body_html,de,/products/nattkram-cosmos-50-ml,/de/products/nattkram-cosmos-50-ml
gid://shopify/Article/1001882321226,ARTICLE,body_html,de,/collections/ansiktsvard,/de/collections/ansiktsvard
gid://shopify/Article/1001882321226,ARTICLE,body_html,fi,/products/bioactive-prebiotics-jelly-serum,/fi/products/bioactive-prebiotics-jelly-serum
gid://shopify/Article/1001882321226,ARTICLE,body_html,fi,/products/ansiktskram-med-ringblomma-och-nypon,/fi/products/ansiktskram-med-ringblomma-och-nypon
gid://shopify/Article/1001882321226,ARTICLE,body_html,fi,/products/biphasic-make-up-remover-fragrance-free,/fi/products/biphasic-make-up-remover-fragrance-free
gid://shopify/Article/1001882321226,ARTICLE,body_html,fi,/products/glycolic-acid-exfoliating-toner,/fi/products/glycolic-acid-exfoliating-toner
gid://shopify/Article/1001882321226,ARTICLE,body_html,fi,/products/vitamin-c-serum-1,/fi/products/vitamin-c-serum-1
gid://shopify/Article/1001882321226,ARTICLE,body_html,fi,/products/cowslip-primrose-lady-s-mantle-face-cream-relaxes-refreshes,/fi/products/cowslip-primrose-lady-s-mantle-face-cream-relaxes-refreshes
gid://shopify/Article/1001882321226,ARTICLE,body_html,fi,/products/retinol-alternative-moisturiser,/fi/products/retinol-alternative-moisturiser
gid://shopify/Article/1001882321226,ARTICLE,body_html,fi,/products/biolift-exoxome-hyaluronic-cream-cosmos-50-ml,/fi/products/biolift-exoxome-hyaluronic-cream-cosmos-50-ml
gid://shopify/Article/1001882321226,ARTICLE,body_html,fi,/products/nattkram-cosmos-50-ml,/fi/products/nattkram-cosmos-50-ml
gid://shopify/Article/1001882321226,ARTICLE,body_html,fi,/collections/ansiktsvard,/fi/collections/ansiktsvard
gid://shopify/Article/1002444882250,ARTICLE,body_html,de,https://www.eclore.se/collections/vitamin-c,https://www.eclore.se/de/collections/vitamin-c
gid://shopify/Article/1002444882250,ARTICLE,body_html,de,https://www.eclore.se/blogs/nyheter/acne,https://www.eclore.se/de/blogs/nyheter/acne
gid://shopify/Article/1002444882250,ARTICLE,body_html,de,https://www.eclore.se/collections/ansiktskram,https://www.eclore.se/de/collections/ansiktskram
gid://shopify/Article/1002444882250,ARTICLE,body_html,fi,https://www.eclore.se/collections/vitamin-c,https://www.eclore.se/fi/collections/vitamin-c
gid://shopify/Article/1002444882250,ARTICLE,body_html,fi,https://www.eclore.se/blogs/nyheter/acne,https://www.eclore.se/fi/blogs/nyheter/acne
gid://shopify/Article/1002444882250,ARTICLE,body_html,fi,https://www.eclore.se/collections/ansiktskram,https://www.eclore.se/fi/collections/ansiktskram
gid://shopify/Article/1002464149834,ARTICLE,body_html,de,https://www.eclore.se/products/aha-peeling-concentrate,https://www.eclore.se/de/products/aha-peeling-concentrate
gid://shopify/Article/1002464149834,ARTICLE,body_html,de,https://www.eclore.se/blogs/nyheter/torr-i-huden,https://www.eclore.se/de/blogs/nyheter/torr-i-huden
gid://shopify/Article/1002464149834,ARTICLE,body_html,de,https://www.eclore.se/blogs/nyheter/ansiktskram-kanslig-hud,https://www.eclore.se/de/blogs/nyheter/ansiktskram-kanslig-hud
gid://shopify/Article/1002464149834,ARTICLE,body_html,de,https://www.eclore.se/collections/brun-utan-sol-ansikte,https://www.eclore.se/de/collections/brun-utan-sol-ansikte
gid://shopify/Article/1002464149834,ARTICLE,body_html,fi,https://www.eclore.se/products/aha-peeling-concentrate,https://www.eclore.se/fi/products/aha-peeling-concentrate
gid://shopify/Article/1002464149834,ARTICLE,body_html,fi,https://www.eclore.se/blogs/nyheter/torr-i-huden,https://www.eclore.se/fi/blogs/nyheter/torr-i-huden
gid://shopify/Article/1002464149834,ARTICLE,body_html,fi,https://www.eclore.se/blogs/nyheter/ansiktskram-kanslig-hud,https://www.eclore.se/fi/blogs/nyheter/ansiktskram-kanslig-hud
gid://shopify/Article/1002464149834,ARTICLE,body_html,fi,https://www.eclore.se/collections/brun-utan-sol-ansikte,https://www.eclore.se/fi/collections/brun-utan-sol-ansikte
gid://shopify/Article/1002489020746,ARTICLE,body_html,de,https://www.eclore.se/products/rainforest-omega-rich-oil-serum-30ml,https://www.eclore.se/de/products/rainforest-omega-rich-oil-serum-30ml
gid://shopify/Article/1002489020746,ARTICLE,body_html,de,https://www.eclore.se/products/anti-age-day-cream-50-ml,https://www.eclore.se/de/products/anti-age-day-cream-50-ml
gid://shopify/Article/1002489020746,ARTICLE,body_html,fi,https://www.eclore.se/products/rainforest-omega-rich-oil-serum-30ml,https://www.eclore.se/fi/products/rainforest-omega-rich-oil-serum-30ml
gid://shopify/Article/1002489020746,ARTICLE,body_html,fi,https://www.eclore.se/products/anti-age-day-cream-50-ml,https://www.eclore.se/fi/products/anti-age-day-cream-50-ml
gid://shopify/Article/1002530963786,ARTICLE,body_html,de,https://www.eclore.se/collections/glow,https://www.eclore.se/de/collections/glow
gid://shopify/Article/1002530963786,ARTICLE,body_html,de,https://www.eclore.se/blogs/nyheter/vegansk-cruelty-free-hudvard,https://www.eclore.se/de/blogs/nyheter/vegansk-cruelty-free-hudvard
gid://shopify/Article/1002530963786,ARTICLE,body_html,fi,https://www.eclore.se/collections/glow,https://www.eclore.se/fi/collections/glow
gid://shopify/Article/1002530963786,ARTICLE,body_html,fi,https://www.eclore.se/blogs/nyheter/vegansk-cruelty-free-hudvard,https://www.eclore.se/fi/blogs/nyheter/vegansk-cruelty-free-hudvard
gid://shopify/Article/1002549870922,ARTICLE,body_html,de,https://www.eclore.se/products/nourishing-and-protecting-honey-body-cream-200ml,https://www.eclore.se/de/products/nourishing-and-protecting-honey-body-cream-200ml
gid://shopify/Article/1002549870922,ARTICLE,body_html,de,https://www.eclore.se/collections/brun-utan-sol-kropp,https://www.eclore.se/de/collections/brun-utan-sol-kropp
gid://shopify/Article/1002549870922,ARTICLE,body_html,de,https://www.eclore.se/collections/bodyscrub,https://www.eclore.se/de/collections/bodyscrub
gid://shopify/Article/1002549870922,ARTICLE,body_html,de,https://www.eclore.se/collections/bodyscrub,https://www.eclore.se/de/collections/bodyscrub
gid://shopify/Article/1002549870922,ARTICLE,body_html,fi,https://www.eclore.se/products/nourishing-and-protecting-honey-body-cream-200ml,https://www.eclore.se/fi/products/nourishing-and-protecting-honey-body-cream-200ml
gid://shopify/Article/1002549870922,ARTICLE,body_html,fi,https://www.eclore.se/collections/brun-utan-sol-kropp,https://www.eclore.se/fi/collections/brun-utan-sol-kropp
gid://shopify/Article/1002549870922,ARTICLE,body_html,fi,https://www.eclore.se/collections/bodyscrub,https://www.eclore.se/fi/collections/bodyscrub
gid://shopify/Article/1002549870922,ARTICLE,body_html,fi,https://www.eclore.se/collections/bodyscrub,https://www.eclore.se/fi/collections/bodyscrub
gid://shopify/Article/1002570285386,ARTICLE,body_html,de,https://www.eclore.se/products/serum-30ml,https://www.eclore.se/de/products/serum-30ml
gid://shopify/Article/1002570285386,ARTICLE,body_html,de,https://www.eclore.se/products/moisturising-day-cream,https://www.eclore.se/de/products/moisturising-day-cream
gid://shopify/Article/1002570285386,ARTICLE,body_html,de,https://www.eclore.se/blogs/nyheter/ekologisk-hudvardsterapeut,https://www.eclore.se/de/blogs/nyheter/ekologisk-hudvardsterapeut
gid://shopify/Article/1002570285386,ARTICLE,body_html,fi,https://www.eclore.se/products/serum-30ml,https://www.eclore.se/fi/products/serum-30ml
gid://shopify/Article/1002570285386,ARTICLE,body_html,fi,https://www.eclore.se/products/moisturising-day-cream,https://www.eclore.se/fi/products/moisturising-day-cream
gid://shopify/Article/1002570285386,ARTICLE,body_html,fi,https://www.eclore.se/blogs/nyheter/ekologisk-hudvardsterapeut,https://www.eclore.se/fi/blogs/nyheter/ekologisk-hudvardsterapeut
gid://shopify/Article/1002593419594,ARTICLE,body_html,de,https://www.eclore.se/blogs/nyheter/c-glow-vitamin-c,https://www.eclore.se/de/blogs/nyheter/c-glow-vitamin-c
gid://shopify/Article/1002593419594,ARTICLE,body_html,de,https://www.eclore.se/blogs/nyheter/hudvard-kanslig-hud,https://www.eclore.se/de/blogs/nyheter/hudvard-kanslig-hud
gid://shopify/Article/1002593419594,ARTICLE,body_html,de,https://www.eclore.se/products/face-serum-med-hyaluronic-acid-30-ml,https://www.eclore.se/de/products/face-serum-med-hyaluronic-acid-30-ml
gid://shopify/Article/1002593419594,ARTICLE,body_html,fi,https://www.eclore.se/blogs/nyheter/c-glow-vitamin-c,https://www.eclore.se/fi/blogs/nyheter/c-glow-vitamin-c
gid://shopify/Article/1002593419594,ARTICLE,body_html,fi,https://www.eclore.se/blogs/nyheter/hudvard-kanslig-hud,https://www.eclore.se/fi/blogs/nyheter/hudvard-kanslig-hud
gid://shopify/Article/1002593419594,ARTICLE,body_html,fi,https://www.eclore.se/products/face-serum-med-hyaluronic-acid-30-ml,https://www.eclore.se/fi/products/face-serum-med-hyaluronic-acid-30-ml
gid://shopify/Article/1002616258890,ARTICLE,body_html,fi,https://www.eclore.se/blogs/nyheter/hud-torr,https://www.eclore.se/fi/blogs/nyheter/hud-torr
gid://shopify/Article/1002616258890,ARTICLE,body_html,fi,https://www.eclore.se/blogs/nyheter/skadad-hudbarriar,https://www.eclore.se/fi/blogs/nyheter/skadad-hudbarriar
gid://shopify/Article/1002616258890,ARTICLE,body_html,fi,https://www.eclore.se/blogs/nyheter/sa-kombinerar-du-serum-ratt,https://www.eclore.se/fi/blogs/nyheter/sa-kombinerar-du-serum-ratt
gid://shopify/Article/1002616258890,ARTICLE,body_html,fi,https://www.eclore.se/collections/toner,https://www.eclore.se/fi/collections/toner
gid://shopify/Article/1002626711882,ARTICLE,body_html,de,https://www.eclore.se/blogs/nyheter/skincare-vegansk,https://www.eclore.se/de/blogs/nyheter/skincare-vegansk
gid://shopify/Article/1002626711882,ARTICLE,body_html,de,https://www.eclore.se/blogs/nyheter/hudvard-torr-hud,https://www.eclore.se/de/blogs/nyheter/hudvard-torr-hud
gid://shopify/Article/1002626711882,ARTICLE,body_html,de,https://www.eclore.se/blogs/nyheter/ansikts-peeling,https://www.eclore.se/de/blogs/nyheter/ansikts-peeling
gid://shopify/Article/1002626711882,ARTICLE,body_html,fi,https://www.eclore.se/blogs/nyheter/skincare-vegansk,https://www.eclore.se/fi/blogs/nyheter/skincare-vegansk
gid://shopify/Article/1002626711882,ARTICLE,body_html,fi,https://www.eclore.se/blogs/nyheter/hudvard-torr-hud,https://www.eclore.se/fi/blogs/nyheter/hudvard-torr-hud
gid://shopify/Article/1002626711882,ARTICLE,body_html,fi,https://www.eclore.se/blogs/nyheter/ansikts-peeling,https://www.eclore.se/fi/blogs/nyheter/ansikts-peeling
gid://shopify/Article/1002656104778,ARTICLE,body_html,de,https://www.eclore.se/products/cleansing-foam-for-normal-skin-200-ml,https://www.eclore.se/de/products/cleansing-foam-for-normal-skin-200-ml
gid://shopify/Article/1002656104778,ARTICLE,body_html,de,https://www.eclore.se/blogs/nyheter/c-vitamin-hud,https://www.eclore.se/de/blogs/nyheter/c-vitamin-hud
gid://shopify/Article/1002656104778,ARTICLE,body_html,de,https://www.eclore.se/collections/eclore,https://www.eclore.se/de/collections/eclore
gid://shopify/Article/1002656104778,ARTICLE,body_html,fi,https://www.eclore.se/products/cleansing-foam-for-normal-skin-200-ml,https://www.eclore.se/fi/products/cleansing-foam-for-normal-skin-200-ml
gid://shopify/Article/1002656104778,ARTICLE,body_html,fi,https://www.eclore.se/blogs/nyheter/c-vitamin-hud,https://www.eclore.se/fi/blogs/nyheter/c-vitamin-hud
gid://shopify/Article/1002656104778,ARTICLE,body_html,fi,https://www.eclore.se/collections/eclore,https://www.eclore.se/fi/collections/eclore
gid://shopify/Article/1002678813002,ARTICLE,body_html,de,https://www.eclore.se/blogs/nyheter/torr-hud,https://www.eclore.se/de/blogs/nyheter/torr-hud
gid://shopify/Article/1002678813002,ARTICLE,body_html,de,https://www.eclore.se/blogs/nyheter/glow-hudvard,https://www.eclore.se/de/blogs/nyheter/glow-hudvard
gid://shopify/Article/1002678813002,ARTICLE,body_html,de,https://www.eclore.se/products/biphasic-make-up-remover-fragrance-free,https://www.eclore.se/de/products/biphasic-make-up-remover-fragrance-free
gid://shopify/Article/1002678813002,ARTICLE,body_html,fi,https://www.eclore.se/blogs/nyheter/torr-hud,https://www.eclore.se/fi/blogs/nyheter/torr-hud
gid://shopify/Article/1002678813002,ARTICLE,body_html,fi,https://www.eclore.se/blogs/nyheter/glow-hudvard,https://www.eclore.se/fi/blogs/nyheter/glow-hudvard
gid://shopify/Article/1002678813002,ARTICLE,body_html,fi,https://www.eclore.se/products/biphasic-make-up-remover-fragrance-free,https://www.eclore.se/fi/products/biphasic-make-up-remover-fragrance-free
gid://shopify/Article/1002707419466,ARTICLE,body_html,de,https://www.eclore.se/blogs/nyheter/ansiktskram-naturlig,https://www.eclore.se/de/blogs/nyheter/ansiktskram-naturlig
gid://shopify/Article/1002707419466,ARTICLE,body_html,de,https://www.eclore.se/collections/kroppsvard,https://www.eclore.se/de/collections/kroppsvard
gid://shopify/Article/1002707419466,ARTICLE,body_html,de,https://www.eclore.se/blogs/nyheter/toner-hudvard,https://www.eclore.se/de/blogs/nyheter/toner-hudvard
gid://shopify/Article/1002725048650,ARTICLE,body_html,de,https://www.eclore.se/blogs/nyheter/hudvard-med-naturliga-ingredienser,https://www.eclore.se/de/blogs/nyheter/hudvard-med-naturliga-ingredienser
gid://shopify/Article/1002725048650,ARTICLE,body_html,de,https://www.eclore.se/blogs/nyheter/hudvard-torr-hud,https://www.eclore.se/de/blogs/nyheter/hudvard-torr-hud
gid://shopify/Article/1002725048650,ARTICLE,body_html,de,https://www.eclore.se/blogs/nyheter/vitamin-c-hudvard,https://www.eclore.se/de/blogs/nyheter/vitamin-c-hudvard
gid://shopify/Article/1002725048650,ARTICLE,body_html,fi,https://www.eclore.se/blogs/nyheter/hudvard-med-naturliga-ingredienser,https://www.eclore.se/fi/blogs/nyheter/hudvard-med-naturliga-ingredienser
gid://shopify/Article/1002725048650,ARTICLE,body_html,fi,https://www.eclore.se/blogs/nyheter/hudvard-torr-hud,https://www.eclore.se/fi/blogs/nyheter/hudvard-torr-hud
gid://shopify/Article/1002725048650,ARTICLE,body_html,fi,https://www.eclore.se/blogs/nyheter/vitamin-c-hudvard,https://www.eclore.se/fi/blogs/nyheter/vitamin-c-hudvard
gid://shopify/Article/1002727178570,ARTICLE,body_html,de,https://www.eclore.se/blogs/nyheter/fukt-kram,https://www.eclore.se/de/blogs/nyheter/fukt-kram
gid://shopify/Article/1002727178570,ARTICLE,body_html,fi,https://www.eclore.se/blogs/nyheter/fukt-kram,https://www.eclore.se/fi/blogs/nyheter/fukt-kram
gid://shopify/Article/1002772463946,ARTICLE,body_html,de,https://www.eclore.se/products/face-tonic-juniper,https://www.eclore.se/de/products/face-tonic-juniper
gid://shopify/Article/1002772463946,ARTICLE,body_html,de,https://www.eclore.se/collections/ansiktsvard,https://www.eclore.se/de/collections/ansiktsvard
gid://shopify/Article/1002772463946,ARTICLE,body_html,de,https://www.eclore.se/collections/body-cream,https://www.eclore.se/de/collections/body-cream
gid://shopify/Article/1002772463946,ARTICLE,body_html,fi,https://www.eclore.se/products/face-tonic-juniper,https://www.eclore.se/fi/products/face-tonic-juniper
gid://shopify/Article/1002772463946,ARTICLE,body_html,fi,https://www.eclore.se/collections/ansiktsvard,https://www.eclore.se/fi/collections/ansiktsvard
gid://shopify/Article/1002772463946,ARTICLE,body_html,fi,https://www.eclore.se/collections/body-cream,https://www.eclore.se/fi/collections/body-cream
gid://shopify/Article/1002774069578,ARTICLE,body_html,de,https://www.eclore.se/blogs/nyheter/fukt-kram,https://www.eclore.se/de/blogs/nyheter/fukt-kram
gid://shopify/Article/1002774069578,ARTICLE,body_html,fi,https://www.eclore.se/blogs/nyheter/fukt-kram,https://www.eclore.se/fi/blogs/nyheter/fukt-kram
gid://shopify/Article/1002795172170,ARTICLE,body_html,de,https://www.eclore.se/blogs/nyheter/dagkram,https://www.eclore.se/de/blogs/nyheter/dagkram
gid://shopify/Article/1002795172170,ARTICLE,body_html,de,https://www.eclore.se/blogs/nyheter/hur-rengor-man-ansiktet-ratt-en-komplett-guide-for-frisk-hud,https://www.eclore.se/de/blogs/nyheter/hur-rengor-man-ansiktet-ratt-en-komplett-guide-for-frisk-hud
gid://shopify/Article/1002795172170,ARTICLE,body_html,de,https://www.eclore.se/products/cleansing-foam-for-dry-skin-200-ml,https://www.eclore.se/de/products/cleansing-foam-for-dry-skin-200-ml
gid://shopify/Article/1002795172170,ARTICLE,body_html,fi,https://www.eclore.se/blogs/nyheter/dagkram,https://www.eclore.se/fi/blogs/nyheter/dagkram
gid://shopify/Article/1002795172170,ARTICLE,body_html,fi,https://www.eclore.se/blogs/nyheter/hur-rengor-man-ansiktet-ratt-en-komplett-guide-for-frisk-hud,https://www.eclore.se/fi/blogs/nyheter/hur-rengor-man-ansiktet-ratt-en-komplett-guide-for-frisk-hud
gid://shopify/Article/1002795172170,ARTICLE,body_html,fi,https://www.eclore.se/products/cleansing-foam-for-dry-skin-200-ml,https://www.eclore.se/fi/products/cleansing-foam-for-dry-skin-200-ml
gid://shopify/Article/1002847699274,ARTICLE,body_html,de,https://www.eclore.se/products/rainforest-omega-rich-beauty-balm-30ml,https://www.eclore.se/de/products/rainforest-omega-rich-beauty-balm-30ml
gid://shopify/Article/1002847699274,ARTICLE,body_html,de,https://www.eclore.se/products/antioxidantrikt-ansiktsserum,https://www.eclore.se/de/products/antioxidantrikt-ansiktsserum
gid://shopify/Article/1002847699274,ARTICLE,body_html,de,https://www.eclore.se/products/rhubarb-hair-mask-with-castor-oil-250-ml,https://www.eclore.se/de/products/rhubarb-hair-mask-with-castor-oil-250-ml
gid://shopify/Article/1002847699274,ARTICLE,body_html,de,https://www.eclore.se/products/meadow-flower-gentle-balm-to-milk-cleanser-50ml,https://www.eclore.se/de/products/meadow-flower-gentle-balm-to-milk-cleanser-50ml
gid://shopify/Article/1002847699274,ARTICLE,body_html,de,https://www.eclore.se/products/lavender-body-cream-200-g,https://www.eclore.se/de/products/lavender-body-cream-200-g
gid://shopify/Article/1002847699274,ARTICLE,body_html,de,https://www.eclore.se/products/nourishing-face-cream-50-ml,https://www.eclore.se/de/products/nourishing-face-cream-50-ml
gid://shopify/Article/1002847699274,ARTICLE,body_html,de,https://www.eclore.se/products/rose-micellar-water-200-ml,https://www.eclore.se/de/products/rose-micellar-water-200-ml
gid://shopify/Article/1002847699274,ARTICLE,body_html,de,https://www.eclore.se/products/soft-glow-radiant-exfoliating-jelly-50ml,https://www.eclore.se/de/products/soft-glow-radiant-exfoliating-jelly-50ml
gid://shopify/Article/1002847699274,ARTICLE,body_html,de,https://www.eclore.se/products/face-serum-med-hyaluronic-acid-30-ml,https://www.eclore.se/de/products/face-serum-med-hyaluronic-acid-30-ml
gid://shopify/Article/1002847699274,ARTICLE,body_html,fi,https://www.eclore.se/products/rainforest-omega-rich-beauty-balm-30ml,https://www.eclore.se/fi/products/rainforest-omega-rich-beauty-balm-30ml
gid://shopify/Article/1002847699274,ARTICLE,body_html,fi,https://www.eclore.se/products/antioxidantrikt-ansiktsserum,https://www.eclore.se/fi/products/antioxidantrikt-ansiktsserum
gid://shopify/Article/1002847699274,ARTICLE,body_html,fi,https://www.eclore.se/products/rhubarb-hair-mask-with-castor-oil-250-ml,https://www.eclore.se/fi/products/rhubarb-hair-mask-with-castor-oil-250-ml
gid://shopify/Article/1002847699274,ARTICLE,body_html,fi,https://www.eclore.se/products/meadow-flower-gentle-balm-to-milk-cleanser-50ml,https://www.eclore.se/fi/products/meadow-flower-gentle-balm-to-milk-cleanser-50ml
gid://shopify/Article/1002847699274,ARTICLE,body_html,fi,https://www.eclore.se/products/lavender-body-cream-200-g,https://www.eclore.se/fi/products/lavender-body-cream-200-g
gid://shopify/Article/1002847699274,ARTICLE,body_html,fi,https://www.eclore.se/products/nourishing-face-cream-50-ml,https://www.eclore.se/fi/products/nourishing-face-cream-50-ml
gid://shopify/Article/1002847699274,ARTICLE,body_html,fi,https://www.eclore.se/products/rose-micellar-water-200-ml,https://www.eclore.se/fi/products/rose-micellar-water-200-ml
gid://shopify/Article/1002847699274,ARTICLE,body_html,fi,https://www.eclore.se/products/soft-glow-radiant-exfoliating-jelly-50ml,https://www.eclore.se/fi/products/soft-glow-radiant-exfoliating-jelly-50ml
gid://shopify/Article/1002847699274,ARTICLE,body_html,fi,https://www.eclore.se/products/face-serum-med-hyaluronic-acid-30-ml,https://www.eclore.se/fi/products/face-serum-med-hyaluronic-acid-30-ml
gid://shopify/Article/1002897080650,ARTICLE,body_html,de,https://www.eclore.se/collections/harvard,https://www.eclore.se/de/collections/harvard
gid://shopify/Article/1002897080650,ARTICLE,body_html,fi,https://www.eclore.se/collections/harvard,https://www.eclore.se/fi/collections/harvard
gid://shopify/Article/1003099390282,ARTICLE,body_html,de,https://www.eclore.se/products/rose-micellar-water-200-ml,https://www.eclore.se/de/products/rose-micellar-water-200-ml
gid://shopify/Article/1003099390282,ARTICLE,body_html,de,https://www.eclore.se/products/antioxidantrikt-ansiktsserum,https://www.eclore.se/de/products/antioxidantrikt-ansiktsserum
gid://shopify/Article/1003099390282,ARTICLE,body_html,de,https://www.eclore.se/products/meadow-flower-gentle-balm-to-milk-cleanser-50ml,https://www.eclore.se/de/products/meadow-flower-gentle-balm-to-milk-cleanser-50ml
gid://shopify/Article/1003099390282,ARTICLE,body_html,de,https://www.eclore.se/products/face-serum-med-hyaluronic-acid-30-ml,https://www.eclore.se/de/products/face-serum-med-hyaluronic-acid-30-ml
gid://shopify/Article/1003099390282,ARTICLE,body_html,de,https://www.eclore.se/products/acne-care-face-cream-50-ml,https://www.eclore.se/de/products/acne-care-face-cream-50-ml
gid://shopify/Article/1003099390282,ARTICLE,body_html,de,https://www.eclore.se/products/rhubarb-hair-mask-with-castor-oil-250-ml,https://www.eclore.se/de/products/rhubarb-hair-mask-with-castor-oil-250-ml
gid://shopify/Article/1003099390282,ARTICLE,body_html,de,https://www.eclore.se/products/cleansing-foam-for-normal-skin-200-ml,https://www.eclore.se/de/products/cleansing-foam-for-normal-skin-200-ml
gid://shopify/Article/1003099390282,ARTICLE,body_html,de,https://www.eclore.se/products/moisturising-face-cream-50-ml,https://www.eclore.se/de/products/moisturising-face-cream-50-ml
gid://shopify/Article/1003099390282,ARTICLE,body_html,de,https://www.eclore.se/products/face-peel-50-ml,https://www.eclore.se/de/products/face-peel-50-ml
gid://shopify/Article/1003099390282,ARTICLE,body_html,de,https://www.eclore.se/products/vitamin-hand-och-body-lotion-med-havtorn-300ml,https://www.eclore.se/de/products/vitamin-hand-och-body-lotion-med-havtorn-300ml
gid://shopify/Article/1003099390282,ARTICLE,body_html,de,https://www.eclore.se/products/luxurious-peony-bath-bomb-with-vitamin-e-set-of-4-bombs,https://www.eclore.se/de/products/luxurious-peony-bath-bomb-with-vitamin-e-set-of-4-bombs
gid://shopify/Article/1003099390282,ARTICLE,body_html,de,https://www.eclore.se/products/nourishing-face-cream-50-ml,https://www.eclore.se/de/products/nourishing-face-cream-50-ml
gid://shopify/Article/1003099390282,ARTICLE,body_html,de,https://www.eclore.se/products/anti-age-face-cream-50-ml,https://www.eclore.se/de/products/anti-age-face-cream-50-ml
gid://shopify/Article/1003099390282,ARTICLE,body_html,fi,https://www.eclore.se/products/rose-micellar-water-200-ml,https://www.eclore.se/fi/products/rose-micellar-water-200-ml
gid://shopify/Article/1003099390282,ARTICLE,body_html,fi,https://www.eclore.se/products/antioxidantrikt-ansiktsserum,https://www.eclore.se/fi/products/antioxidantrikt-ansiktsserum
gid://shopify/Article/1003099390282,ARTICLE,body_html,fi,https://www.eclore.se/products/meadow-flower-gentle-balm-to-milk-cleanser-50ml,https://www.eclore.se/fi/products/meadow-flower-gentle-balm-to-milk-cleanser-50ml
gid://shopify/Article/1003099390282,ARTICLE,body_html,fi,https://www.eclore.se/products/face-serum-med-hyaluronic-acid-30-ml,https://www.eclore.se/fi/products/face-serum-med-hyaluronic-acid-30-ml
gid://shopify/Article/1003099390282,ARTICLE,body_html,fi,https://www.eclore.se/products/acne-care-face-cream-50-ml,https://www.eclore.se/fi/products/acne-care-face-cream-50-ml
gid://shopify/Article/1003099390282,ARTICLE,body_html,fi,https://www.eclore.se/products/rhubarb-hair-mask-with-castor-oil-250-ml,https://www.eclore.se/fi/products/rhubarb-hair-mask-with-castor-oil-250-ml
gid://shopify/Article/1003099390282,ARTICLE,body_html,fi,https://www.eclore.se/products/cleansing-foam-for-normal-skin-200-ml,https://www.eclore.se/fi/products/cleansing-foam-for-normal-skin-200-ml
gid://shopify/Article/1003099390282,ARTICLE,body_html,fi,https://www.eclore.se/products/moisturising-face-cream-50-ml,https://www.eclore.se/fi/products/moisturising-face-cream-50-ml
gid://shopify/Article/1003099390282,ARTICLE,body_html,fi,https://www.eclore.se/products/face-peel-50-ml,https://www.eclore.se/fi/products/face-peel-50-ml
gid://shopify/Article/1003099390282,ARTICLE,body_html,fi,https://www.eclore.se/products/vitamin-hand-och-body-lotion-med-havtorn-300ml,https://www.eclore.se/fi/products/vitamin-hand-och-body-lotion-med-havtorn-300ml
gid://shopify/Article/1003099390282,ARTICLE,body_html,fi,https://www.eclore.se/products/luxurious-peony-bath-bomb-with-vitamin-e-set-of-4-bombs,https://www.eclore.se/fi/products/luxurious-peony-bath-bomb-with-vitamin-e-set-of-4-bombs
gid://shopify/Article/1003099390282,ARTICLE,body_html,fi,https://www.eclore.se/products/nourishing-face-cream-50-ml,https://www.eclore.se/fi/products/nourishing-face-cream-50-ml
gid://shopify/Article/1003099390282,ARTICLE,body_html,fi,https://www.eclore.se/products/anti-age-face-cream-50-ml,https://www.eclore.se/fi/products/anti-age-face-cream-50-ml
gid://shopify/Article/1004009455946,ARTICLE,body_html,de,https://www.eclore.se/products/moringa-olja-ansikte-kallpressad-30ml,https://www.eclore.se/de/products/moringa-olja-ansikte-kallpressad-30ml
gid://shopify/Article/1004009455946,ARTICLE,body_html,de,https://www.eclore.se/products/kroppsolja-torr-hud-sheaolja-100ml,https://www.eclore.se/de/products/kroppsolja-torr-hud-sheaolja-100ml
gid://shopify/Article/1004009455946,ARTICLE,body_html,de,https://www.eclore.se/products/harserum-for-kluvna-toppar-50ml,https://www.eclore.se/de/products/harserum-for-kluvna-toppar-50ml
gid://shopify/Article/1004009455946,ARTICLE,body_html,de,https://www.eclore.se/collections/harolja,https://www.eclore.se/de/collections/harolja
gid://shopify/Article/1004009455946,ARTICLE,body_html,fi,https://www.eclore.se/products/moringa-olja-ansikte-kallpressad-30ml,https://www.eclore.se/fi/products/moringa-olja-ansikte-kallpressad-30ml
gid://shopify/Article/1004009455946,ARTICLE,body_html,fi,https://www.eclore.se/products/kroppsolja-torr-hud-sheaolja-100ml,https://www.eclore.se/fi/products/kroppsolja-torr-hud-sheaolja-100ml
gid://shopify/Article/1004009455946,ARTICLE,body_html,fi,https://www.eclore.se/products/harserum-for-kluvna-toppar-50ml,https://www.eclore.se/fi/products/harserum-for-kluvna-toppar-50ml
gid://shopify/Article/1004009455946,ARTICLE,body_html,fi,https://www.eclore.se/collections/harolja,https://www.eclore.se/fi/collections/harolja
gid://shopify/Article/1004009488714,ARTICLE,body_html,de,https://www.eclore.se/blogs/nyheter/torr-hud-sa-aterfuktar-du-huden-pa-djupet,https://www.eclore.se/de/blogs/nyheter/torr-hud-sa-aterfuktar-du-huden-pa-djupet
gid://shopify/Article/1004009488714,ARTICLE,body_html,de,https://www.eclore.se/collections/bodyscrub,https://www.eclore.se/de/collections/bodyscrub
gid://shopify/Article/1004009488714,ARTICLE,body_html,de,https://www.eclore.se/blogs/nyheter/body-cream-vs-lotion,https://www.eclore.se/de/blogs/nyheter/body-cream-vs-lotion
gid://shopify/Article/1004009488714,ARTICLE,body_html,de,https://www.eclore.se/collections/bodyscrub,https://www.eclore.se/de/collections/bodyscrub
gid://shopify/Article/1004009488714,ARTICLE,body_html,de,https://www.eclore.se/collections/body-cream,https://www.eclore.se/de/collections/body-cream
gid://shopify/Article/1004009488714,ARTICLE,body_html,fi,https://www.eclore.se/blogs/nyheter/torr-hud-sa-aterfuktar-du-huden-pa-djupet,https://www.eclore.se/fi/blogs/nyheter/torr-hud-sa-aterfuktar-du-huden-pa-djupet
gid://shopify/Article/1004009488714,ARTICLE,body_html,fi,https://www.eclore.se/collections/bodyscrub,https://www.eclore.se/fi/collections/bodyscrub
gid://shopify/Article/1004009488714,ARTICLE,body_html,fi,https://www.eclore.se/blogs/nyheter/body-cream-vs-lotion,https://www.eclore.se/fi/blogs/nyheter/body-cream-vs-lotion
gid://shopify/Article/1004009488714,ARTICLE,body_html,fi,https://www.eclore.se/collections/bodyscrub,https://www.eclore.se/fi/collections/bodyscrub
gid://shopify/Article/1004009488714,ARTICLE,body_html,fi,https://www.eclore.se/collections/body-cream,https://www.eclore.se/fi/collections/body-cream
gid://shopify/Article/1004010144074,ARTICLE,body_html,de,https://www.eclore.se/products/sensitive-skin-body-cream,https://www.eclore.se/de/products/sensitive-skin-body-cream
gid://shopify/Article/1004010144074,ARTICLE,body_html,de,https://www.eclore.se/products/nurme-shea-mandelkram-narande-fuktkram-torr-hanslig-hud,https://www.eclore.se/de/products/nurme-shea-mandelkram-narande-fuktkram-torr-hanslig-hud
gid://shopify/Article/1004010144074,ARTICLE,body_html,de,https://www.eclore.se/products/naturlig-kroppskram-aterfuktande-kanslig-hud,https://www.eclore.se/de/products/naturlig-kroppskram-aterfuktande-kanslig-hud
gid://shopify/Article/1004010144074,ARTICLE,body_html,de,https://www.eclore.se/collections/body-cream,https://www.eclore.se/de/collections/body-cream
gid://shopify/Article/1004010144074,ARTICLE,body_html,de,https://www.eclore.se/blogs/nyheter/rekommenderad-kroppskram,https://www.eclore.se/de/blogs/nyheter/rekommenderad-kroppskram
gid://shopify/Article/1004010144074,ARTICLE,body_html,fi,https://www.eclore.se/products/sensitive-skin-body-cream,https://www.eclore.se/fi/products/sensitive-skin-body-cream
gid://shopify/Article/1004010144074,ARTICLE,body_html,fi,https://www.eclore.se/products/nurme-shea-mandelkram-narande-fuktkram-torr-hanslig-hud,https://www.eclore.se/fi/products/nurme-shea-mandelkram-narande-fuktkram-torr-hanslig-hud
gid://shopify/Article/1004010144074,ARTICLE,body_html,fi,https://www.eclore.se/products/naturlig-kroppskram-aterfuktande-kanslig-hud,https://www.eclore.se/fi/products/naturlig-kroppskram-aterfuktande-kanslig-hud
gid://shopify/Article/1004010144074,ARTICLE,body_html,fi,https://www.eclore.se/collections/body-cream,https://www.eclore.se/fi/collections/body-cream
gid://shopify/Article/1004010144074,ARTICLE,body_html,fi,https://www.eclore.se/blogs/nyheter/rekommenderad-kroppskram,https://www.eclore.se/fi/blogs/nyheter/rekommenderad-kroppskram
gid://shopify/Article/1004012110154,ARTICLE,body_html,de,https://www.eclore.se/blogs/nyheter/ekologisk-hudvard,https://www.eclore.se/de/blogs/nyheter/ekologisk-hudvard
gid://shopify/Article/1004012110154,ARTICLE,body_html,de,https://www.eclore.se/blogs/nyheter/dusch-kram,https://www.eclore.se/de/blogs/nyheter/dusch-kram
gid://shopify/Article/1004012110154,ARTICLE,body_html,de,https://www.eclore.se/products/luuv-duschgel-morot-naturlig,https://www.eclore.se/de/products/luuv-duschgel-morot-naturlig
gid://shopify/Article/1004012110154,ARTICLE,body_html,de,https://www.eclore.se/products/luuv-exfolierande-duschgel-bambu-gront-te-200ml,https://www.eclore.se/de/products/luuv-exfolierande-duschgel-bambu-gront-te-200ml
gid://shopify/Article/1004012110154,ARTICLE,body_html,de,https://www.eclore.se/products/magrada-x-lauren-moisturizing-shower-gel-200ml,https://www.eclore.se/de/products/magrada-x-lauren-moisturizing-shower-gel-200ml
gid://shopify/Article/1004012110154,ARTICLE,body_html,de,https://www.eclore.se/products/magrada-duschgel-kanslig-hud-400ml,https://www.eclore.se/de/products/magrada-duschgel-kanslig-hud-400ml
gid://shopify/Article/1004012110154,ARTICLE,body_html,de,https://www.eclore.se/collections/duschkram,https://www.eclore.se/de/collections/duschkram
gid://shopify/Article/1004012110154,ARTICLE,body_html,de,https://www.eclore.se/blogs/nyheter/dusch-kram,https://www.eclore.se/de/blogs/nyheter/dusch-kram
gid://shopify/Article/1004012110154,ARTICLE,body_html,de,https://www.eclore.se/collections/barn,https://www.eclore.se/de/collections/barn
gid://shopify/Article/1004012110154,ARTICLE,body_html,de,https://www.eclore.se/collections/duschkram,https://www.eclore.se/de/collections/duschkram
gid://shopify/Article/1004012110154,ARTICLE,body_html,fi,https://www.eclore.se/blogs/nyheter/ekologisk-hudvard,https://www.eclore.se/fi/blogs/nyheter/ekologisk-hudvard
gid://shopify/Article/1004012110154,ARTICLE,body_html,fi,https://www.eclore.se/blogs/nyheter/dusch-kram,https://www.eclore.se/fi/blogs/nyheter/dusch-kram
gid://shopify/Article/1004012110154,ARTICLE,body_html,fi,https://www.eclore.se/products/luuv-duschgel-morot-naturlig,https://www.eclore.se/fi/products/luuv-duschgel-morot-naturlig
gid://shopify/Article/1004012110154,ARTICLE,body_html,fi,https://www.eclore.se/products/luuv-exfolierande-duschgel-bambu-gront-te-200ml,https://www.eclore.se/fi/products/luuv-exfolierande-duschgel-bambu-gront-te-200ml
gid://shopify/Article/1004012110154,ARTICLE,body_html,fi,https://www.eclore.se/products/magrada-x-lauren-moisturizing-shower-gel-200ml,https://www.eclore.se/fi/products/magrada-x-lauren-moisturizing-shower-gel-200ml
gid://shopify/Article/1004012110154,ARTICLE,body_html,fi,https://www.eclore.se/products/magrada-duschgel-kanslig-hud-400ml,https://www.eclore.se/fi/products/magrada-duschgel-kanslig-hud-400ml
gid://shopify/Article/1004012110154,ARTICLE,body_html,fi,https://www.eclore.se/collections/duschkram,https://www.eclore.se/fi/collections/duschkram
gid://shopify/Article/1004012110154,ARTICLE,body_html,fi,https://www.eclore.se/blogs/nyheter/dusch-kram,https://www.eclore.se/fi/blogs/nyheter/dusch-kram
gid://shopify/Article/1004012110154,ARTICLE,body_html,fi,https://www.eclore.se/collections/barn,https://www.eclore.se/fi/collections/barn
gid://shopify/Article/1004012110154,ARTICLE,body_html,fi,https://www.eclore.se/collections/duschkram,https://www.eclore.se/fi/collections/duschkram
gid://shopify/Article/1004220711242,ARTICLE,body_html,de,https://www.eclore.se/products/nurme-torvschampo-lugnande-harbotten-250ml,https://www.eclore.se/de/products/nurme-torvschampo-lugnande-harbotten-250ml
gid://shopify/Article/1004220711242,ARTICLE,body_html,de,https://www.eclore.se/products/schampo-kanslig-harbotten-naturligt-mild,https://www.eclore.se/de/products/schampo-kanslig-harbotten-naturligt-mild
gid://shopify/Article/1004220711242,ARTICLE,body_html,de,https://www.eclore.se/products/nurme-harbottenolja-rosmarin-harvaxt-100ml,https://www.eclore.se/de/products/nurme-harbottenolja-rosmarin-harvaxt-100ml
gid://shopify/Article/1004220711242,ARTICLE,body_html,de,https://www.eclore.se/collections/harbotten,https://www.eclore.se/de/collections/harbotten
gid://shopify/Article/1004220711242,ARTICLE,body_html,de,https://www.eclore.se/collections/harolja,https://www.eclore.se/de/collections/harolja
gid://shopify/Article/1004220711242,ARTICLE,body_html,fi,https://www.eclore.se/products/nurme-torvschampo-lugnande-harbotten-250ml,https://www.eclore.se/fi/products/nurme-torvschampo-lugnande-harbotten-250ml
gid://shopify/Article/1004220711242,ARTICLE,body_html,fi,https://www.eclore.se/products/schampo-kanslig-harbotten-naturligt-mild,https://www.eclore.se/fi/products/schampo-kanslig-harbotten-naturligt-mild
gid://shopify/Article/1004220711242,ARTICLE,body_html,fi,https://www.eclore.se/products/nurme-harbottenolja-rosmarin-harvaxt-100ml,https://www.eclore.se/fi/products/nurme-harbottenolja-rosmarin-harvaxt-100ml
gid://shopify/Article/1004220711242,ARTICLE,body_html,fi,https://www.eclore.se/collections/harbotten,https://www.eclore.se/fi/collections/harbotten
gid://shopify/Article/1004220711242,ARTICLE,body_html,fi,https://www.eclore.se/collections/harolja,https://www.eclore.se/fi/collections/harolja
